time,BulkRi_hub
2024-06-17 05:00:00,-1.5739319286598936
2024-06-17 05:10:00,-1.8382654059254273
2024-06-17 05:20:00,-5.212468266114274
2024-06-17 05:30:00,-1.7977659829744848
2024-06-17 05:40:00,-0.697997180089678
2024-06-17 05:50:00,0.5805238170815203
2024-06-17 06:00:00,0.5630443448209574
2024-06-17 06:10:00,0.9022975935814994
2024-06-17 06:20:00,0.7830590371767338
2024-06-17 06:30:00,1.7235148386348809
2024-06-17 06:40:00,-0.9626529919711957
2024-06-17 06:50:00,0.8171859967729835
2024-06-17 07:00:00,0.09040894112155687
2024-06-17 07:10:00,0.17067390676484118
2024-06-17 07:20:00,0.11170129945410442
2024-06-17 07:30:00,-0.06477844283991233
2024-06-17 07:40:00,0.10073086842513036
2024-06-17 07:50:00,0.2169656898603493
2024-06-17 08:00:00,0.28334668108684374
2024-06-17 08:10:00,0.5951087610520291
2024-06-17 08:20:00,0.3253767182346199
2024-06-17 08:30:00,-0.024430775791454883
2024-06-17 08:40:00,0.339075484433906
2024-06-17 08:50:00,0.5647882780220201
2024-06-17 09:00:00,0.30524956017227683
2024-06-17 09:10:00,0.0804096818021084
2024-06-17 09:20:00,0.04310474111722367
2024-06-17 09:30:00,0.16618176849320632
2024-06-17 09:40:00,0.16486930095051003
2024-06-17 09:50:00,0.0828922770505256
2024-06-17 10:00:00,0.07505268017220063
2024-06-17 10:10:00,0.4125262010313759
2024-06-17 10:20:00,0.11749264094194253
2024-06-17 10:30:00,0.28232352858707405
2024-06-17 10:40:00,0.05692420936198135
2024-06-17 10:50:00,0.13339740801358285
2024-06-17 11:00:00,0.08910496750806335
2024-06-17 11:10:00,0.16566120461717246
2024-06-17 11:20:00,0.17617788580100244
2024-06-17 11:30:00,0.12315353850100193
2024-06-17 11:40:00,0.18159293059930337
2024-06-17 11:50:00,0.18706310417828093
2024-06-17 12:00:00,0.16054084701755683
2024-06-17 12:10:00,0.1915068846172183
2024-06-17 12:20:00,0.2982191357015296
2024-06-17 12:30:00,0.3932209979153217
2024-06-17 12:40:00,0.31295796528215125
2024-06-17 12:50:00,0.2597024794793987
2024-06-17 13:00:00,0.24283846275368512
2024-06-17 13:10:00,0.7910123602218592
2024-06-17 13:20:00,0.39000308897681046
2024-06-17 13:30:00,0.24904535848942122
2024-06-17 13:40:00,0.20548748617044518
2024-06-17 13:50:00,0.1345258313928269
2024-06-17 14:00:00,0.2304557078546365
2024-06-17 14:10:00,0.19249835091913772
2024-06-17 14:20:00,0.2392654846470234
2024-06-17 14:30:00,0.24938201758736867
2024-06-17 14:40:00,0.21597539712808037
2024-06-17 14:50:00,0.23671997158768157
2024-06-17 15:00:00,0.279050133433714
2024-06-17 15:10:00,0.4503156054278884
2024-06-17 15:20:00,0.7729850518636563
2024-06-17 15:30:00,0.6686349342274374
2024-06-17 15:40:00,0.8254428365359124
2024-06-17 15:50:00,0.30677054815951715
2024-06-17 16:00:00,0.27631664715201243
2024-06-17 16:10:00,0.3444582550980877
2024-06-17 16:20:00,0.28432524523195984
2024-06-17 16:30:00,0.19232952769764436
2024-06-17 16:40:00,0.21690587981835657
2024-06-17 16:50:00,0.21255823831455675
2024-06-17 17:00:00,0.2771574043580753
2024-06-17 17:10:00,0.2936512025765785
2024-06-17 17:20:00,0.1499358725577129
2024-06-17 17:30:00,0.1310271222099302
2024-06-17 17:40:00,0.17804642598066955
2024-06-17 17:50:00,0.18462150128241145
2024-06-17 18:00:00,0.23026743584248555
2024-06-17 18:10:00,0.17106650319509706
2024-06-17 18:20:00,0.1593789559743531
2024-06-17 18:30:00,0.18031374768649938
2024-06-17 18:40:00,0.28996973340457416
2024-06-17 18:50:00,0.19060753492750573
2024-06-17 19:00:00,0.22570475728477085
2024-06-17 19:10:00,0.389540982467004
2024-06-17 19:20:00,0.333585435458962
2024-06-17 19:30:00,0.4555996153504143
2024-06-17 19:40:00,1.753577598602698
2024-06-17 19:50:00,11.55601544596105
2024-06-17 20:00:00,7.755503326054511
2024-06-17 20:10:00,3.6016031599772487
2024-06-17 20:20:00,2.3894689130769162
2024-06-17 20:30:00,6.012862216780171
2024-06-17 20:40:00,3.2151212027161606
2024-06-17 20:50:00,11.061470322346484
2024-06-17 21:00:00,4.442291285114607
2024-06-17 21:20:00,4.992976958194353
2024-06-17 21:30:00,3.7054645314019177
2024-06-17 21:40:00,1.4813441353920351
2024-06-17 21:50:00,1.7502529005636998
2024-06-17 22:00:00,1.3770293794167958
2024-06-17 22:10:00,1.3139747083266509
2024-06-17 22:20:00,0.8451943558741756
2024-06-17 22:30:00,1.0566087405869746
2024-06-17 22:40:00,1.337374441674521
2024-06-17 22:50:00,1.3485756588737432
2024-06-17 23:00:00,1.1612367445337888
2024-06-17 23:10:00,0.365066431588632
2024-06-17 23:20:00,0.22820482429853364
2024-06-17 23:30:00,0.16887004440913733
2024-06-17 23:40:00,0.23573992512562503
2024-06-17 23:50:00,0.18754372895590385
2024-06-18 00:00:00,0.1705753849514384
2024-06-18 00:10:00,0.12827616181585938
2024-06-18 00:20:00,0.12517574528299208
2024-06-18 00:30:00,0.13004333310413083
2024-06-18 00:40:00,0.15068198344868822
2024-06-18 00:50:00,0.22549464149768578
2024-06-18 01:00:00,0.2789704256704632
2024-06-18 01:10:00,0.5721977401081845
2024-06-18 01:20:00,0.19950433644485083
2024-06-18 01:30:00,0.16166703130635465
2024-06-18 01:40:00,0.17813118081282847
2024-06-18 01:50:00,0.1792105759095977
2024-06-18 02:00:00,0.1673289220712117
2024-06-18 02:10:00,0.15519871504764904
2024-06-18 02:20:00,0.16858227342927184
2024-06-18 02:30:00,0.15191037236428875
2024-06-18 02:40:00,0.12603377937932073
2024-06-18 02:50:00,0.1207700299574413
2024-06-18 03:00:00,0.14307724679160014
2024-06-18 03:10:00,0.1952055985368175
2024-06-18 03:20:00,0.16391884002828278
2024-06-18 03:30:00,0.1681367060766718
2024-06-18 03:40:00,0.18193393694166535
2024-06-18 03:50:00,0.16188746233923154
2024-06-18 04:00:00,0.15042406619418588
2024-06-18 04:10:00,0.18900394921573088
2024-06-18 04:20:00,0.14330130919768094
2024-06-18 04:30:00,0.1307437547256701
2024-06-18 04:40:00,0.14537060369190688
2024-06-18 04:50:00,0.15042482235489604
2024-06-18 05:00:00,0.15238739325982273
2024-06-18 05:10:00,0.19299604115793295
2024-06-18 05:20:00,0.2515757584303646
2024-06-18 05:30:00,0.2741016535343815
2024-06-18 05:40:00,0.21683796329829902
2024-06-18 05:50:00,0.18308079317105233
2024-06-18 06:00:00,0.2450513696011756
2024-06-18 06:10:00,0.17281295173870895
2024-06-18 06:20:00,0.17418885641150683
2024-06-18 06:30:00,0.13831659003905616
2024-06-18 06:40:00,0.12257627649118272
2024-06-18 06:50:00,0.12556295881000412
2024-06-18 07:00:00,0.13167630850918238
2024-06-18 07:10:00,0.1009230152491157
2024-06-18 07:20:00,0.16520783578135884
2024-06-18 07:30:00,0.20330308374969133
2024-06-18 07:40:00,0.16127303385437539
2024-06-18 07:50:00,0.23325819056792205
2024-06-18 08:00:00,0.2511097375980744
2024-06-18 08:10:00,0.2378025803269313
2024-06-18 08:20:00,0.29819910587611437
2024-06-18 08:30:00,0.23948148577705966
2024-06-18 08:40:00,0.4634423009451582
2024-06-18 08:50:00,0.2077984283421378
2024-06-18 09:00:00,0.23422837340949276
2024-06-18 09:10:00,0.17721156650029032
2024-06-18 09:20:00,0.1471328701959939
2024-06-18 09:30:00,0.13728248237850754
2024-06-18 09:40:00,0.17499931694671816
2024-06-18 09:50:00,0.16014229145748093
2024-06-18 10:00:00,0.13018005747812053
2024-06-18 10:10:00,0.1214511480282025
2024-06-18 10:20:00,0.11302358997326692
2024-06-18 10:30:00,0.12454773834358217
2024-06-18 10:40:00,0.13362570877111943
2024-06-18 10:50:00,0.1341791372950587
2024-06-18 11:00:00,0.154555547622204
2024-06-18 11:10:00,0.1614809212309676
2024-06-18 11:20:00,0.24101086354843418
2024-06-18 11:30:00,0.19906693244573678
2024-06-18 11:40:00,0.24011436399386016
2024-06-18 11:50:00,0.2498222899058673
2024-06-18 12:00:00,0.2146429255722988
2024-06-18 12:10:00,0.2030925337953478
2024-06-18 12:20:00,0.1760084135610414
2024-06-18 12:30:00,0.20775256977669967
2024-06-18 12:40:00,0.2629279911514981
2024-06-18 12:50:00,0.20174452314113475
2024-06-18 13:00:00,0.28149030843420925
2024-06-18 13:10:00,0.36668414844522795
2024-06-18 13:20:00,0.2500446365109021
2024-06-18 13:30:00,0.1851275618633745
2024-06-18 13:40:00,0.30846182612732426
2024-06-18 13:50:00,0.4360559966539775
2024-06-18 14:00:00,0.33075864573949487
2024-06-18 14:10:00,0.39819683655949234
2024-06-18 14:20:00,0.7484229924315985
2024-06-18 14:30:00,0.6976921833192713
2024-06-18 14:40:00,0.9134138285119778
2024-06-18 14:50:00,1.5274694902210832
2024-06-18 15:00:00,1.8791524394622066
2024-06-18 15:10:00,2.0576341293690446
2024-06-18 15:20:00,1.3054376248730877
2024-06-18 15:30:00,1.724656903979648
2024-06-18 15:40:00,3.4080644378793346
2024-06-18 15:50:00,3.375938226987226
2024-06-18 16:00:00,2.363314828731817
2024-06-18 16:10:00,2.1980371148926796
2024-06-18 16:20:00,2.600508595608925
2024-06-18 16:30:00,2.0327775712492926
2024-06-18 16:40:00,8.715259066692301
2024-06-18 16:50:00,1.0540029648627647
2024-06-18 17:00:00,0.24292770505972142
2024-06-18 17:10:00,0.1496147036697238
2024-06-18 17:20:00,0.35224530623964034
2024-06-18 17:30:00,6.9741412377130185
2024-06-18 17:40:00,2.537613099536349
2024-06-18 17:50:00,14.542912512310581
2024-06-18 18:00:00,0.9202006677107027
2024-06-18 18:10:00,0.6201167809042653
2024-06-18 18:20:00,0.5133610592893457
2024-06-18 18:30:00,29.566977326136886
2024-06-18 18:40:00,12.360150344695505
2024-06-18 18:50:00,9.009307213217408
2024-06-18 19:00:00,1.3910924015406558
2024-06-18 19:10:00,66.53221170641194
2024-06-18 19:20:00,12.639689381204207
2024-06-18 19:30:00,20.934064319340646
2024-06-18 19:40:00,2.1151767342644043
2024-06-18 19:50:00,1.342113632275704
2024-06-18 20:00:00,1.2119323984488113
2024-06-18 20:10:00,1.1245445428278225
2024-06-18 20:20:00,0.6181967649442661
2024-06-18 20:30:00,1.8491214093958284
2024-06-18 20:40:00,0.7706543838463743
2024-06-18 20:50:00,1.4668245602647219
2024-06-18 21:00:00,89.50277099626311
2024-06-18 21:10:00,4.354330846941926
2024-06-18 21:20:00,6.43971943571554
2024-06-18 21:30:00,1.2320626492794367
2024-06-18 21:40:00,0.7192037837483151
2024-06-18 21:50:00,1.1979864124283612
2024-06-18 22:00:00,1.376868467031281
2024-06-18 22:10:00,1.7904210183013045
2024-06-18 22:20:00,1.2146106850427159
2024-06-18 22:30:00,1.2358545444981979
2024-06-18 22:40:00,1.4990444165337415
2024-06-18 22:50:00,1.111705921063316
2024-06-18 23:00:00,2.85996689686796
2024-06-18 23:10:00,4.538239330256582
2024-06-18 23:20:00,5.3285303634024155
2024-06-18 23:30:00,8.135967083306076
2024-06-18 23:40:00,10.155214169320075
2024-06-18 23:50:00,4.414937909664593
2024-06-19 00:00:00,4.223011864860629
2024-06-19 00:10:00,7.615539646587349
2024-06-19 00:20:00,126.94050272878331
2024-06-19 00:30:00,24.61864555582409
2024-06-19 00:40:00,28.81844636854292
2024-06-19 00:50:00,3.4693403396574607
2024-06-19 01:00:00,10.23077504460869
2024-06-19 01:10:00,3.685497735950013
2024-06-19 01:20:00,55.000819905469356
2024-06-19 01:30:00,34.702267046331215
2024-06-19 01:40:00,1.965030894265735
2024-06-19 01:50:00,6.3309192705330934
2024-06-19 02:00:00,17.965140864827895
2024-06-19 02:10:00,33.51440836931068
2024-06-19 02:20:00,28.727322286346745
2024-06-19 02:30:00,30.341895299527962
2024-06-19 02:40:00,190.33273096709118
2024-06-19 02:50:00,34.6564077554095
2024-06-19 03:00:00,22.632726599750747
2024-06-19 03:10:00,5.324842160608785
2024-06-19 03:20:00,1.8894989124749633
2024-06-19 03:30:00,3.335059396266445
2024-06-19 03:40:00,5.241593140284819
2024-06-19 03:50:00,3.586781516582215
2024-06-19 04:00:00,5.505420419103132
2024-06-19 04:10:00,4.860548065799037
2024-06-19 04:20:00,6.911275170130455
2024-06-19 04:30:00,3.813748247919046
2024-06-19 04:40:00,5.336087030380458
2024-06-19 04:50:00,5.758535145787315
2024-06-19 05:00:00,1.2578493949113134
2024-06-19 05:10:00,0.9554476375854705
2024-06-19 05:20:00,0.4802307408788967
2024-06-19 05:30:00,3.7906384122256167
2024-06-19 05:40:00,1.2020718553755518
2024-06-19 10:30:00,25.978301929157773
2024-06-19 10:40:00,45.302422235734426
2024-06-19 10:50:00,13.636310365076943
2024-06-19 11:00:00,32.273508150480964
2024-06-19 11:10:00,7.95379788964353
2024-06-19 11:20:00,9.078733036754606
2024-06-19 11:30:00,4.793681501723304
2024-06-19 11:40:00,1.6295212701231587
2024-06-19 11:50:00,2.434914398292617
2024-06-19 12:00:00,1.5796704329833129
2024-06-19 12:10:00,1.2949692017495233
2024-06-19 12:20:00,1.466970814682216
2024-06-19 12:30:00,2.1809846123427414
2024-06-19 12:40:00,2.0622139704496365
2024-06-19 12:50:00,1.1026979778294428
2024-06-19 13:00:00,0.9380489158952597
2024-06-19 13:10:00,1.0572565381204264
2024-06-19 13:20:00,0.8380891803460068
2024-06-19 13:30:00,1.0328700132982656
2024-06-19 13:40:00,1.3379763070559543
2024-06-19 13:50:00,1.1407855814166865
2024-06-19 14:00:00,1.0004160220653768
2024-06-19 14:10:00,1.622617907372481
2024-06-19 14:20:00,4.2384055279034865
2024-06-19 14:30:00,2.012852899283644
2024-06-19 14:40:00,3.511927822189982
2024-06-19 14:50:00,2.530213073980071
2024-06-19 15:00:00,10.255381031815332
2024-06-19 15:10:00,15.747481814235217
2024-06-19 15:20:00,9.620191460702353
2024-06-19 15:30:00,9.812661335003575
2024-06-19 15:40:00,7.098598590548397
2024-06-19 15:50:00,6.89262303999136
2024-06-19 16:00:00,4.7110453364319955
2024-06-19 16:10:00,9.345906764113357
2024-06-19 16:20:00,8.943880795692515
2024-06-19 16:30:00,6.226873831000534
2024-06-19 16:40:00,8.593365247612924
2024-06-19 16:50:00,6.170351852481223
2024-06-19 17:00:00,4.509587977277875
2024-06-19 17:10:00,5.494854201513474
2024-06-19 17:20:00,4.388544455042597
2024-06-19 17:30:00,3.381917049437568
2024-06-19 17:40:00,3.834659203928989
2024-06-19 17:50:00,3.5178978327000383
2024-06-19 18:00:00,5.864045530222812
2024-06-19 18:10:00,3.7938584763565246
2024-06-19 18:20:00,6.660567836055152
2024-06-19 18:30:00,3.6398961941220485
2024-06-19 18:40:00,4.491576829186191
2024-06-19 18:50:00,5.096099502341536
2024-06-19 19:00:00,4.833611321197038
2024-06-19 19:10:00,11.648181838765954
2024-06-19 19:20:00,11.361206316300535
2024-06-19 19:30:00,10.124480503210902
2024-06-19 19:40:00,16.926404876303284
2024-06-19 19:50:00,20.44212634340148
2024-06-19 20:00:00,10.254514641364734
2024-06-19 20:10:00,7.90936805851172
2024-06-19 20:20:00,14.788793934115146
2024-06-19 20:30:00,9.990953033499654
2024-06-19 20:40:00,311.8778417821532
2024-06-19 20:50:00,27.223006573051066
2024-06-19 21:00:00,96.35203456631093
2024-06-19 21:10:00,0.3796613637950787
2024-06-19 21:20:00,0.5484815708596062
2024-06-19 21:30:00,0.3369829842754675
2024-06-19 21:40:00,0.3090758310310579
2024-06-19 21:50:00,0.27383709605403633
2024-06-19 22:00:00,0.31399015907281197
2024-06-19 22:10:00,0.2758366048999728
2024-06-19 22:20:00,0.40608600477937756
2024-06-19 22:30:00,0.6984446002454728
2024-06-19 22:40:00,0.9434080080164342
2024-06-19 22:50:00,1.2925505824573527
2024-06-19 23:00:00,2.036672701079464
2024-06-19 23:10:00,2.686665027944458
2024-06-19 23:20:00,5.37929975762474
2024-06-19 23:30:00,14.392102261410482
2024-06-19 23:40:00,7.300389469299976
2024-06-19 23:50:00,19.366562984034186
2024-06-20 00:00:00,74.53384108453561
2024-06-20 00:10:00,17.030292250612543
2024-06-20 00:20:00,4.8351579608347715
2024-06-20 00:30:00,3.0056993467475195
2024-06-20 00:40:00,12.412327975379645
2024-06-20 00:50:00,10.198839667826762
2024-06-20 01:00:00,8.007131968848997
2024-06-20 01:10:00,16.57724895281956
2024-06-20 01:20:00,7.476605038024834
2024-06-20 01:30:00,9.43253839950932
2024-06-20 01:40:00,2.2606592677460298
2024-06-20 01:50:00,4.245177804802093
2024-06-20 02:00:00,9.826386012900311
2024-06-20 02:10:00,14.071658811713181
2024-06-20 02:20:00,14.003933390293849
2024-06-20 02:30:00,20.870776880643465
2024-06-20 02:40:00,11.553729913367274
2024-06-20 02:50:00,123.05846045166665
2024-06-20 03:00:00,5.374375097584632
2024-06-20 03:10:00,4.5022455337966765
2024-06-20 03:20:00,2.393800484520556
2024-06-20 03:30:00,0.6969685627080597
2024-06-20 03:40:00,0.15906981843015286
2024-06-20 03:50:00,0.20284969127575764
2024-06-20 04:00:00,0.5607169571269198
2024-06-20 04:10:00,1.136496942468383
2024-06-20 04:20:00,2.9215971348860776
2024-06-20 04:30:00,0.9726319580168495
2024-06-20 04:40:00,0.29157888561033096
2024-06-20 04:50:00,0.6436861628592563
2024-06-20 05:00:00,0.5096689823394787
2024-06-20 05:10:00,0.6484331761255314
2024-06-20 05:20:00,0.4968537892346551
2024-06-20 05:30:00,0.41165053443447003
2024-06-20 05:40:00,1.7124996496261953
2024-06-20 11:30:00,0.10042369217813973
2024-06-20 11:40:00,0.21268146818512454
2024-06-20 11:50:00,0.2628175683003192
2024-06-20 12:00:00,0.34271780145064173
2024-06-20 12:10:00,0.26715024866828463
2024-06-20 12:20:00,0.2514966764743085
2024-06-20 12:30:00,0.45320898129887166
2024-06-20 12:40:00,0.4031752723196874
2024-06-20 12:50:00,0.4187090079233563
2024-06-20 13:00:00,0.30830282230646594
2024-06-20 13:10:00,0.3552407087926506
2024-06-20 13:20:00,0.2880086960413529
2024-06-20 13:30:00,0.5209404755225984
2024-06-20 13:40:00,0.5191703040801142
2024-06-20 13:50:00,0.5003531239872316
2024-06-20 14:00:00,0.39152637550320074
2024-06-20 14:10:00,0.31442945982330933
2024-06-20 14:20:00,0.33015371210034106
2024-06-20 14:30:00,0.23176957533978138
2024-06-20 14:40:00,0.23394486799067757
2024-06-20 14:50:00,0.20894291845755042
2024-06-20 15:00:00,0.1986206784580795
2024-06-20 15:10:00,0.21107450058914093
2024-06-20 15:20:00,0.24446444982137588
2024-06-20 15:30:00,0.19254636502672795
2024-06-20 15:40:00,0.2120609011555893
2024-06-20 15:50:00,0.2752331049211819
2024-06-20 16:00:00,0.32660844184511856
2024-06-20 16:10:00,0.35143726036309086
2024-06-20 16:20:00,0.21750547974992696
2024-06-20 16:30:00,0.1898122827903896
2024-06-20 16:40:00,0.23554225080470076
2024-06-20 16:50:00,0.1940483233528766
2024-06-20 17:00:00,0.16604515849337523
2024-06-20 17:10:00,0.2060139939464242
2024-06-20 17:20:00,0.25207010441651345
2024-06-20 17:30:00,0.2082959467404319
2024-06-20 17:40:00,0.24853200053667673
2024-06-20 17:50:00,0.27504198076276787
2024-06-20 18:00:00,0.28596357561562774
2024-06-20 18:10:00,0.26150345560901456
2024-06-20 18:20:00,0.2358027790465153
2024-06-20 18:30:00,0.24445932702967738
2024-06-20 18:40:00,0.2561595999166706
2024-06-20 18:50:00,0.23436961700311248
2024-06-20 19:00:00,0.2881923062794965
2024-06-20 19:10:00,0.27305577905778555
2024-06-20 19:20:00,0.23106648990796175
2024-06-20 19:30:00,0.2211919503456796
2024-06-20 19:40:00,0.24826740327583072
2024-06-20 19:50:00,0.22307156831232355
2024-06-20 20:00:00,0.3759238157446794
2024-06-20 20:10:00,0.5019583330566179
2024-06-20 20:20:00,0.30777965905322946
2024-06-20 20:30:00,0.9065732865886714
2024-06-20 20:40:00,2.308283164085719
2024-06-20 20:50:00,0.5496194422396715
2024-06-20 21:00:00,0.3638382602204499
2024-06-20 21:10:00,0.2738614379591828
2024-06-20 21:20:00,0.2050809866497105
2024-06-20 21:30:00,0.21684787006601366
2024-06-20 21:40:00,0.25202850098831026
2024-06-20 21:50:00,0.24826839703521325
2024-06-20 22:00:00,0.27571986067319343
2024-06-20 22:10:00,0.4576624482338864
2024-06-20 22:20:00,0.6325559522821974
2024-06-20 22:30:00,0.4830806609804701
2024-06-20 22:40:00,0.33355606551481853
2024-06-20 22:50:00,0.2552141077843085
2024-06-20 23:00:00,0.20136583970943872
2024-06-20 23:10:00,0.18652210194409735
2024-06-20 23:20:00,0.19633575293110397
2024-06-20 23:30:00,0.19623771712173557
2024-06-20 23:40:00,0.20566096761829722
2024-06-20 23:50:00,0.390338114043042
2024-06-21 00:00:00,0.368511345230406
2024-06-21 00:10:00,0.36535881620850025
2024-06-21 00:20:00,0.25530501583379417
2024-06-21 00:30:00,0.2011453020358436
2024-06-21 00:40:00,0.19379388233108855
2024-06-21 00:50:00,0.19580101186234125
2024-06-21 01:00:00,0.20181080238258609
2024-06-21 01:10:00,0.21052081665289976
2024-06-21 01:20:00,0.19672817726408012
2024-06-21 01:30:00,0.1827776580106964
2024-06-21 01:40:00,0.18401841652687614
2024-06-21 01:50:00,0.17026336714785997
2024-06-21 02:00:00,0.1859885917346587
2024-06-21 02:10:00,0.22523509903833047
2024-06-21 02:20:00,0.17028058388869782
2024-06-21 02:30:00,0.17555008234408537
2024-06-21 02:40:00,0.1674620614953484
2024-06-21 02:50:00,0.20361770511168784
2024-06-21 03:00:00,0.2455980651772245
2024-06-21 03:10:00,0.2296018074828391
2024-06-21 03:20:00,0.18140112049278986
2024-06-21 03:30:00,0.19912809428858227
2024-06-21 03:40:00,0.22404954415281475
2024-06-21 03:50:00,0.31215438025249037
2024-06-21 04:00:00,0.2426091667723386
2024-06-21 04:10:00,0.32697792259445996
2024-06-21 04:20:00,0.2474891269991897
2024-06-21 04:30:00,0.19480711471259515
2024-06-21 04:40:00,0.3651190567056499
2024-06-21 04:50:00,0.26567068386281045
2024-06-21 05:00:00,0.34635372365209544
2024-06-21 05:10:00,4.6131302127006775
2024-06-21 05:20:00,0.23352165980099074
2024-06-21 05:30:00,0.2093941538861072
2024-06-21 10:50:00,0.34304887003065326
2024-06-21 11:10:00,0.3408027214612746
2024-06-21 11:20:00,0.37191071229480654
2024-06-21 11:30:00,0.42959833870777575
2024-06-21 11:40:00,0.4454539518826359
2024-06-21 11:50:00,0.4606648067435961
2024-06-21 12:00:00,0.411593101274143
2024-06-21 12:10:00,0.569200065688413
2024-06-21 12:20:00,0.6353071748665811
2024-06-21 12:30:00,0.5552881898686456
2024-06-21 12:40:00,0.6366878662779365
2024-06-21 12:50:00,0.7450647318985134
2024-06-21 13:00:00,0.7479796486959583
2024-06-21 13:10:00,0.5086038885312226
2024-06-21 13:20:00,0.6333119497772364
2024-06-21 13:30:00,0.5212023763557015
2024-06-21 13:40:00,0.49378580966067365
2024-06-21 13:50:00,0.5061176836154118
2024-06-21 14:00:00,0.4637548555535517
2024-06-21 14:10:00,0.45770710263828784
2024-06-21 14:20:00,0.4277627454088745
2024-06-21 14:30:00,0.3786304864239424
2024-06-21 14:40:00,0.3671768225751088
2024-06-21 14:50:00,0.3176547567171365
2024-06-21 15:00:00,0.47514051251382533
2024-06-21 15:10:00,0.4135469917143922
2024-06-21 15:20:00,0.4625470332702387
2024-06-21 15:30:00,0.4052325805525903
2024-06-21 15:40:00,0.3602115686163637
2024-06-21 15:50:00,0.4168917848258838
2024-06-21 16:00:00,0.37911493698592647
2024-06-21 16:10:00,0.3601598299483708
2024-06-21 16:20:00,0.45200570184254163
2024-06-21 16:30:00,0.29290797037168137
2024-06-21 16:40:00,0.25804549316489606
2024-06-21 16:50:00,0.22998616103603642
2024-06-21 17:00:00,0.19559645222437727
2024-06-21 17:10:00,0.3521934267238905
2024-06-21 17:20:00,0.3029003692833923
2024-06-21 17:30:00,0.3024668984618739
2024-06-21 17:40:00,0.3262966744814597
2024-06-21 17:50:00,0.33427823788382427
2024-06-21 18:00:00,0.3917818623347796
2024-06-21 18:10:00,0.42134582366159334
2024-06-21 18:20:00,0.5420069435183358
2024-06-21 18:30:00,0.5936242319043196
2024-06-21 18:40:00,0.7855584056119495
2024-06-21 18:50:00,0.5825851415537712
2024-06-21 19:00:00,0.7686924875573117
2024-06-21 19:10:00,0.5948626825915222
2024-06-21 19:20:00,0.6086636945654486
2024-06-21 19:30:00,0.5566602152709265
2024-06-21 19:40:00,0.40235602781048263
2024-06-21 19:50:00,0.3632065267780126
2024-06-21 20:00:00,0.3172079650742936
2024-06-21 20:10:00,0.3807743642487236
2024-06-21 20:20:00,0.49709680999225414
2024-06-21 20:30:00,0.45891043704000145
2024-06-21 20:40:00,0.40459124269128166
2024-06-21 20:50:00,0.29757683057595463
2024-06-21 21:00:00,0.40126319433925073
2024-06-21 21:10:00,0.29466447821106223
2024-06-21 21:20:00,0.4145232142047581
2024-06-21 21:30:00,0.31912470632288376
2024-06-21 21:40:00,0.4487541505561141
2024-06-21 21:50:00,0.4705708075560347
2024-06-21 22:00:00,0.585995664514453
2024-06-21 22:10:00,0.24237016598603028
2024-06-21 22:20:00,0.24028149883280403
2024-06-21 22:30:00,0.22468055237953866
2024-06-21 22:40:00,0.17157994555605044
2024-06-21 22:50:00,0.21443199650415568
2024-06-21 23:00:00,0.23859755469333707
2024-06-21 23:10:00,0.2566375215287989
2024-06-21 23:20:00,0.328690251842668
2024-06-21 23:30:00,0.42640452659281697
2024-06-21 23:40:00,0.3142581319455751
2024-06-21 23:50:00,0.4545960558040645
2024-06-22 00:00:00,0.44781274706722934
2024-06-22 00:10:00,0.32334532472992306
2024-06-22 00:20:00,0.35075018704646405
2024-06-22 00:30:00,0.3209743107628678
2024-06-22 00:40:00,1.2012885345891453
2024-06-22 00:50:00,0.5546460224359353
2024-06-22 01:00:00,0.402122818789059
2024-06-22 01:10:00,0.2754098356873632
2024-06-22 01:20:00,0.1874852211209316
2024-06-22 01:30:00,0.2939334861035561
2024-06-22 01:40:00,0.507255291865072
2024-06-22 01:50:00,0.5834812167818072
2024-06-22 02:00:00,0.45108910432041227
2024-06-22 02:10:00,0.20087252920795212
2024-06-22 02:20:00,0.3628839991149774
2024-06-22 02:30:00,-0.07252480826393971
2024-06-22 02:40:00,0.45500754318455033
2024-06-22 02:50:00,0.32804523817966796
2024-06-22 03:00:00,0.5688089018221388
2024-06-22 03:10:00,0.8906807958098412
2024-06-22 03:20:00,1.2229445053019379
2024-06-22 03:30:00,1.10253400714423
2024-06-22 03:40:00,0.3206051538188407
2024-06-22 03:50:00,0.41519594733873194
2024-06-22 04:00:00,0.48390026469871195
2024-06-22 04:10:00,0.14010795478778576
2024-06-22 04:20:00,0.208749714052552
2024-06-22 04:30:00,0.1797237431193323
2024-06-22 04:40:00,0.21203396483878253
2024-06-22 04:50:00,0.26783008619832943
2024-06-22 05:00:00,0.2537426531132329
2024-06-22 05:10:00,0.26831853538652245
2024-06-22 05:20:00,0.43623284905225956
2024-06-22 05:30:00,0.39176134715601835
2024-06-22 05:40:00,0.4291386751433193
2024-06-22 05:50:00,0.7235052526038357
2024-06-22 06:00:00,0.49639538323826293
2024-06-22 06:10:00,0.5543149539297906
2024-06-22 06:20:00,0.4275891382554952
2024-06-22 06:30:00,0.2835749921568565
2024-06-22 06:40:00,0.3054156897244492
2024-06-22 06:50:00,0.24245668802878725
2024-06-22 07:00:00,0.21664655260985236
2024-06-22 07:10:00,0.21711856736534196
2024-06-22 07:20:00,0.4126257455675082
2024-06-22 07:30:00,0.5243454474974297
2024-06-22 07:40:00,0.3587211875768408
2024-06-22 07:50:00,0.4349338407363568
2024-06-22 08:00:00,0.618260050839823
2024-06-22 08:10:00,0.47072909184730255
2024-06-22 08:20:00,0.24524291102893683
2024-06-22 08:30:00,0.28037165010040266
2024-06-22 08:40:00,0.3044554995481719
2024-06-22 08:50:00,0.48941788251471435
2024-06-22 10:00:00,0.07193216297909223
2024-06-22 10:10:00,0.16273763869747798
2024-06-22 10:20:00,0.5962110736382521
2024-06-22 10:40:00,0.1960138475315463
2024-06-22 10:50:00,0.22533213362111462
2024-06-22 11:00:00,0.21051116949835272
2024-06-22 11:10:00,0.2519242552896937
2024-06-22 11:20:00,0.21766579559415136
2024-06-22 11:30:00,0.27953299361753225
2024-06-22 11:40:00,0.2545213264505015
2024-06-22 11:50:00,0.2695565579457769
2024-06-22 12:00:00,0.27830518329936677
2024-06-22 12:10:00,0.1804953907013139
2024-06-22 12:20:00,0.17513813977434034
2024-06-22 12:30:00,0.1904891518636868
2024-06-22 12:40:00,0.15948567156134835
2024-06-22 12:50:00,0.08845545435298731
2024-06-22 13:00:00,0.19510738053856733
2024-06-22 13:10:00,0.160249464578591
2024-06-22 13:20:00,0.2147955977991944
2024-06-22 13:30:00,0.5039747884677416
2024-06-22 13:40:00,0.5127767711349842
2024-06-22 13:50:00,0.5675652841070505
2024-06-22 14:00:00,0.6402517493640408
2024-06-22 14:10:00,0.9525143540272013
2024-06-22 14:20:00,1.2857764694133178
2024-06-22 14:30:00,1.3813104649967083
2024-06-22 14:40:00,0.8907778131500459
2024-06-22 14:50:00,0.8173678686499649
2024-06-22 15:00:00,0.7735312265293791
2024-06-22 15:10:00,0.6078077209433567
2024-06-22 15:20:00,0.7644765349624175
2024-06-22 15:30:00,0.9643249474473345
2024-06-22 15:40:00,0.9378189210559701
2024-06-22 15:50:00,0.6842509158831527
2024-06-22 16:00:00,0.8377323682530861
2024-06-22 16:10:00,0.8165397035559344
2024-06-22 16:20:00,0.8621630866780339
2024-06-22 16:30:00,0.6367109085882534
2024-06-22 16:40:00,0.5007817925465824
2024-06-22 16:50:00,0.6463828949050382
2024-06-22 17:00:00,0.7475638460727068
2024-06-22 17:10:00,0.8303632898822508
2024-06-22 17:20:00,0.7896168243106352
2024-06-22 17:30:00,0.705949435550391
2024-06-22 17:40:00,0.8431985411431108
2024-06-22 17:50:00,0.7810643656603252
2024-06-22 18:00:00,0.718410779949002
2024-06-22 18:10:00,1.0708464286752741
2024-06-22 18:20:00,2.3980113740611575
2024-06-22 18:30:00,1.7428542403818426
2024-06-22 18:40:00,-4.800563359753872
2024-06-22 18:50:00,2.3618235849732194
2024-06-22 19:00:00,-17.95665152047085
2024-06-22 19:10:00,0.676110335759033
2024-06-22 19:20:00,6.26848769384986
2024-06-22 19:30:00,5.8370532939920325
2024-06-22 19:40:00,3.8223496894412587
2024-06-22 19:50:00,0.4759544398731563
2024-06-22 20:00:00,0.16150730345399564
2024-06-22 20:50:00,0.3015229999925449
2024-06-22 23:40:00,8.944690674251747
2024-06-29 05:00:00,-5.586949423161157
2024-06-29 05:10:00,-64.9911711425729
2024-06-29 05:20:00,-9.828823520895787
2024-06-29 05:30:00,-3.583319842661468
2024-06-29 05:40:00,-4.729720537138642
2024-06-29 05:50:00,-0.6545187341017265
2024-06-29 06:10:00,-3.5352336650368916
2024-06-29 06:20:00,-4.386562884524796
2024-06-29 06:30:00,-11.587728953340646
2024-06-29 06:40:00,-258.54873676053046
2024-06-29 06:50:00,0.23919388062517222
2024-06-29 07:00:00,-16.2153865900592
2024-06-29 07:10:00,-16.43965791995057
2024-06-29 07:20:00,-11.095794134571651
2024-06-29 07:30:00,-67.62691927182415
2024-06-29 07:40:00,-15.403061945485826
2024-06-29 07:50:00,-19.082020056908792
2024-06-29 08:00:00,-1.5871640026237783
2024-06-29 08:10:00,-20.510314481711397
2024-06-29 08:20:00,-1337.8737383595706
2024-06-29 08:30:00,-247.9294405398033
2024-06-29 08:40:00,-14.146684361823432
2024-06-29 08:50:00,-46.79736312524425
2024-06-29 09:00:00,-44.081363463547326
2024-06-29 09:10:00,-0.2973440115563635
2024-06-29 09:20:00,-3.5473466909592726
2024-06-29 09:30:00,-9.035907568608685
2024-06-29 09:40:00,-1.8313476355753568
2024-06-29 09:50:00,-11.151037022911048
2024-06-29 10:10:00,-1.9265968280645163
2024-06-29 10:20:00,-1.2848190372393173
2024-06-29 10:30:00,-66.02829258736922
2024-06-29 10:40:00,1.5423530089852944
2024-06-29 10:50:00,-5.817026185142446
2024-06-29 11:00:00,-9.056502638056886
2024-06-29 11:10:00,-331.25348380351636
2024-06-29 11:20:00,-63.61139644755641
2024-06-29 11:30:00,-3.1461438895111153
2024-06-29 11:40:00,-4.704156089746451
2024-06-29 11:50:00,-6.962626148583875
2024-06-29 12:00:00,-9.377667083399457
2024-06-29 12:10:00,-41.03329530887473
2024-06-29 12:20:00,-14.584960676578518
2024-06-29 12:30:00,-19.689154803454542
2024-06-29 12:40:00,-813.2937698418133
2024-06-29 12:50:00,-4.787844044990428
2024-06-29 13:00:00,-1.2706835962416472
2024-06-29 13:10:00,-37.218726294062904
2024-06-29 13:20:00,-5.574871315012106
2024-06-29 13:30:00,8.829039368441242
2024-06-29 13:40:00,-1.4537725201450729
2024-06-29 13:50:00,-10.323891492008903
2024-06-29 14:00:00,1.0689355933140132
2024-06-29 14:10:00,-4.009225055373461
2024-06-29 14:20:00,0.7482228042276295
2024-06-29 14:30:00,5.37450513942735
2024-06-29 14:40:00,1.4172662601257906
2024-06-29 14:50:00,1.1438624807849673
2024-06-29 15:00:00,3.287298474750308
2024-06-29 15:10:00,4.254794358329144
2024-06-29 15:20:00,5.340071186874611
2024-06-29 15:30:00,24.298137375512415
2024-06-29 15:40:00,3.983314813418614
2024-06-29 15:50:00,20.69601898986943
2024-06-29 16:00:00,2.0165063022450656
2024-06-29 16:10:00,4.272957495699929
2024-06-29 16:20:00,1.302786434635644
2024-06-29 16:30:00,1.259307813796431
2024-06-29 16:40:00,1.9764455219786914
2024-06-29 16:50:00,1.4755868827365815
2024-06-29 17:00:00,1.9963720561704794
2024-06-29 17:10:00,0.5787892711805099
2024-06-29 17:20:00,0.4591300429958946
2024-06-29 17:30:00,0.5343268710129792
2024-06-29 17:40:00,0.4261198185351606
2024-06-29 17:50:00,0.2534683333115731
2024-06-29 18:00:00,0.9143786530796463
2024-06-29 18:10:00,0.3354134457784239
2024-06-29 18:20:00,0.2785345530635932
2024-06-29 18:30:00,0.37439846486122674
2024-06-29 18:40:00,0.2770349495599412
2024-06-29 18:50:00,0.4319225846501721
2024-06-29 19:00:00,0.388630354040176
2024-06-29 19:10:00,0.4790195987397684
2024-06-29 19:20:00,0.5049237216754842
2024-06-29 19:30:00,0.23765995312034863
2024-06-29 19:40:00,0.3442399832757046
2024-06-29 19:50:00,0.24574502719644406
2024-06-29 20:00:00,0.2699368201381843
2024-06-29 20:10:00,0.3312246426159053
2024-06-29 20:20:00,0.4166114169422116
2024-06-29 20:30:00,0.24420494380057256
2024-06-29 20:40:00,0.23555136408765
2024-06-29 20:50:00,0.24716651694433028
2024-06-29 21:00:00,0.24549164574332796
2024-06-29 21:10:00,0.19990871353691542
2024-06-29 21:20:00,0.22614137486008035
2024-06-29 21:30:00,0.16144290860595176
2024-06-29 21:40:00,0.24583304656238777
2024-06-29 21:50:00,0.16780964968269219
2024-06-29 22:00:00,0.23232638411024037
2024-06-29 22:10:00,0.20980542447202943
2024-06-29 22:20:00,0.15515924754224078
2024-06-29 22:30:00,0.15659110694489506
2024-06-29 22:40:00,0.13249668690276617
2024-06-29 22:50:00,0.13196246917816187
2024-06-29 23:00:00,0.13190362230703373
2024-06-29 23:10:00,0.11185221760294783
2024-06-29 23:20:00,0.11542373576399717
2024-06-29 23:30:00,0.12645158116289304
2024-06-29 23:40:00,0.09952013458368832
2024-06-29 23:50:00,0.10806304157407051
2024-06-30 00:00:00,0.10456943246385174
2024-06-30 00:10:00,0.11434784060833797
2024-06-30 00:20:00,0.1226196021282578
2024-06-30 00:30:00,0.1207249818582405
2024-06-30 00:40:00,0.13494119779678312
2024-06-30 00:50:00,0.15958790585357144
2024-06-30 01:00:00,0.1632533569569581
2024-06-30 01:10:00,0.17311984598293606
2024-06-30 01:20:00,0.16076047798537316
2024-06-30 01:50:00,0.1825340473824292
2024-06-30 02:00:00,0.17368528475248882
2024-06-30 02:20:00,0.15715720663312022
2024-06-30 02:30:00,0.21910819743048465
2024-06-30 02:40:00,0.17791590946313715
2024-06-30 02:50:00,0.2955208497979983
2024-06-30 03:00:00,0.2345833964778232
2024-06-30 03:10:00,0.3431573102462594
2024-06-30 03:20:00,0.2371919692259783
2024-06-30 03:30:00,0.24946684987783382
2024-06-30 03:40:00,0.2579418988916125
2024-06-30 03:50:00,0.277367354958847
2024-06-30 04:00:00,0.21340719728195626
2024-06-30 04:10:00,0.15968374564481555
2024-06-30 04:20:00,0.20222207790937446
2024-06-30 04:30:00,0.2266658224979191
2024-06-30 04:40:00,0.20865521898970052
2024-06-30 04:50:00,0.17719154286180167
2024-06-30 13:30:00,0.34425699655129915
2024-06-30 15:00:00,0.27564419748260727
2024-06-30 15:10:00,0.540975892897061
2024-06-30 15:20:00,0.3242624826961031
2024-06-30 15:30:00,0.42647822547559733
2024-06-30 15:40:00,0.3396824534922832
2024-06-30 15:50:00,0.3837265137504845
2024-06-30 16:00:00,0.46685967946432944
2024-06-30 16:10:00,0.40785526754221935
2024-06-30 16:20:00,0.26446588683315453
2024-06-30 16:30:00,0.21823797896787658
2024-06-30 16:40:00,0.27926790899188936
2024-06-30 16:50:00,0.2880924251511321
2024-06-30 17:00:00,0.24888666034397067
2024-06-30 17:10:00,0.3191577901222271
2024-06-30 17:20:00,0.3975227074285201
2024-06-30 17:30:00,0.665049710618452
2024-06-30 17:40:00,0.30750710967755435
2024-06-30 17:50:00,0.5281121638255261
2024-06-30 18:00:00,0.413865612495503
2024-06-30 18:10:00,0.4374130436448095
2024-06-30 18:20:00,0.644117258055166
2024-06-30 18:30:00,0.31315685138828486
2024-06-30 18:40:00,0.36250132804754504
2024-06-30 18:50:00,0.24177846768048197
2024-06-30 19:00:00,0.28715270661836706
2024-06-30 19:10:00,0.4726146206350134
2024-06-30 19:20:00,0.70060131226025
2024-06-30 19:30:00,0.5357267481897965
2024-06-30 19:40:00,0.9271358973451441
2024-06-30 19:50:00,0.7629871191438554
2024-06-30 20:00:00,0.4710372032927415
2024-06-30 20:40:00,0.7207457196185333
2024-06-30 20:50:00,0.6953225347144731
2024-06-30 21:00:00,0.47488869066451894
2024-06-30 21:10:00,0.47446157436874337
2024-06-30 21:20:00,0.18463226300645755
2024-06-30 21:50:00,-0.193574572248095
2024-06-30 22:00:00,1.912635601698912
2024-06-30 22:10:00,0.7306734897127969
2024-06-30 22:20:00,0.5139885024792862
2024-06-30 22:30:00,0.46708154004925423
2024-06-30 22:40:00,0.6825162506363018
2024-06-30 22:50:00,4.5118804156374805
2024-06-30 23:00:00,0.7832214622846089
2024-06-30 23:10:00,0.2985791615729246
2024-06-30 23:20:00,0.3023434677883243
2024-06-30 23:30:00,0.25417835958001395
2024-06-30 23:40:00,0.3766982922393008
2024-06-30 23:50:00,0.28691802437369784
2024-07-01 00:30:00,0.1766084737989697
2024-07-01 00:40:00,0.0947687076142208
2024-07-01 00:50:00,0.14808063921197734
2024-07-01 01:00:00,0.21643718059412098
2024-07-01 01:10:00,0.21809777645450143
2024-07-01 03:30:00,0.8094178681495121
2024-07-01 03:40:00,0.5199590682166358
2024-07-01 03:50:00,0.8007231351566466
2024-07-01 04:00:00,0.15398386627331254
2024-07-01 04:10:00,0.5508451126965298
2024-07-01 04:20:00,0.3658960595439987
2024-07-01 04:30:00,0.9729085869537407
2024-07-01 04:40:00,3.4206435764497005
2024-07-01 04:50:00,1.3885595386089449
2024-07-01 05:00:00,1.9200156151456362
2024-07-01 05:10:00,0.22429827158070476
2024-07-01 05:20:00,0.1663716145474075
2024-07-01 05:30:00,0.3667953403394252
2024-07-01 05:40:00,0.5815894368237239
2024-07-01 05:50:00,0.25393673534550254
2024-07-01 07:20:00,0.21596862971508463
2024-07-01 07:30:00,0.23761157774994054
2024-07-01 07:40:00,0.21402535954050178
2024-07-01 07:50:00,0.6948376991194476
2024-07-01 08:00:00,1.1480189359846658
2024-07-01 08:10:00,1.2501388256041153
2024-07-01 08:20:00,1.4904556940232287
2024-07-01 08:30:00,1.5165281766305527
2024-07-01 08:40:00,0.6264131744699364
2024-07-01 08:50:00,2.0196816693651196
2024-07-01 09:00:00,0.8503622791378879
2024-07-01 09:10:00,0.6400120533399115
2024-07-01 09:20:00,0.345393804029845
2024-07-01 09:30:00,0.42521371599273616
2024-07-01 09:40:00,0.35157736037858656
2024-07-01 09:50:00,0.39424408295589963
2024-07-01 10:00:00,0.45231703312059934
2024-07-01 10:10:00,0.4909090844433142
2024-07-01 10:20:00,0.5788686841381823
2024-07-01 10:30:00,0.33403350095290524
2024-07-01 10:40:00,0.30731509807763635
2024-07-01 10:50:00,0.5411013714683126
2024-07-01 11:00:00,0.19923190289152456
2024-07-01 11:10:00,0.26166386063057373
2024-07-01 11:20:00,0.38461010235972143
2024-07-01 11:30:00,0.42335290770655326
2024-07-01 11:40:00,0.5469985680999561
2024-07-01 11:50:00,0.34697110924531105
2024-07-01 12:00:00,0.24778414177087577
2024-07-01 12:10:00,0.2498930062516892
2024-07-01 12:20:00,0.1980109692324685
2024-07-01 12:30:00,0.15589542922942154
2024-07-01 12:40:00,0.1369704289178967
2024-07-01 12:50:00,0.16623229880910423
2024-07-01 13:00:00,0.09200385675472045
2024-07-01 13:10:00,0.10192698859715106
2024-07-01 13:20:00,0.12654208627452035
2024-07-01 13:30:00,0.09599247585341267
2024-07-01 13:40:00,0.16600241148377246
2024-07-01 13:50:00,0.13286664613734092
2024-07-01 14:00:00,0.11998235807933573
2024-07-01 14:10:00,0.11216811663348049
2024-07-01 14:20:00,0.16466710359446496
2024-07-01 14:30:00,0.08320487819143511
2024-07-01 14:40:00,0.2285588959443217
2024-07-01 14:50:00,1.2377816086029199
2024-07-01 15:00:00,2.708956230354312
2024-07-01 15:10:00,1.608596566794652
2024-07-01 15:20:00,0.8728539502705915
2024-07-01 15:30:00,1.0575963164144069
2024-07-01 15:40:00,2.6164948270784048
2024-07-01 15:50:00,2.0371656427300113
2024-07-01 16:00:00,2.2037547479557786
2024-07-01 16:10:00,2.6141630610294646
2024-07-01 16:20:00,2.699650644004463
2024-07-01 16:30:00,0.9242732699470293
2024-07-01 16:40:00,0.774547720743834
2024-07-01 16:50:00,0.9869143900511015
2024-07-01 17:00:00,0.8264938837496901
2024-07-01 17:10:00,0.6611187762893326
2024-07-01 17:20:00,0.21670198600941853
2024-07-01 17:30:00,0.10559372062347896
2024-07-01 17:40:00,0.22316027172056824
2024-07-01 17:50:00,1.616717840298202
2024-07-01 18:00:00,1.4013590793720474
2024-07-01 18:10:00,1.2817913059102446
2024-07-01 18:20:00,0.7742529731696604
2024-07-01 18:30:00,3.0223984261707812
2024-07-01 18:40:00,3.366325357866536
2024-07-01 18:50:00,0.2062954225239875
2024-07-01 19:00:00,0.13113892653868875
2024-07-01 19:10:00,0.20124308420078324
2024-07-01 19:20:00,0.3828674509900945
2024-07-01 19:30:00,0.8199297489501638
2024-07-01 19:40:00,4.51558485991706
2024-07-01 19:50:00,1.7246972738432231
2024-07-01 20:00:00,3.2699339893729236
2024-07-01 20:10:00,0.6634208912274451
2024-07-01 20:20:00,0.89696350267225
2024-07-01 20:30:00,0.8352792897820609
2024-07-01 20:40:00,1.6020090252382106
2024-07-01 20:50:00,3.0580222576915532
2024-07-01 21:00:00,2.009148201981761
2024-07-01 21:10:00,1.7228613586881767
2024-07-01 21:20:00,1.6611308557486053
2024-07-01 21:30:00,1.954384634893283
2024-07-01 21:40:00,0.9186480254850371
2024-07-01 21:50:00,3.5376508208151716
2024-07-01 22:00:00,6.498096573421172
2024-07-01 22:10:00,2.363401682366377
2024-07-01 22:20:00,2.466458708554464
2024-07-01 22:30:00,1.6211599257120517
2024-07-01 22:40:00,3.01971576317986
2024-07-01 22:50:00,1.091324822525045
2024-07-01 23:00:00,2.0292275376057285
2024-07-01 23:10:00,1.947844826878192
2024-07-01 23:20:00,4.304318841364928
2024-07-01 23:30:00,2.1043181879031647
2024-07-01 23:40:00,1.9470522682643627
2024-07-01 23:50:00,1.6721808788141315
2024-07-02 00:00:00,1.9257600639859456
2024-07-02 00:10:00,3.002092564273431
2024-07-02 00:20:00,0.902942264760798
2024-07-02 00:30:00,0.6851137727402097
2024-07-02 00:40:00,4.636738755544989
2024-07-02 00:50:00,0.8660910510997022
2024-07-02 01:00:00,4.4559674927260495
2024-07-02 01:10:00,1.0755499121630998
2024-07-02 01:20:00,1.8175098373339944
2024-07-02 01:30:00,2.9180552818620145
2024-07-02 01:40:00,2.78999476794135
2024-07-02 01:50:00,2.8364198020082476
2024-07-02 02:00:00,0.46355250279748145
2024-07-02 02:10:00,0.3671292060599722
2024-07-02 02:20:00,0.607119680567004
2024-07-02 02:30:00,1.2129797493888002
2024-07-02 02:40:00,2.010651615266345
2024-07-02 02:50:00,1.9288272614658772
2024-07-02 03:00:00,4.217887077964601
2024-07-02 03:10:00,2.237304884346923
2024-07-02 03:20:00,0.731969866805603
2024-07-02 03:30:00,0.5077262421753743
2024-07-02 03:40:00,0.8703213018263058
2024-07-02 03:50:00,1.4466571818413931
2024-07-02 04:00:00,3.059675705464573
2024-07-02 04:10:00,1.8585196242062438
2024-07-02 04:20:00,1.17441486247343
2024-07-02 04:30:00,1.1526176741948786
2024-07-02 04:40:00,3.6052964354619212
2024-07-02 04:50:00,1.119208076356569
2024-07-02 05:00:00,0.750606408989618
2024-07-02 05:10:00,4.859995535067415
2024-07-02 05:20:00,7.3831880345402725
2024-07-02 05:30:00,15.78026695923531
2024-07-02 05:40:00,25.001341661872583
2024-07-02 05:50:00,8.012452889094323
2024-07-02 06:00:00,5.594056701637671
2024-07-02 06:10:00,1.2419353482579958
2024-07-02 06:20:00,1.5130939404104014
2024-07-02 06:30:00,0.7619435151468132
2024-07-02 06:40:00,1.1186102401909763
2024-07-02 06:50:00,13.081674894280301
2024-07-02 08:40:00,0.2698395785160489
2024-07-02 08:50:00,0.27043219799382
2024-07-02 09:00:00,0.3791274254800739
2024-07-02 09:10:00,0.3506254914880197
2024-07-02 09:20:00,0.40786814288565615
2024-07-02 09:30:00,0.3551520458231787
2024-07-02 09:40:00,0.4188687408436527
2024-07-02 09:50:00,0.3382004419695887
2024-07-02 10:00:00,0.3388494316680473
2024-07-02 10:10:00,0.38858573099697347
2024-07-02 10:20:00,0.3665912845023974
2024-07-02 10:30:00,0.4029185645192276
2024-07-02 10:40:00,0.5783126791169105
2024-07-02 10:50:00,0.5945000987139804
2024-07-02 11:00:00,0.6146825869885054
2024-07-02 11:10:00,0.7703328961469801
2024-07-02 11:20:00,0.8348282628648854
2024-07-02 11:30:00,0.6247292367118689
2024-07-02 11:40:00,0.572613356067404
2024-07-02 11:50:00,0.7866405526014589
2024-07-02 12:00:00,0.5803383240222635
2024-07-02 12:10:00,0.6048611168356802
2024-07-02 12:20:00,0.5034247046846909
2024-07-02 12:30:00,0.4282652244771117
2024-07-02 12:40:00,0.45738660361360234
2024-07-02 12:50:00,0.3721815158759558
2024-07-02 13:00:00,0.45797587467270656
2024-07-02 13:10:00,0.4949623735456643
2024-07-02 13:20:00,0.36866914826990443
2024-07-02 13:30:00,0.37151858548382966
2024-07-02 13:40:00,0.3889383540129475
2024-07-02 13:50:00,0.36528929209998096
2024-07-02 14:00:00,0.4866287403431397
2024-07-02 14:10:00,0.35323235260475
2024-07-02 14:20:00,0.39858497487880556
2024-07-02 14:30:00,0.5697439285614724
2024-07-02 14:40:00,1.1417534129709868
2024-07-02 14:50:00,0.8205727648597555
2024-07-02 15:00:00,0.7682251114210314
2024-07-02 15:10:00,0.9893913830866485
2024-07-02 15:20:00,0.6690308971666509
2024-07-02 15:30:00,0.5345267754164134
2024-07-02 15:40:00,0.6402339443018574
2024-07-02 15:50:00,0.8852531039209717
2024-07-02 16:00:00,0.9803155632823276
2024-07-02 16:10:00,1.2332250181603428
2024-07-02 16:20:00,1.6360065217729414
2024-07-02 16:30:00,2.603890460357157
2024-07-02 16:40:00,2.6845062644200413
2024-07-02 16:50:00,1.502422943125643
2024-07-02 17:00:00,1.833199749020267
2024-07-02 17:10:00,1.16277715522887
2024-07-02 17:20:00,1.1691238488437103
2024-07-02 17:30:00,3.588257303729887
2024-07-02 17:40:00,3.225024448501641
2024-07-02 17:50:00,0.7879421970821953
2024-07-02 18:00:00,1.7366075144642936
2024-07-02 18:10:00,3.2349478812637606
2024-07-02 18:20:00,6.85617286307377
2024-07-02 18:30:00,1.4796248105232819
2024-07-02 18:40:00,0.6444445836099193
2024-07-02 18:50:00,0.5253708022168463
2024-07-02 19:00:00,0.3550297110634474
2024-07-02 19:10:00,0.5906423275420325
2024-07-02 19:20:00,0.44661601140976287
2024-07-02 19:30:00,0.49831155705541824
2024-07-02 19:40:00,0.4771810466173361
2024-07-02 19:50:00,0.6288020552714246
2024-07-02 20:00:00,1.286724473630082
2024-07-02 20:10:00,0.14098424913348176
2024-07-02 20:20:00,1.3088282406007326
2024-07-02 20:30:00,1.3750400823436915
2024-07-02 20:40:00,0.7849937051681667
2024-07-02 20:50:00,0.6046158252327296
2024-07-02 21:00:00,1.2962809139918727
2024-07-02 21:10:00,0.3556122483250855
2024-07-02 21:20:00,1.002976547181798
2024-07-02 21:30:00,1.3165266128276565
2024-07-02 21:40:00,1.513836502703242
2024-07-02 21:50:00,1.471198727247037
2024-07-02 22:00:00,1.4170492337444602
2024-07-02 22:10:00,1.3920354025964268
2024-07-02 22:20:00,1.2912931762622286
2024-07-02 22:30:00,0.5551416779964718
2024-07-02 22:40:00,0.5593755997164476
2024-07-02 22:50:00,0.21686564004921596
2024-07-02 23:00:00,0.26917723954868206
2024-07-02 23:10:00,0.7059356662703444
2024-07-02 23:20:00,0.21787533864403677
2024-07-02 23:30:00,0.25900541341859473
2024-07-02 23:40:00,0.240990702011726
2024-07-02 23:50:00,0.17408581316764948
2024-07-03 00:00:00,0.14332416257260028
2024-07-03 00:10:00,0.2304297415803373
2024-07-03 00:20:00,0.2423228335805374
2024-07-03 00:30:00,0.15359817746936977
2024-07-03 00:40:00,0.24482835060956482
2024-07-03 00:50:00,0.23007260424697348
2024-07-03 01:00:00,0.20949934292212166
2024-07-03 01:10:00,0.15189959862835983
2024-07-03 01:20:00,0.24084979960684488
2024-07-03 01:30:00,0.3875415238238983
2024-07-03 01:40:00,0.1727907841168975
2024-07-03 01:50:00,0.17307656615438416
2024-07-03 02:00:00,0.362855068463249
2024-07-03 02:10:00,0.3298000798212023
2024-07-03 02:20:00,0.5232094650455698
2024-07-03 02:30:00,0.7684268933086995
2024-07-03 02:40:00,0.9834793214739513
2024-07-03 02:50:00,1.5637389029018298
2024-07-03 03:00:00,0.7144721887393813
2024-07-03 03:10:00,0.3467891601666971
2024-07-03 03:20:00,0.2609061417268719
2024-07-03 03:30:00,0.1459000587186448
2024-07-03 03:40:00,0.21831549404396336
2024-07-03 03:50:00,0.2172344167737058
2024-07-03 04:00:00,0.3832013244223096
2024-07-03 04:10:00,0.21715769256192577
2024-07-03 04:20:00,0.3398582251525244
2024-07-03 04:30:00,0.24516652601112193
2024-07-03 04:40:00,0.342025057895202
2024-07-03 04:50:00,0.328700023237448
2024-07-03 05:00:00,0.38153919238691
2024-07-03 05:10:00,0.3753558469713415
2024-07-03 05:20:00,0.33501568307924734
2024-07-03 05:30:00,0.2436506279290776
2024-07-03 05:40:00,0.3262291543137619
2024-07-03 05:50:00,0.4235303783939623
2024-07-03 06:00:00,0.33961634747359587
2024-07-03 06:10:00,0.30451964406412396
2024-07-03 06:20:00,0.17367416643570752
2024-07-03 12:40:00,0.9735829830206326
2024-07-03 12:50:00,6.079136454422119
2024-07-03 13:00:00,8.131375390414664
2024-07-03 13:10:00,37.912789240723825
2024-07-03 13:20:00,51.90159213082904
2024-07-03 13:30:00,17.772416675335126
2024-07-03 13:40:00,9.675955118874473
2024-07-03 13:50:00,5.41379893845268
2024-07-03 14:00:00,4.633332717672549
2024-07-03 14:10:00,2.8117156775034178
2024-07-03 14:20:00,1.8050142167536738
2024-07-03 14:30:00,2.090929274425657
2024-07-03 14:40:00,1.4353719344548257
2024-07-03 14:50:00,2.3512078360835025
2024-07-03 15:00:00,6.889141621805021
2024-07-03 15:10:00,3.0912867496628786
2024-07-03 15:20:00,1.3061021500435879
2024-07-03 15:30:00,8.43952225598129
2024-07-03 15:40:00,19.416069907072153
2024-07-03 15:50:00,57.10801698707157
2024-07-03 16:00:00,2.7383509762279474
2024-07-03 16:10:00,2.7147991008986443
2024-07-03 16:20:00,3.907677222640096
2024-07-03 16:30:00,7.047081352820029
2024-07-03 16:40:00,14.729434728720591
2024-07-03 16:50:00,14.409717435189565
2024-07-03 17:00:00,9.175884064970012
2024-07-03 17:10:00,11.693286525658413
2024-07-03 17:20:00,7.29738488762063
2024-07-03 17:30:00,7.12569688535234
2024-07-03 17:40:00,32.289460925405265
2024-07-03 17:50:00,6.484834251059051
2024-07-03 18:00:00,6.116143156949645
2024-07-03 18:10:00,2.584006277563318
2024-07-03 18:20:00,8.387992526082247
2024-07-03 18:30:00,7.681722030323659
2024-07-03 18:40:00,8.865436656993294
2024-07-03 18:50:00,34.31488607405825
2024-07-03 19:00:00,11.98077955276118
2024-07-03 19:10:00,1.6966991462647123
2024-07-03 19:20:00,1.7390544700517057
2024-07-03 19:30:00,2.237306420734965
2024-07-03 19:40:00,3.4370007923468844
2024-07-03 19:50:00,6.307039906466451
2024-07-03 20:00:00,2.7734172250538127
2024-07-03 20:10:00,3.96216821437776
2024-07-03 20:20:00,3.7284922095384365
2024-07-03 20:30:00,4.116119318262365
2024-07-03 20:40:00,7.190225330777167
2024-07-03 20:50:00,10.051444061238472
2024-07-03 21:00:00,7.804049095956252
2024-07-03 21:10:00,6.546596138262827
2024-07-03 21:20:00,4.244897528182242
2024-07-03 21:30:00,4.5389046282539764
2024-07-03 21:40:00,2.9964738026934925
2024-07-03 21:50:00,6.397329738023071
2024-07-03 22:00:00,3.849493112161691
2024-07-03 22:10:00,9.140263735783053
2024-07-03 22:20:00,3.0569505413910902
2024-07-03 22:30:00,0.8027979374327514
2024-07-03 22:40:00,1.5055183244178933
2024-07-03 22:50:00,0.5576179717181278
2024-07-03 23:00:00,2.5012196835696234
2024-07-03 23:10:00,2.2790124362614574
2024-07-03 23:20:00,0.7280463101726298
2024-07-03 23:30:00,0.877260315687132
2024-07-03 23:40:00,0.7640276224562559
2024-07-03 23:50:00,1.0149095070632705
2024-07-04 00:00:00,0.5557417545537907
2024-07-04 00:10:00,0.8529625296129424
2024-07-04 00:20:00,0.48937561700754606
2024-07-04 00:30:00,0.7303131940457578
2024-07-04 00:40:00,0.18680591006673802
2024-07-04 00:50:00,0.48930003564488506
2024-07-04 01:00:00,0.3290334637325141
2024-07-04 01:10:00,1.3770831648117912
2024-07-04 01:20:00,0.30461254785393455
2024-07-04 01:30:00,1.2654437933277487
2024-07-04 01:40:00,0.8809727500313567
2024-07-04 01:50:00,0.36010096520482165
2024-07-04 02:00:00,0.4354160977610515
2024-07-04 02:10:00,0.5221977038677416
2024-07-04 02:20:00,1.0144985407780254
2024-07-04 02:30:00,1.4801471398058321
2024-07-04 04:10:00,0.15279318783563606
2024-07-04 04:30:00,0.28682870609555405
2024-07-04 10:30:00,0.07983252546457914
2024-07-04 10:40:00,0.32236056890488596
2024-07-04 10:50:00,0.1665783922091008
2024-07-04 11:00:00,0.7555603941897507
2024-07-04 11:10:00,0.9329537026201906
2024-07-04 11:20:00,1.0222421224399059
2024-07-04 11:30:00,0.7405934858660762
2024-07-04 11:40:00,0.4308566986900028
2024-07-04 11:50:00,0.4003091686120944
2024-07-04 12:00:00,0.3240390833546013
2024-07-04 12:10:00,0.3388800493817831
2024-07-04 12:20:00,0.3962795540542857
2024-07-04 12:30:00,0.47169156259650247
2024-07-04 12:40:00,0.783107056874999
2024-07-04 12:50:00,0.6189966163583813
2024-07-04 13:00:00,0.7066497031259475
2024-07-04 13:10:00,0.24225802022533596
2024-07-04 13:20:00,0.18113458534512775
2024-07-04 13:30:00,0.1511883350724723
2024-07-04 13:40:00,0.14927176131768988
2024-07-04 13:50:00,0.09858516732724332
2024-07-04 14:00:00,0.17800407736895485
2024-07-04 14:10:00,0.22315419386071852
2024-07-04 14:20:00,0.26325982075508964
2024-07-04 14:30:00,0.2625649394851453
2024-07-04 14:40:00,0.3384510495313156
2024-07-04 14:50:00,0.326314868606331
2024-07-04 15:00:00,0.23509999231938292
2024-07-04 15:10:00,0.13785713322518228
2024-07-04 15:20:00,0.22109001181696755
2024-07-04 15:30:00,0.4464886348148847
2024-07-04 15:40:00,0.23887500935970724
2024-07-04 15:50:00,0.2603577933118075
2024-07-04 16:00:00,0.6012146602315793
2024-07-04 16:10:00,0.4447723517736333
2024-07-04 16:20:00,0.2546362381884914
2024-07-04 16:30:00,0.35462090332166546
2024-07-04 16:40:00,0.47622820719127196
2024-07-04 16:50:00,0.3915179420770919
2024-07-04 17:00:00,0.597997864121931
2024-07-04 17:10:00,0.49081887625995035
2024-07-04 17:20:00,0.40956001280055127
2024-07-04 17:30:00,0.6949795008760187
2024-07-04 17:40:00,1.2021864929652375
2024-07-04 17:50:00,0.6397406993773996
2024-07-04 18:00:00,1.285680365574076
2024-07-04 18:10:00,0.6442430115082223
2024-07-04 18:20:00,0.6487855326552887
2024-07-04 18:30:00,0.4576541329620014
2024-07-04 18:40:00,0.35355221571631024
2024-07-04 18:50:00,0.4778780125465299
2024-07-04 19:00:00,0.5104352600145726
2024-07-04 19:10:00,0.27681007889757653
2024-07-04 19:20:00,0.3627611887677789
2024-07-04 19:30:00,0.25559181403762554
2024-07-04 19:40:00,0.12463820296881495
2024-07-04 19:50:00,0.17471064224394287
2024-07-04 20:00:00,0.26717698546998353
2024-07-04 20:10:00,0.30350169063199406
2024-07-04 20:20:00,0.16510062755030683
2024-07-04 20:30:00,0.08957113361772423
2024-07-04 20:40:00,0.21480202600626183
2024-07-04 20:50:00,2.4168893992879767
2024-07-04 21:00:00,7.28630420917988
2024-07-04 21:10:00,5.036350833944207
2024-07-04 21:20:00,6.161992535112082
2024-07-04 21:30:00,6.887101115576538
2024-07-04 21:40:00,2.384153050862736
2024-07-04 21:50:00,1.8889688463674947
2024-07-04 22:00:00,1.3929311957769677
2024-07-04 22:10:00,0.9235089092977318
2024-07-04 22:20:00,0.6186838409398872
2024-07-04 22:30:00,1.3631971811751487
2024-07-04 22:40:00,8.242066723491709
2024-07-04 22:50:00,6.749526875121907
2024-07-04 23:00:00,4.584888288041009
2024-07-04 23:10:00,2.4357012205526436
2024-07-04 23:20:00,5.140693070457754
2024-07-04 23:30:00,3.735674071132091
2024-07-04 23:40:00,1.9466595600082297
2024-07-04 23:50:00,2.6414429171277805
2024-07-05 00:00:00,5.463747870645166
2024-07-05 00:10:00,2.6174028474016056
2024-07-05 00:20:00,1.3038100049818766
2024-07-05 00:30:00,0.7349596261929764
2024-07-05 00:40:00,1.2236547798053234
2024-07-05 00:50:00,1.8087219386159694
2024-07-05 01:00:00,7.643479725747292
2024-07-05 01:10:00,10.942441647389627
2024-07-05 01:20:00,3.7632685323689117
2024-07-05 01:30:00,3.297143295269287
2024-07-05 01:40:00,6.267169285380682
2024-07-05 01:50:00,2.608640310241698
2024-07-05 02:00:00,1.7894904134521508
2024-07-05 02:10:00,0.8500554301783169
2024-07-05 02:20:00,0.3150925079994948
2024-07-05 02:30:00,0.3785030984791853
2024-07-05 02:40:00,0.9006352148811775
2024-07-05 02:50:00,0.4549079578962629
2024-07-05 03:00:00,0.7813871887331386
2024-07-05 03:10:00,0.27120850487961146
2024-07-05 03:20:00,0.2111183376467879
2024-07-05 03:30:00,0.25626123116804894
2024-07-05 03:40:00,0.5088458330698157
2024-07-05 03:50:00,0.6137959284696934
2024-07-05 04:00:00,0.500653104088507
2024-07-05 04:10:00,0.16131538203221776
2024-07-05 04:20:00,0.4949280060604688
2024-07-05 04:30:00,5.19722518242785
2024-07-05 04:40:00,5.026470271978524
2024-07-05 04:50:00,8.328287775404732
2024-07-05 05:00:00,6.790953206452805
2024-07-05 05:10:00,0.7557925842051122
2024-07-05 05:20:00,0.2698744847753818
2024-07-05 05:30:00,0.21598962664839932
2024-07-05 05:40:00,0.18375045671938606
2024-07-05 05:50:00,0.12564739062840252
2024-07-05 06:00:00,0.12069632356775203
2024-07-05 06:10:00,0.18103352251625182
2024-07-05 06:20:00,0.2103728207655201
2024-07-05 06:30:00,0.1948138021958007
2024-07-05 06:40:00,0.2704868069063127
2024-07-05 06:50:00,0.30905889806535675
2024-07-05 07:00:00,0.2489387972863485
2024-07-05 07:10:00,0.3474986546763096
2024-07-05 07:20:00,0.3479754773251251
2024-07-05 07:30:00,0.5792227399556966
2024-07-05 07:40:00,0.5799092901177756
2024-07-05 07:50:00,0.7734387057115233
2024-07-05 08:00:00,0.43819501816943857
2024-07-05 08:10:00,0.4440422233741995
2024-07-05 08:20:00,0.5095516132161426
2024-07-05 08:30:00,0.4455567700864499
2024-07-05 08:40:00,0.4746289841723982
2024-07-05 08:50:00,0.8753097901573602
2024-07-05 09:00:00,1.5042704028132425
2024-07-05 09:10:00,0.639520167154408
2024-07-05 09:20:00,0.7157015755984933
2024-07-05 09:30:00,1.0025291156798324
2024-07-05 09:40:00,1.1042646262438844
2024-07-05 09:50:00,1.292052762352152
2024-07-05 10:00:00,0.8247123453692572
2024-07-05 10:10:00,0.811079391047376
2024-07-05 10:20:00,0.557218703687595
2024-07-05 10:30:00,0.3694282924332671
2024-07-05 10:40:00,0.4647566563247995
2024-07-05 10:50:00,0.5102570767379844
2024-07-05 11:00:00,0.649492435483318
2024-07-05 11:10:00,0.433985922493915
2024-07-05 11:20:00,0.24617561597159215
2024-07-05 11:30:00,0.1636535742058285
2024-07-05 11:40:00,0.0909572437741445
2024-07-05 11:50:00,0.2550557923054815
2024-07-05 12:00:00,0.46707602779715857
2024-07-05 12:10:00,0.3620218428154789
2024-07-05 12:20:00,0.1514764937193257
2024-07-05 12:30:00,0.20202574520573996
2024-07-05 12:40:00,0.1550654576120175
2024-07-05 12:50:00,0.13441065605402766
2024-07-05 13:00:00,0.26963216761523734
2024-07-05 13:10:00,0.2533909218404095
2024-07-05 13:20:00,0.17378552824956406
2024-07-05 13:30:00,0.1177856549228594
2024-07-05 13:40:00,0.12533340753942676
2024-07-05 13:50:00,0.15380113753629554
2024-07-05 14:00:00,0.14243851784293393
2024-07-05 14:10:00,0.12517142431384656
2024-07-05 14:20:00,0.0941642553735616
2024-07-05 14:30:00,0.13244882502981434
2024-07-05 14:40:00,0.1648903328237441
2024-07-05 14:50:00,0.13897119243832387
2024-07-05 15:00:00,0.14375368414865872
2024-07-05 15:10:00,0.14012715395782907
2024-07-05 15:20:00,0.21592239735916974
2024-07-05 15:30:00,0.27623896687632304
2024-07-05 15:40:00,0.2360241689573611
2024-07-05 15:50:00,0.2745501610404433
2024-07-05 16:00:00,0.2356481093642966
2024-07-05 16:10:00,0.2589895323828514
2024-07-05 16:20:00,0.204860357531577
2024-07-05 16:30:00,0.18015025765778994
2024-07-05 16:40:00,0.23611246692474216
2024-07-05 16:50:00,0.3948124756769811
2024-07-05 17:00:00,0.2814738734276948
2024-07-05 17:10:00,0.3819084116001344
2024-07-05 17:20:00,0.3594201329771419
2024-07-05 17:30:00,0.2858029742668775
2024-07-05 17:40:00,0.2858772517368975
2024-07-05 17:50:00,0.4890625186054507
2024-07-05 18:00:00,0.41200011710769346
2024-07-05 18:10:00,0.540561405576774
2024-07-05 18:20:00,1.21720781126435
2024-07-05 18:30:00,4.60034267888686
2024-07-05 18:40:00,4.565999068688125
2024-07-05 18:50:00,8.990870165518997
2024-07-05 19:00:00,1.0319376352433358
2024-07-05 19:10:00,0.9976068004194596
2024-07-05 19:20:00,0.9098143356957414
2024-07-05 19:30:00,0.8335970740859193
2024-07-05 19:40:00,1.1503805236668598
2024-07-05 19:50:00,0.5357931693972282
2024-07-05 20:00:00,0.42010109495007586
2024-07-05 20:10:00,0.2368717445505319
2024-07-05 20:20:00,0.215780395841674
2024-07-05 20:30:00,0.4212111806929603
2024-07-05 20:40:00,0.300020615332971
2024-07-05 20:50:00,0.1833505186782051
2024-07-05 21:00:00,0.12979840491896638
2024-07-05 21:10:00,0.24238723237277432
2024-07-05 21:20:00,0.14585614039638992
2024-07-05 21:30:00,0.16491189226262148
2024-07-05 21:40:00,0.14890397869521763
2024-07-05 21:50:00,0.135692937781282
2024-07-05 22:00:00,0.16635725240538382
2024-07-05 22:10:00,0.1966181107685995
2024-07-05 22:20:00,0.26474447218616437
2024-07-05 22:30:00,0.2584493354909267
2024-07-05 22:40:00,0.4686472885727823
2024-07-05 23:00:00,0.2923906246652192
2024-07-05 23:20:00,0.43861854989309856
2024-07-05 23:50:00,0.2356754794723686
2024-07-06 00:20:00,0.15164977109988034
2024-07-06 00:30:00,0.12962208589451268
2024-07-06 00:40:00,0.05905024864097901
2024-07-06 01:00:00,0.12369315936017364
2024-07-06 01:10:00,0.1262826124995206
2024-07-06 01:50:00,0.21591759589088
2024-07-06 02:00:00,0.14400892237048782
2024-07-06 02:20:00,0.235356955199389
2024-07-06 02:30:00,0.1822256168133989
2024-07-06 02:40:00,0.17454051273119311
2024-07-06 02:50:00,0.19398242040879374
2024-07-06 03:00:00,0.1440730255296062
2024-07-06 03:10:00,0.16993952499575055
2024-07-06 03:20:00,0.15637011317131416
2024-07-06 03:30:00,0.19514691800171116
2024-07-06 03:40:00,0.1466565497968932
2024-07-06 03:50:00,0.10356696667324825
2024-07-06 04:00:00,0.12456685809572489
2024-07-06 04:10:00,0.2914773908974169
2024-07-06 04:20:00,0.19778669507904106
2024-07-06 04:30:00,0.13713014035035342
2024-07-06 04:40:00,0.15496975769726345
2024-07-06 04:50:00,0.12536882427486634
2024-07-06 05:00:00,0.12759184912238047
2024-07-06 05:10:00,0.13517178671116148
2024-07-06 05:20:00,0.10757645626353109
2024-07-06 05:30:00,0.10430977528419974
2024-07-06 06:00:00,0.13868276123270332
2024-07-06 07:00:00,0.22881126547916983
2024-07-06 07:10:00,0.20792012253914013
2024-07-06 13:00:00,0.11953839565464124
2024-07-06 13:20:00,0.15201719604303776
2024-07-06 13:40:00,0.12264212443136323
2024-07-06 14:30:00,0.11143570877525869
2024-07-06 14:40:00,0.12766300994229923
2024-07-06 14:50:00,0.11460537329302511
2024-07-06 15:00:00,0.0948689357703612
2024-07-06 15:10:00,0.12232869943030275
2024-07-06 15:20:00,0.1256549203209327
2024-07-06 15:30:00,0.11223628492842092
2024-07-06 16:50:00,0.10384437802436394
2024-07-06 17:00:00,0.12745539570133718
2024-07-06 17:20:00,0.15877447552477453
2024-07-06 17:30:00,0.13443066760422215
2024-07-06 18:00:00,0.23336885523182654
2024-07-06 18:10:00,0.18291818820593048
2024-07-06 18:20:00,0.19677922899822145
2024-07-07 15:40:00,207.2769135160068
2024-07-07 15:50:00,9.606414619472249
2024-07-07 16:00:00,190.273104863498
2024-07-07 16:10:00,277.06674131057866
2024-07-07 16:20:00,6.69049346586644
2024-07-07 16:40:00,201.8276709751289
2024-07-07 16:50:00,4.159734966537041
2024-07-07 17:00:00,6.351372502754301
2024-07-07 17:20:00,26.556385548883554
2024-07-07 17:30:00,1.5274182380530696
2024-07-07 17:40:00,1.5649206656724546
2024-07-07 17:50:00,12.276630185770298
2024-07-07 18:00:00,10.26806394271442
2024-07-07 18:10:00,1.7350307820789623
2024-07-07 18:20:00,2.2678105636673154
2024-07-07 18:30:00,7.376178558867876
2024-07-07 18:40:00,4.5661923062979595
2024-07-07 18:50:00,0.7297478417483554
2024-07-07 19:00:00,0.7226424855079697
2024-07-07 19:10:00,0.3994182747402493
2024-07-07 19:20:00,0.2154558899359899
2024-07-07 19:30:00,0.17113541164206
2024-07-07 19:40:00,0.3580317815064954
2024-07-07 19:50:00,0.16962417743307034
2024-07-07 20:00:00,0.34150004622085844
2024-07-07 20:10:00,0.25903765157832787
2024-07-07 20:20:00,0.1343990656132307
2024-07-07 20:30:00,0.11484853198740884
2024-07-07 20:40:00,0.31315864536701493
2024-07-07 20:50:00,0.45994738827489123
2024-07-08 11:40:00,1.5193231320533545
2024-07-08 12:10:00,0.18483031552116388
2024-07-08 12:40:00,0.4438068851582482
2024-07-08 12:50:00,0.43516070945766916
2024-07-08 13:00:00,0.3260965105437842
2024-07-08 13:20:00,0.5927841024569527
2024-07-08 13:30:00,1.0861183521250426
2024-07-08 13:50:00,1.8651402451531258
2024-07-08 14:00:00,0.9873360530960894
2024-07-08 14:10:00,1.6868002512678955
2024-07-08 14:20:00,0.4960355143666046
2024-07-08 14:30:00,0.1436389418286861
2024-07-08 14:40:00,-0.11374310124921978
2024-07-08 14:50:00,0.9638035678256539
2024-07-08 15:00:00,2.5525462631396163
2024-07-08 15:10:00,0.21517095417214085
2024-07-08 15:20:00,-2.7157173103795453
2024-07-08 15:30:00,-1.4598534224616608
2024-07-08 15:40:00,10.736720743952672
2024-07-08 15:50:00,4.197072556722934
2024-07-08 16:00:00,24.09679168701072
2024-07-08 16:10:00,13.369806264237287
2024-07-08 16:20:00,35.82861028537304
2024-07-08 16:30:00,4.247725094671591
2024-07-08 16:40:00,5.029466853884132
2024-07-08 16:50:00,11.8592787601235
2024-07-08 17:00:00,12.277207850826215
2024-07-08 17:10:00,12.303088488831014
2024-07-08 17:20:00,21.277979486141287
2024-07-08 17:30:00,10.241335935618375
2024-07-08 17:40:00,171.87544984496955
2024-07-08 17:50:00,6.902478280369589
2024-07-08 18:00:00,1.509367986143201
2024-07-08 18:10:00,1.1040952893667422
2024-07-08 18:20:00,1.1789206122297788
2024-07-08 18:30:00,2.804383510849581
2024-07-08 18:40:00,1.9363292273150092
2024-07-08 18:50:00,1.7724260307332687
2024-07-08 19:00:00,3.9326521429372594
2024-07-08 19:10:00,2.450613947129052
2024-07-08 19:20:00,2.3447775731587845
2024-07-08 19:30:00,4.668312268171956
2024-07-08 19:40:00,25.127902077663066
2024-07-08 19:50:00,10.306590218739117
2024-07-08 20:20:00,19.29218080802616
2024-07-09 13:00:00,-1.560222348159542
2024-07-09 13:10:00,9.787267207118147
2024-07-09 13:20:00,16.475621927651876
2024-07-09 13:30:00,3.2283170379795747
2024-07-09 13:40:00,5.100374356637125
2024-07-09 13:50:00,3.4138492127692994
2024-07-09 15:40:00,2.5891414013538365
2024-07-09 15:50:00,2.0142101603301237
2024-07-09 16:00:00,9.177928301275093
2024-07-09 16:10:00,0.7098282813981299
2024-07-09 16:20:00,0.26970589005074497
2024-07-09 16:30:00,-0.23157105498724037
2024-07-09 16:40:00,0.20581749540661534
2024-07-09 16:50:00,1.066867728985446
2024-07-09 17:00:00,1.558539677772168
2024-07-09 17:10:00,-0.35314702500461803
2024-07-09 17:20:00,0.40727478817438867
2024-07-09 17:30:00,7.065347133707759
2024-07-09 17:40:00,1.437012635675261
2024-07-09 17:50:00,5.578173620097306
2024-07-09 18:00:00,12.544173453398757
2024-07-09 18:10:00,3.9413556182783696
2024-07-09 18:20:00,2.66701811938706
2024-07-09 18:30:00,5.304223702192025
2024-07-09 18:40:00,3.6185920440176984
2024-07-09 18:50:00,1.9971594629520066
2024-07-09 19:00:00,1.4395734329785406
2024-07-09 19:10:00,1.5550788362256385
2024-07-09 19:20:00,2.637633376559376
2024-07-09 19:30:00,5.038421001924248
2024-07-09 19:40:00,2.0798087220345325
2024-07-09 19:50:00,1.3047897107101307
2024-07-09 20:00:00,-2.7588653510600336
2024-07-09 20:10:00,-0.916495211282076
2024-07-09 20:20:00,-4.512055156827357
2024-07-09 20:30:00,-0.3804755594913092
2024-07-09 20:40:00,0.768406267053888
2024-07-09 20:50:00,-3.9803707601102447
2024-07-09 21:20:00,-4.027507120193978
2024-07-10 13:10:00,0.3248447290524212
2024-07-10 13:20:00,0.3647426532300058
2024-07-10 13:30:00,0.3782778042647395
2024-07-10 13:40:00,0.402325331717227
2024-07-10 13:50:00,0.3806993243435331
2024-07-10 14:00:00,0.3730102500700882
2024-07-10 14:10:00,0.31966383865465686
2024-07-10 14:20:00,0.3532156452123777
2024-07-10 14:30:00,0.2688277251638046
2024-07-10 14:40:00,0.3146044485528715
2024-07-10 14:50:00,0.3012360706277687
2024-07-10 15:00:00,0.2281172234753199
2024-07-10 15:10:00,0.1979160216605652
2024-07-10 15:20:00,0.24419217760292014
2024-07-10 15:30:00,0.19294920973805693
2024-07-10 15:40:00,0.21386121631091337
2024-07-10 15:50:00,0.20526926408320853
2024-07-10 16:00:00,0.4379571973459468
2024-07-10 16:10:00,0.22673140244853152
2024-07-10 16:20:00,0.20545262849778434
2024-07-10 16:30:00,0.17342742859567448
2024-07-10 16:40:00,0.20193753010644658
2024-07-10 16:50:00,0.20323644471648475
2024-07-10 17:00:00,0.2953635052776091
2024-07-10 17:10:00,0.27689795530211264
2024-07-10 17:20:00,0.23499646355362355
2024-07-10 17:30:00,0.23370598392747266
2024-07-10 17:40:00,0.18173427566568143
2024-07-10 17:50:00,0.14444303865849054
2024-07-10 18:00:00,0.2086370298100978
2024-07-10 18:10:00,0.1318272119720496
2024-07-10 18:20:00,0.20329243761188612
2024-07-10 18:30:00,0.16755028040692532
2024-07-10 18:40:00,0.22175092996569795
2024-07-10 18:50:00,0.16607910872492257
2024-07-10 19:00:00,0.21342547427893846
2024-07-10 19:10:00,0.22079719031486894
2024-07-10 19:20:00,0.20805968317996823
2024-07-10 19:30:00,0.12656151015778735
2024-07-10 19:40:00,0.20896509620044543
2024-07-10 19:50:00,0.18848338706842702
2024-07-10 20:00:00,0.21247307851925828
2024-07-10 20:10:00,0.17439489415459855
2024-07-10 20:20:00,0.17032025373663032
2024-07-10 20:30:00,0.1697156330325859
2024-07-10 20:40:00,0.1788924973534916
2024-07-10 20:50:00,0.2070996298022399
2024-07-10 21:00:00,0.13547349272198164
2024-07-10 21:10:00,0.1763469978941223
2024-07-12 08:10:00,1.7188018927611337
2024-07-12 08:20:00,1.7204545433080278
2024-07-12 09:50:00,2.795547441014929
2024-07-12 11:20:00,-0.12923348040003924
2024-07-12 11:30:00,-0.046451577615454
2024-07-12 11:40:00,-0.08057982387795407
2024-07-12 11:50:00,0.08257405736719549
2024-07-12 12:00:00,0.17298658982508358
2024-07-12 12:10:00,0.12558020315580712
2024-07-12 12:20:00,0.09329143772857125
2024-07-12 12:30:00,0.09382910148222239
2024-07-12 12:40:00,0.137215169286712
2024-07-12 12:50:00,-0.11004082291888492
2024-07-12 13:00:00,0.11212013705123185
2024-07-12 13:10:00,0.13922246130940788
2024-07-12 13:20:00,0.18961802146998746
2024-07-12 13:30:00,0.14011136810639635
2024-07-12 13:40:00,0.23420552100163602
2024-07-12 13:50:00,0.178838185288623
2024-07-12 14:00:00,0.19531618686404212
2024-07-12 14:10:00,0.1752531995205517
2024-07-12 14:20:00,0.13136928199011916
2024-07-12 14:30:00,0.1473580282886787
2024-07-12 14:40:00,0.31973808783966406
2024-07-12 14:50:00,0.37562081082738075
2024-07-12 15:00:00,0.5228483686506084
2024-07-12 15:10:00,0.030904272262131174
2024-07-12 15:20:00,0.9250890154361481
2024-07-12 15:30:00,0.38533953240528374
2024-07-12 15:40:00,0.3047184122397252
2024-07-12 15:50:00,0.2749148113957097
2024-07-12 16:00:00,0.17080146829006085
2024-07-12 16:10:00,0.16379617783663475
2024-07-12 16:20:00,0.22478954358471587
2024-07-12 16:30:00,0.21089013561658193
2024-07-12 16:40:00,0.11872603229492283
2024-07-12 16:50:00,0.20176645716558614
2024-07-12 17:00:00,0.2655632475645714
2024-07-12 17:10:00,0.22524987088963794
2024-07-12 17:20:00,0.19311790454004077
2024-07-12 17:30:00,0.16202362380522
2024-07-12 17:40:00,0.1692294153391908
2024-07-12 17:50:00,0.13928209602760716
2024-07-12 18:00:00,0.1536602375978227
2024-07-12 18:10:00,0.14522563396387672
2024-07-12 18:20:00,0.15252663615488343
2024-07-12 18:30:00,0.17077959269794352
2024-07-12 18:40:00,0.18789254193994026
2024-07-12 18:50:00,0.19425191151221835
2024-07-12 19:00:00,0.1663470027012207
2024-07-12 19:10:00,0.17015267812367324
2024-07-12 19:20:00,0.16084901978262597
2024-07-12 19:30:00,0.2749654350769816
2024-07-12 19:40:00,0.35544707960198524
2024-07-12 19:50:00,0.3196134325736577
2024-07-12 20:00:00,0.21004146513684638
2024-07-12 20:10:00,0.1747490079674371
2024-07-12 20:20:00,0.15387939777952755
2024-07-12 20:30:00,0.13531297402290549
2024-07-12 20:40:00,0.17717795676685202
2024-07-12 20:50:00,0.23989512155163759
2024-07-12 21:00:00,0.22764361551366755
2024-07-12 21:10:00,0.19211409286997735
2024-07-12 21:20:00,0.10149623071659174
2024-07-12 21:30:00,0.06589604521997412
2024-07-12 21:40:00,-0.2884825080271663
2024-07-12 21:50:00,0.14584605848989862
2024-07-12 22:00:00,-0.247321028121663
2024-07-12 22:10:00,-0.04533130817221023
2024-07-12 22:20:00,-0.27358032806669025
2024-07-12 22:40:00,0.059485799020197835
2024-07-12 22:50:00,0.14633465683941427
2024-07-12 23:00:00,-0.021291288276874196
2024-07-12 23:10:00,0.13448922047371087
2024-07-12 23:20:00,0.1629093460203243
2024-07-12 23:30:00,0.1681015734243947
2024-07-12 23:40:00,0.18615825624736163
2024-07-12 23:50:00,0.265780918030648
2024-07-13 00:00:00,0.34068946676603185
2024-07-13 00:10:00,0.3350609037833279
2024-07-13 00:20:00,0.19913099379175422
2024-07-13 00:30:00,0.1550994800781427
2024-07-13 00:40:00,0.16887902275873282
2024-07-13 00:50:00,0.2064775846528463
2024-07-13 01:00:00,0.3317690436987335
2024-07-13 01:10:00,0.2351999153745607
2024-07-13 01:20:00,0.1771248124482313
2024-07-13 01:30:00,0.3358663645230225
2024-07-13 01:40:00,0.3263163266842361
2024-07-13 01:50:00,0.14078904458761257
2024-07-13 02:00:00,0.2764633441954925
2024-07-13 02:10:00,0.26674045382559536
2024-07-13 02:20:00,0.2223987464271083
2024-07-13 02:30:00,0.18436996085772112
2024-07-13 02:40:00,0.18878578993097656
2024-07-13 02:50:00,0.18802232174573297
2024-07-13 03:00:00,0.17695373615516496
2024-07-13 03:10:00,0.24555292525293262
2024-07-13 03:20:00,0.21913720462689976
2024-07-13 03:30:00,0.18564492941565677
2024-07-13 03:40:00,0.1677227154186061
2024-07-13 03:50:00,0.15758672264429532
2024-07-13 04:00:00,0.20185135759708478
2024-07-13 04:10:00,0.19955378125387951
2024-07-13 04:20:00,0.14325234342485102
2024-07-13 04:30:00,0.18112215665991235
2024-07-13 04:40:00,0.16109921262355273
2024-07-13 04:50:00,0.10263924485220928
2024-07-13 05:00:00,0.16650631999487434
2024-07-13 05:10:00,0.10733633805157695
2024-07-13 05:20:00,0.08302222796904628
2024-07-13 05:30:00,0.10786354200570528
2024-07-13 05:40:00,0.11919250776172494
2024-07-13 05:50:00,0.15279748397172888
2024-07-13 06:00:00,0.18686164691716106
2024-07-13 06:10:00,0.14072439880223167
2024-07-13 06:20:00,0.15152377766283692
2024-07-13 06:30:00,0.17358284916896885
2024-07-13 06:40:00,0.08419093387728052
2024-07-13 06:50:00,-0.24542123238421862
2024-07-13 07:00:00,0.024994225070085942
2024-07-13 07:10:00,0.019874338478512676
2024-07-13 07:20:00,0.017528551951556635
2024-07-13 07:30:00,-0.0648381107017721
2024-07-13 07:40:00,0.04501326517076013
2024-07-13 07:50:00,-0.017241342411438574
2024-07-13 08:00:00,0.008001589984773533
2024-07-13 08:10:00,0.06281835312124916
2024-07-13 08:20:00,0.11835828434094897
2024-07-13 08:30:00,0.1874088621144678
2024-07-13 08:40:00,0.1124414926314277
2024-07-13 08:50:00,0.154571835528403
2024-07-13 09:00:00,0.14503484053293383
2024-07-13 09:10:00,0.20440452124729627
2024-07-13 09:20:00,0.2140776088903568
2024-07-13 09:30:00,0.1826333210742459
2024-07-13 09:40:00,0.253262669043804
2024-07-13 09:50:00,0.35511210258577025
2024-07-13 10:00:00,0.11654511632383588
2024-07-13 10:10:00,0.08531519472896897
2024-07-13 10:20:00,0.0409180729835813
2024-07-13 10:30:00,0.19717766967094713
2024-07-13 10:40:00,0.1317865902048884
2024-07-13 10:50:00,0.11730427650438156
2024-07-13 11:00:00,0.04337440348859059
2024-07-13 11:10:00,-0.016903943893960608
2024-07-13 11:20:00,0.12699348747551326
2024-07-13 11:30:00,0.05114753207632602
2024-07-13 11:40:00,0.03544076302424445
2024-07-13 11:50:00,0.0644308338028203
2024-07-13 12:00:00,0.04669362264645817
2024-07-13 12:10:00,0.04363920551178037
2024-07-13 12:20:00,0.03840823783108999
2024-07-13 12:30:00,0.019109158068279133
2024-07-13 12:40:00,7.164684396030302e-05
2024-07-13 12:50:00,-0.006671282284785171
2024-07-13 13:00:00,0.08981979731304321
2024-07-13 13:10:00,0.06976054352284201
2024-07-13 13:20:00,0.08188710681141585
2024-07-13 13:30:00,-0.017288328961397648
2024-07-13 13:40:00,-0.2002420380327299
2024-07-13 13:50:00,0.05335018749200372
2024-07-13 14:00:00,0.5170223098787694
2024-07-13 14:10:00,0.5556336872688795
2024-07-13 14:20:00,0.3905935293759083
2024-07-13 14:30:00,0.45825001733622195
2024-07-13 14:40:00,-0.11276895701149038
2024-07-13 14:50:00,0.05340925732943081
2024-07-13 15:00:00,0.2702072305462325
2024-07-13 15:10:00,0.4009190811740908
2024-07-13 15:20:00,0.5254457380603602
2024-07-13 15:30:00,0.47713858103274753
2024-07-13 15:40:00,0.4818874352900723
2024-07-13 15:50:00,0.29858711908753316
2024-07-13 16:00:00,0.6053214553074674
2024-07-13 16:10:00,0.5263883940515842
2024-07-13 20:50:00,0.3353033707108508
2024-07-13 21:00:00,0.3816551873709348
2024-07-13 21:10:00,-0.4491750530201089
2024-07-13 21:20:00,-0.8090506696326086
2024-07-13 21:30:00,-2.526421678008323
2024-07-13 21:40:00,-1.8966898217906019
2024-07-13 21:50:00,-1.4570273540260361
2024-07-13 22:00:00,0.22767954038689459
2024-07-13 22:10:00,0.2978292976398446
2024-07-13 22:20:00,0.23677694858421514
2024-07-13 22:30:00,0.09635350011281492
2024-07-13 22:40:00,0.10743696284395085
2024-07-13 22:50:00,0.46291732050663414
2024-07-13 23:00:00,0.3487262942240345
2024-07-13 23:10:00,0.25541899153146413
2024-07-13 23:30:00,0.6686106564676542
2024-07-13 23:40:00,0.2660358029016427
2024-07-13 23:50:00,0.2647997852513188
2024-07-14 00:00:00,-0.05871886422899693
2024-07-14 00:10:00,1.0170664627250938
2024-07-14 00:20:00,0.4687380418764001
2024-07-14 00:30:00,0.4561091526165539
2024-07-14 00:40:00,0.41205592390545437
2024-07-14 00:50:00,0.41610365444797004
2024-07-14 01:00:00,0.22084707104865545
2024-07-14 01:10:00,0.16160424993139114
2024-07-14 01:20:00,0.5438377121036361
2024-07-14 01:30:00,0.24718759091244039
2024-07-14 01:40:00,-0.36340794789881786
2024-07-14 02:40:00,0.09733087664432352
2024-07-14 02:50:00,0.11736845439067246
2024-07-14 03:00:00,-1.3497803678226574
2024-07-14 03:10:00,-1.0883426301030066
2024-07-14 03:30:00,-0.8251731873268765
2024-07-14 03:40:00,-0.2849681201107103
2024-07-14 03:50:00,-11.313647631838382
2024-07-14 04:00:00,-7.212942004217576
2024-07-14 04:10:00,-3.5438124934021773
2024-07-14 04:20:00,-2.693623921232854
2024-07-14 04:30:00,-0.456207986472234
2024-07-14 04:40:00,-6.77624802322352
2024-07-14 04:50:00,-0.5560094346650695
2024-07-14 05:00:00,-0.11186583434848671
2024-07-14 05:10:00,0.0017844153924219102
2024-07-14 05:20:00,1.8031000500161114
2024-07-14 05:30:00,3.414454020490702
2024-07-14 05:40:00,2.483578908927613
2024-07-14 05:50:00,5.033978134677519
2024-07-14 06:00:00,9.929674335563416
2024-07-14 06:10:00,0.172252238414087
2024-07-14 06:20:00,0.09002286070892426
2024-07-14 06:30:00,-14.891763273009847
2024-07-14 06:40:00,-4.6098612897285545
2024-07-14 06:50:00,1.8496833562273975
2024-07-14 07:00:00,9.273149984399573
2024-07-14 07:10:00,45.035016032598264
2024-07-14 07:20:00,11.536948980635287
2024-07-14 07:30:00,-44.41582979753679
2024-07-14 07:40:00,0.09963572414534955
2024-07-14 07:50:00,36.62814750191292
2024-07-14 08:00:00,4.169377854220736
2024-07-14 08:10:00,7.361539442169347
2024-07-14 08:20:00,20.10064869926505
2024-07-14 08:30:00,2.0702054749813206
2024-07-14 09:10:00,0.7321906760354525
2024-07-14 09:20:00,0.5664473573746024
2024-07-14 09:30:00,0.867885739754684
2024-07-14 09:40:00,0.18368005455442135
2024-07-14 10:40:00,0.2205470495269015
2024-07-14 10:50:00,0.38456138709417836
2024-07-14 11:00:00,0.7545906746049807
2024-07-14 11:10:00,0.5158480559117444
2024-07-14 13:20:00,0.20005347601471496
2024-07-14 13:40:00,0.14108561672083422
2024-07-14 17:10:00,268.6384064817116
2024-07-14 17:20:00,19.830509471402312
2024-07-14 17:30:00,1.205697679399841
2024-07-14 17:40:00,1.7656545405285369
2024-07-14 17:50:00,7.594616965846043
2024-07-14 18:00:00,5.135228989828678
2024-07-14 18:10:00,1.7772398091879686
2024-07-14 18:20:00,1.4701280186676842
2024-07-14 18:30:00,0.615497164577541
2024-07-14 18:40:00,0.8280709791109092
2024-07-14 18:50:00,0.7483851700813146
2024-07-14 19:00:00,0.771887117289407
2024-07-14 19:10:00,0.263002251372694
2024-07-14 19:20:00,0.27005103413257375
2024-07-14 19:30:00,0.29648529771098797
2024-07-14 19:40:00,0.1944609020617194
2024-07-14 19:50:00,0.16276258186861287
2024-07-14 20:00:00,0.17097610238016128
2024-07-14 20:10:00,0.28731761437582987
2024-07-14 20:20:00,0.21167856265361754
2024-07-14 20:30:00,0.27374324279130713
2024-07-14 20:40:00,0.415665955787589
2024-07-14 20:50:00,0.2909876031324726
2024-07-14 21:00:00,0.36642600319549107
2024-07-14 21:10:00,0.31887193022364396
2024-07-14 21:20:00,0.2045537633615982
2024-07-14 21:30:00,0.23642737101217975
2024-07-14 21:40:00,0.2200570254828108
2024-07-14 21:50:00,0.22600203822600393
2024-07-14 22:00:00,0.32173709879786205
2024-07-14 22:10:00,0.32336144478624435
2024-07-14 22:20:00,0.3687442378775251
2024-07-14 22:30:00,0.4619196575180887
2024-07-14 22:40:00,0.3447399095484535
2024-07-14 22:50:00,0.4586890697578674
2024-07-14 23:00:00,0.41843443426637855
2024-07-14 23:10:00,1.5126411683749765
2024-07-14 23:20:00,1.5163590052482947
2024-07-14 23:30:00,0.7823811014884853
2024-07-14 23:40:00,1.5472148695860137
2024-07-14 23:50:00,1.3286724150961398
2024-07-15 00:00:00,0.43315255536524694
2024-07-15 00:10:00,0.3238105848828227
2024-07-15 00:20:00,0.4765405517168086
2024-07-15 00:30:00,0.833154565585384
2024-07-15 00:40:00,0.5005935331011582
2024-07-15 00:50:00,0.59676983619783
2024-07-15 01:00:00,0.6250155614215233
2024-07-15 01:10:00,0.3881238322565355
2024-07-15 03:00:00,0.2646122296176376
2024-07-15 03:10:00,0.7189483044993698
2024-07-15 12:20:00,0.17982657828156343
2024-07-15 12:30:00,0.28490332124454854
2024-07-15 12:40:00,0.3664803008066313
2024-07-15 12:50:00,0.34081121294606853
2024-07-15 13:00:00,0.26721541953076844
2024-07-15 13:10:00,0.2990910116589895
2024-07-15 13:20:00,0.23547720934060476
2024-07-15 13:30:00,0.3682968954474047
2024-07-15 13:40:00,0.40874509583538526
2024-07-15 13:50:00,0.34214359228794544
2024-07-15 14:00:00,0.12738136343448414
2024-07-15 14:10:00,0.18164869382305096
2024-07-15 14:20:00,0.1698351806805251
2024-07-15 14:30:00,0.18810808462944564
2024-07-15 14:40:00,0.3550985879234352
2024-07-15 14:50:00,1.176997213006551
2024-07-15 15:00:00,5.901010401316394
2024-07-15 15:10:00,19.287605282665943
2024-07-15 15:20:00,3.058071527520925
2024-07-15 15:30:00,1.3893535511214368
2024-07-15 15:40:00,1.0869128540752238
2024-07-15 15:50:00,0.5760016608807006
2024-07-15 16:00:00,1.4843886915896942
2024-07-15 16:10:00,1.1488198322398515
2024-07-15 16:20:00,1.365056882392199
2024-07-15 16:30:00,1.1343456274897499
2024-07-15 16:40:00,0.5438689193772713
2024-07-15 16:50:00,0.2514265412980499
2024-07-15 17:00:00,0.31848686416473326
2024-07-15 17:10:00,0.24293633103640347
2024-07-15 17:20:00,0.34824867228494844
2024-07-15 17:30:00,0.3932756634042325
2024-07-15 17:40:00,0.42425930105008364
2024-07-15 17:50:00,0.35155918692699256
2024-07-15 18:00:00,0.6942189447819116
2024-07-15 18:10:00,0.7760927092093755
2024-07-15 18:20:00,12.910225805532027
2024-07-15 18:30:00,0.8715203456643341
2024-07-15 18:40:00,1.1477759460838044
2024-07-15 18:50:00,0.2669315920625402
2024-07-15 19:00:00,0.22602248015611534
2024-07-15 19:10:00,0.2185051918748263
2024-07-15 19:20:00,0.30877785708327327
2024-07-15 19:30:00,0.3894407032209691
2024-07-15 19:40:00,0.3589342991977381
2024-07-15 19:50:00,0.2256712063088741
2024-07-15 20:00:00,0.20450432120827997
2024-07-15 20:10:00,0.2006683768480025
2024-07-15 20:20:00,0.18489425720365524
2024-07-15 20:30:00,0.21531795419875302
2024-07-15 20:40:00,0.16152349211345446
2024-07-15 20:50:00,0.21385960266249593
2024-07-15 21:00:00,0.3350465674394914
2024-07-15 21:10:00,0.3245422359688814
2024-07-15 21:20:00,0.5107713251780973
2024-07-15 21:30:00,0.42270828548985434
2024-07-15 21:40:00,0.3539727881014467
2024-07-15 21:50:00,0.32420506898002477
2024-07-15 22:00:00,0.41375615132122806
2024-07-15 22:10:00,0.36952278884177864
2024-07-15 22:20:00,0.4176884289609349
2024-07-15 22:30:00,0.3236795133485815
2024-07-15 22:40:00,0.2691395169824583
2024-07-15 22:50:00,0.3646758308493014
2024-07-15 23:00:00,0.30076125838923246
2024-07-15 23:10:00,0.2401762202944382
2024-07-15 23:20:00,0.22472160722564805
2024-07-15 23:30:00,0.28874543903624694
2024-07-15 23:40:00,0.3795835263722323
2024-07-15 23:50:00,0.3012453907218254
2024-07-16 00:00:00,0.2874669033582048
2024-07-16 00:10:00,0.3733188319407368
2024-07-16 00:20:00,0.3103354961718517
2024-07-16 00:30:00,0.32527040158160064
2024-07-16 00:40:00,0.27847763742798387
2024-07-16 00:50:00,0.3055837433721592
2024-07-16 01:00:00,0.037178493885633095
2024-07-16 01:10:00,0.03353258640300674
2024-07-16 01:20:00,0.14798834576454045
2024-07-16 01:30:00,0.1715773392022357
2024-07-16 01:40:00,0.3012830139282436
2024-07-16 01:50:00,0.4335973572761067
2024-07-16 02:00:00,0.4298848585274846
2024-07-16 02:10:00,0.6482057006598553
2024-07-16 02:20:00,0.5412638507625224
2024-07-16 02:30:00,0.47814021275986907
2024-07-16 02:40:00,0.3327719911215289
2024-07-16 02:50:00,0.38017688887235185
2024-07-16 03:00:00,0.057901948852310446
2024-07-16 03:10:00,0.11403892243955834
2024-07-16 03:20:00,0.44295932913585584
2024-07-16 03:30:00,0.10999050074201007
2024-07-16 03:40:00,0.0607735222761818
2024-07-16 03:50:00,0.2511998540319538
2024-07-16 04:00:00,0.3039934854568339
2024-07-16 04:10:00,0.38530873572606966
2024-07-16 04:20:00,0.4771157613463017
2024-07-16 04:30:00,0.37653661601380406
2024-07-16 04:40:00,0.38965401533437194
2024-07-16 04:50:00,0.3119566772437756
2024-07-16 05:00:00,0.29865464318184104
2024-07-16 05:10:00,0.27146793747464193
2024-07-16 05:20:00,0.5036299265840342
2024-07-16 05:30:00,0.3164019576431524
2024-07-16 05:40:00,0.30391966080120575
2024-07-16 05:50:00,0.3573520660112662
2024-07-16 06:00:00,0.3494094282841012
2024-07-16 06:10:00,0.5813107230828096
2024-07-16 10:00:00,0.24125563605049188
2024-07-16 10:10:00,0.1896892862064855
2024-07-16 10:20:00,0.42178826273376224
2024-07-16 10:30:00,0.1987295867369336
2024-07-16 10:40:00,0.5787718069354407
2024-07-16 10:50:00,0.5960712625493136
2024-07-16 11:00:00,0.43058513182201674
2024-07-16 11:10:00,0.46516150615767526
2024-07-16 11:20:00,0.6528612748695403
2024-07-16 11:30:00,0.46394214541058704
2024-07-16 11:40:00,0.42773835144387884
2024-07-16 11:50:00,0.33351067741578344
2024-07-16 12:00:00,0.22487247147228934
2024-07-16 12:10:00,0.2975421911299555
2024-07-16 12:20:00,0.3283479923263368
2024-07-16 12:30:00,0.3280193145044401
2024-07-16 12:40:00,0.2887437062985522
2024-07-16 12:50:00,0.27929800434555485
2024-07-16 13:00:00,0.30351292039323524
2024-07-16 13:10:00,0.40043749426993863
2024-07-16 13:20:00,0.3717868289191919
2024-07-16 13:30:00,0.6850026129936208
2024-07-16 13:40:00,1.0235356418578903
2024-07-16 13:50:00,1.165869750842814
2024-07-16 14:00:00,1.5334847740178492
2024-07-16 14:10:00,1.9801714103438206
2024-07-16 14:20:00,0.9483027658325293
2024-07-16 14:30:00,0.9964388210086281
2024-07-16 14:40:00,3.090136616264699
2024-07-16 14:50:00,1.8800193219052437
2024-07-16 15:00:00,0.4829064230120739
2024-07-16 15:10:00,0.3007518321915921
2024-07-16 15:20:00,0.3343739416938852
2024-07-16 15:30:00,0.40476217534553216
2024-07-16 15:40:00,0.5656845374704877
2024-07-16 15:50:00,1.2353277094599953
2024-07-16 16:00:00,0.47794468140727847
2024-07-16 16:10:00,0.41615315875827497
2024-07-16 16:20:00,1.3183067770617443
2024-07-16 16:30:00,1.7086044569341459
2024-07-16 16:40:00,1.768761473504847
2024-07-16 16:50:00,1.161632693730681
2024-07-16 17:00:00,1.0869710612943402
2024-07-16 17:10:00,0.8179914858440274
2024-07-16 17:20:00,3.272248535902804
2024-07-16 17:30:00,0.4321809992501354
2024-07-16 17:40:00,0.1995792154091102
2024-07-16 17:50:00,0.42300705296206276
2024-07-16 18:00:00,0.4271517477365242
2024-07-16 18:10:00,0.574781089849141
2024-07-16 18:20:00,0.34758267061409776
2024-07-16 18:30:00,0.34124494085459167
2024-07-16 18:40:00,0.3498182716656011
2024-07-16 18:50:00,0.3897939895730155
2024-07-16 19:00:00,0.6825127155737003
2024-07-16 19:10:00,0.37074727323837836
2024-07-16 19:20:00,0.32748428782640837
2024-07-16 19:30:00,0.5464120166475828
2024-07-16 19:40:00,0.5186113051427683
2024-07-16 19:50:00,0.28289304022086037
2024-07-16 20:00:00,0.2510713285917155
2024-07-16 20:10:00,0.37233153213802156
2024-07-16 20:20:00,0.3255343772630188
2024-07-16 20:30:00,0.43487723693610925
2024-07-16 20:40:00,0.7001384183788935
2024-07-16 20:50:00,0.3380520175747358
2024-07-16 21:00:00,0.363992136819723
2024-07-16 21:10:00,0.2936300343365363
2024-07-16 21:20:00,0.3071574513121958
2024-07-16 21:30:00,0.3563478734883835
2024-07-16 21:40:00,0.3731255359753294
2024-07-16 21:50:00,0.284378574234592
2024-07-16 22:00:00,0.3053296306854585
2024-07-16 22:10:00,0.33065239453029677
2024-07-16 22:20:00,0.3589551466722588
2024-07-16 22:30:00,0.33285266041963435
2024-07-16 22:40:00,0.2845842688650429
2024-07-16 22:50:00,0.3125986456695333
2024-07-16 23:00:00,0.3205240074318499
2024-07-16 23:10:00,0.2837987144197961
2024-07-16 23:20:00,0.2727607567265529
2024-07-16 23:30:00,0.21057976141015605
2024-07-18 08:30:00,1.2248106382185986
2024-07-18 08:40:00,1.0527829401996092
2024-07-18 08:50:00,0.7123314323152439
2024-07-18 09:00:00,0.49448513987197923
2024-07-18 09:10:00,0.14845052203499495
2024-07-18 09:20:00,0.6421929308863407
2024-07-18 09:30:00,0.32468638150722184
2024-07-18 09:40:00,0.9310513879890445
2024-07-18 09:50:00,1.203049840676565
2024-07-18 10:00:00,1.132634406471021
2024-07-18 10:10:00,0.5626261565929552
2024-07-18 10:20:00,0.38246359261557233
2024-07-18 10:30:00,0.47656406047468153
2024-07-18 10:40:00,0.48094421194431886
2024-07-18 10:50:00,0.2821913538468346
2024-07-18 11:00:00,0.028263278389905788
2024-07-18 11:10:00,0.19548194843328034
2024-07-18 11:20:00,0.19061490377938606
2024-07-18 11:30:00,0.36055659538502616
2024-07-18 11:40:00,-0.02377500856617639
2024-07-18 11:50:00,0.02399310659520197
2024-07-18 12:00:00,-0.19609156732893113
2024-07-18 12:10:00,-0.2656498897493468
2024-07-18 12:20:00,0.760866087651062
2024-07-18 12:30:00,0.81658121036918
2024-07-18 12:40:00,0.8642832441129081
2024-07-18 12:50:00,8.15311181150096
2024-07-18 13:00:00,2.756354040448291
2024-07-18 13:10:00,-11.42923593067315
2024-07-18 13:20:00,1.7517457759128403
2024-07-18 13:30:00,0.6692095653130572
2024-07-18 13:40:00,7.290507453888226
2024-07-18 13:50:00,1.0190646071231888
2024-07-18 14:00:00,0.8775781683644802
2024-07-18 14:10:00,0.5115881546636437
2024-07-18 14:20:00,0.5687117872940245
2024-07-18 14:30:00,1.3585490348501443
2024-07-18 14:40:00,2.4852556517891338
2024-07-18 14:50:00,1.6084860316170768
2024-07-18 15:00:00,0.9291782088562389
2024-07-18 15:10:00,1.0465475802609423
2024-07-18 15:20:00,0.7069427218540106
2024-07-18 15:30:00,1.3716073839980212
2024-07-18 15:40:00,0.16163379716260634
2024-07-18 15:50:00,0.962882778672181
2024-07-18 16:10:00,-19.011368040353503
2024-07-18 16:20:00,0.7115472169029565
2024-07-18 16:30:00,0.3153305592149365
2024-07-18 16:40:00,0.7305356490218682
2024-07-18 16:50:00,7.903680429873065
2024-07-18 17:00:00,9.832935437656442
2024-07-18 17:10:00,2.1451565767960696
2024-07-18 17:20:00,2.60661857290544
2024-07-18 17:30:00,1.4912881260751765
2024-07-18 17:40:00,1.967063299996095
2024-07-18 17:50:00,1.3359643008915574
2024-07-18 18:00:00,1.1861408908071764
2024-07-18 18:10:00,0.43626339286342375
2024-07-18 18:20:00,0.46070617397749725
2024-07-18 18:30:00,1.0104022259520964
2024-07-18 18:40:00,1.0761471503234632
2024-07-18 18:50:00,2.874420470484674
2024-07-18 19:00:00,5.68979920565151
2024-07-18 19:10:00,2.863754901302192
2024-07-18 19:20:00,7.060438099462107
2024-07-18 19:30:00,1.6651585519413479
2024-07-18 19:40:00,0.8377999000038874
2024-07-18 19:50:00,0.8803408928822015
2024-07-18 20:00:00,0.9163663702151318
2024-07-18 20:10:00,1.9310464543768122
2024-07-18 20:20:00,2.0661738140126924
2024-07-18 20:30:00,2.608546646356474
2024-07-18 20:40:00,0.7603715509933124
2024-07-18 20:50:00,2.1573649494483247
2024-07-18 21:00:00,1.3179065244154655
2024-07-18 21:10:00,1.5973861075952827
2024-07-18 21:20:00,0.9385136689800859
2024-07-18 21:30:00,2.658653836925806
2024-07-18 21:40:00,2.426779565278271
2024-07-18 21:50:00,1.4518776180188222
2024-07-18 22:00:00,1.5843755518899678
2024-07-18 22:10:00,1.0782761474890397
2024-07-18 22:20:00,0.5258827616704634
2024-07-18 22:30:00,1.0679534809229896
2024-07-18 22:40:00,1.267735675934377
2024-07-18 22:50:00,0.8887031075831084
2024-07-18 23:00:00,0.6592337856681245
2024-07-18 23:10:00,0.9430704971549273
2024-07-18 23:20:00,4.322074490765155
2024-07-18 23:30:00,1.6024172905775955
2024-07-18 23:40:00,2.466115937036146
2024-07-18 23:50:00,1.337091533215882
2024-07-19 00:00:00,1.5098850471826613
2024-07-19 00:20:00,5.08115065287464
2024-07-19 00:30:00,25.398306248565763
2024-07-19 00:40:00,3.5695866893013033
2024-07-19 00:50:00,13.921673235116096
2024-07-19 01:00:00,1.6169592107918513
2024-07-19 01:10:00,3.2045402427696805
2024-07-19 01:20:00,3.4391704306837387
2024-07-19 01:30:00,1.080200098174445
2024-07-19 01:40:00,4.902368772995034
2024-07-19 01:50:00,9.266066162219612
2024-07-19 02:00:00,4.985209721137524
2024-07-19 02:10:00,0.2357467488125385
2024-07-19 02:20:00,0.26133902792844904
2024-07-19 02:30:00,0.1785232176258783
2024-07-19 02:40:00,0.4057042023822299
2024-07-19 02:50:00,0.24788190532719726
2024-07-19 03:00:00,0.14559277394523704
2024-07-19 03:10:00,0.33240988517925285
2024-07-19 03:20:00,0.787889650525569
2024-07-19 03:30:00,3.3482311392970923
2024-07-19 03:40:00,0.6492893366599022
2024-07-19 03:50:00,0.5001389197733878
2024-07-19 04:00:00,0.2804812238048383
2024-07-19 04:10:00,0.524346357259533
2024-07-19 04:20:00,0.3328871282910389
2024-07-19 04:30:00,0.7315321967704009
2024-07-19 04:40:00,0.6394005689320972
2024-07-19 04:50:00,0.30510112168885656
2024-07-19 05:00:00,0.38508181651878975
2024-07-19 05:10:00,0.25796954337363026
2024-07-19 05:20:00,0.35035913694906673
2024-07-19 05:30:00,0.2692492311824256
2024-07-19 05:40:00,0.24342883064988458
2024-07-19 05:50:00,0.3630570948663534
2024-07-19 06:00:00,0.31659368768814194
2024-07-19 06:10:00,0.21645267261714607
2024-07-19 06:20:00,0.21830322162652652
2024-07-19 06:30:00,0.3147878095184009
2024-07-19 06:40:00,0.35255646760031767
2024-07-19 06:50:00,0.6872882906141492
2024-07-19 07:00:00,0.5346481234940665
2024-07-19 07:10:00,0.2692114990058357
2024-07-19 07:20:00,0.398703881923942
2024-07-19 07:30:00,4.245265021684793
2024-07-19 07:40:00,1.7396616292871323
2024-07-19 07:50:00,0.9813842182409723
2024-07-19 08:00:00,1.0863172915458064
2024-07-19 08:10:00,1.1731030617549945
2024-07-19 08:20:00,2.5697935762882773
2024-07-19 08:30:00,0.33082695736208384
2024-07-19 08:40:00,0.6462109969107536
2024-07-19 08:50:00,0.2503252038685711
2024-07-19 09:00:00,0.8541644193419179
2024-07-19 09:10:00,0.5495587036347518
2024-07-19 09:20:00,0.3099411960955124
2024-07-19 09:30:00,0.5389681015001064
2024-07-19 09:40:00,5.378293120413073
2024-07-19 09:50:00,0.9282675441403248
2024-07-19 10:00:00,-0.09931432965949956
2024-07-19 10:10:00,0.8246604756978564
2024-07-19 10:20:00,5.537240537420413
2024-07-19 10:30:00,0.532634721111212
2024-07-19 10:40:00,6.349404629400717
2024-07-19 10:50:00,-8.275827746374196
2024-07-19 11:00:00,-1.8658352985622522
2024-07-19 11:10:00,0.7508295246799608
2024-07-19 11:20:00,0.41966872732168836
2024-07-19 11:30:00,-0.43544002260298675
2024-07-19 11:40:00,1.9997721903078784
2024-07-19 11:50:00,-0.6519748369324508
2024-07-19 12:00:00,1.0565344622197022
2024-07-19 12:10:00,-2.643499016980244
2024-07-19 12:20:00,1.0385617068066877
2024-07-19 12:30:00,1.4944348363636277
2024-07-19 12:40:00,6.613379133544689
2024-07-19 12:50:00,-0.35876314586298663
2024-07-19 13:00:00,0.8836534076966623
2024-07-19 13:10:00,-19.916812944315637
2024-07-19 13:20:00,5.811965934015946
2024-07-19 13:30:00,-2.7210195456713513
2024-07-19 13:40:00,0.5923585661927174
2024-07-19 13:50:00,6.848310806676969
2024-07-19 14:00:00,2.1641028532059177
2024-07-19 14:10:00,0.26210624301899677
2024-07-19 14:20:00,2.912848621482289
2024-07-19 14:30:00,-0.3451158692427685
2024-07-19 14:40:00,3.3605410584438085
2024-07-19 14:50:00,1.5487565071092362
2024-07-19 15:00:00,4.807270929953634
2024-07-19 15:10:00,-0.22617698052235735
2024-07-19 15:20:00,9.298827461174044
2024-07-19 15:30:00,12.82138614733593
2024-07-19 15:40:00,-3.350936963989931
2024-07-19 15:50:00,17.023416157222357
2024-07-19 16:00:00,1.9409710072372939
2024-07-19 16:10:00,26.50175029037164
2024-07-19 16:20:00,3.9785169670960476
2024-07-19 16:30:00,4.420229045819964
2024-07-19 16:40:00,6.132826641371107
2024-07-19 16:50:00,16.052522480213756
2024-07-19 17:00:00,17.788532467582836
2024-07-19 17:10:00,25.43870962200826
2024-07-19 17:20:00,15.494183177834586
2024-07-19 17:30:00,27.20216424210349
2024-07-19 17:40:00,42.20585166457729
2024-07-19 17:50:00,41.36302933472317
2024-07-19 18:00:00,6.8934109946429825
2024-07-19 18:10:00,21.908655657157603
2024-07-19 18:20:00,155.8254289491023
2024-07-19 18:30:00,18.945253658171968
2024-07-19 18:40:00,121.02972192369569
2024-07-19 18:50:00,9.53395364520493
2024-07-19 19:00:00,55.13455480712539
2024-07-19 19:10:00,1815.9668857031968
2024-07-19 19:20:00,90.85837958345826
2024-07-19 19:30:00,1.8173086349589775
2024-07-19 19:40:00,6.641447609890628
2024-07-19 19:50:00,220.7979362842841
2024-07-19 20:00:00,6.027982991768511
2024-07-19 20:10:00,21.561934571838187
2024-07-19 20:20:00,10.21850055387323
2024-07-19 20:30:00,70.49743823537057
2024-07-19 20:40:00,129.55563128221652
2024-07-19 20:50:00,29.01544331092122
2024-07-19 21:00:00,6.45308941951145
2024-07-19 21:10:00,18.651742319270586
2024-07-19 21:20:00,33.98584747707489
2024-07-19 21:30:00,19.4956734629987
2024-07-19 21:40:00,51.850095038531755
2024-07-19 21:50:00,4.938226674214624
2024-07-19 22:00:00,1.203505327845317
2024-07-19 22:10:00,9.752001233477992
2024-07-19 22:20:00,1.5233670644449253
2024-07-19 22:30:00,6.8239811063931635
2024-07-19 22:40:00,1.496262574895697
2024-07-19 22:50:00,0.18997736271422241
2024-07-19 23:00:00,0.5592362126712521
2024-07-19 23:10:00,1.0670491671437667
2024-07-19 23:20:00,0.5308663009277327
2024-07-19 23:30:00,0.7941098036028769
2024-07-19 23:40:00,0.40037351935153576
2024-07-19 23:50:00,0.07276629518889116
2024-07-20 00:00:00,0.4172544531651904
2024-07-20 00:10:00,-0.2054990500576068
2024-07-20 00:20:00,-0.5694224416613524
2024-07-20 00:30:00,0.07030523105194497
2024-07-20 00:40:00,0.24777953089144197
2024-07-20 00:50:00,0.328141720914497
2024-07-20 01:00:00,-4.511899861956872
2024-07-20 01:10:00,-1.2482753930103145
2024-07-20 01:20:00,-0.3012507473290428
2024-07-20 01:30:00,-1.3277041067853321
2024-07-20 01:40:00,-0.6953973358576364
2024-07-20 01:50:00,-44.94746685608348
2024-07-20 02:00:00,-29.341398104267697
2024-07-20 02:10:00,-13.557671542423034
2024-07-20 02:20:00,-1.8758660589510985
2024-07-20 02:30:00,-7.458718236138604
2024-07-20 02:40:00,-47.364831391547305
2024-07-20 02:50:00,-13.458760165929442
2024-07-20 03:00:00,-56.355284348213516
2024-07-20 03:10:00,-13.543428980830363
2024-07-20 03:20:00,-73.96546002629594
2024-07-20 03:30:00,-1.11806421169011
2024-07-20 03:40:00,-3.0758811578485385
2024-07-20 03:50:00,-418.367484969984
2024-07-20 04:00:00,-3.756120579595985
2024-07-20 04:10:00,-3.1064157781708936
2024-07-20 04:20:00,-184.4466502926429
2024-07-20 04:30:00,-1.4839514068823347
2024-07-20 04:40:00,-3.4335025791752436
2024-07-20 04:50:00,-0.6977582921106393
2024-07-20 05:00:00,-0.34580041991207977
2024-07-20 05:10:00,-1.6581942778547045
2024-07-20 05:20:00,-0.26892892604713436
2024-07-20 05:30:00,0.41364337832383663
2024-07-20 05:40:00,-3.0540788271350223
2024-07-20 05:50:00,-0.3776837950808163
2024-07-20 06:00:00,-0.4427983499176924
2024-07-20 06:10:00,0.8653532749132822
2024-07-20 06:20:00,-0.7334286638482922
2024-07-20 06:30:00,-0.48471346300389584
2024-07-20 06:40:00,0.989335565630112
2024-07-20 06:50:00,0.9168726062144645
2024-07-20 07:00:00,-9.91494464162751
2024-07-20 07:10:00,-8.489925897879711
2024-07-20 07:20:00,-2.5085595834290624
2024-07-20 07:30:00,-17.418919508345358
2024-07-20 07:40:00,-2.176251002679287
2024-07-20 07:50:00,-1.2880713783777484
2024-07-20 08:00:00,-45.261377551335336
2024-07-20 08:10:00,-2.6253659834380425
2024-07-20 08:20:00,-0.5215035261939783
2024-07-20 08:30:00,-106.9388322085313
2024-07-20 08:40:00,-53.73380078491447
2024-07-20 08:50:00,-2.317184728416401
2024-07-20 09:00:00,0.6609822187532075
2024-07-20 09:10:00,1.1902788611001154
2024-07-20 09:20:00,1.564590661818453
2024-07-20 09:30:00,12.279827164249074
2024-07-20 09:40:00,-0.15195698858842505
2024-07-20 09:50:00,-4.338125224901864
2024-07-20 10:00:00,-1.4820117908800585
2024-07-20 10:10:00,1.7991302254051842
2024-07-20 10:20:00,0.2713979984078546
2024-07-20 10:30:00,0.5211900381249834
2024-07-20 10:40:00,7.470796063564701
2024-07-20 10:50:00,1.895106585692109
2024-07-20 11:00:00,0.7936337698641466
2024-07-20 11:10:00,-0.4818158343443668
2024-07-20 11:20:00,1.5809448902578647
2024-07-20 11:30:00,-0.451899285630137
2024-07-20 12:00:00,-8.382103661095579
2024-07-20 12:10:00,-0.4351783162454548
2024-07-20 12:20:00,0.011553619397034701
2024-07-20 12:30:00,0.6129037666934046
2024-07-20 12:40:00,-0.15880732494751068
2024-07-20 12:50:00,0.7170549619961262
2024-07-20 13:10:00,0.5967728414514996
2024-07-20 13:20:00,0.505815044911777
2024-07-20 13:30:00,0.7233226240527391
2024-07-20 13:40:00,0.9153092592075588
2024-07-20 13:50:00,0.37492173068572565
2024-07-20 14:00:00,0.8577556923946478
2024-07-20 14:10:00,0.5667495719386931
2024-07-20 14:20:00,0.6091342844844185
2024-07-20 14:30:00,0.3868902955476156
2024-07-20 14:40:00,0.8287967648187199
2024-07-20 14:50:00,1.4168896512323732
2024-07-20 15:00:00,0.45071974583317626
2024-07-20 15:10:00,0.40571962428418085
2024-07-20 15:20:00,0.7181465260290348
2024-07-20 15:30:00,0.3072495907552816
2024-07-20 15:40:00,0.5874001716764211
2024-07-20 15:50:00,0.57136718972215
2024-07-20 16:00:00,0.5159250876170174
2024-07-20 16:10:00,0.7910394447826147
2024-07-20 16:20:00,0.7434911848974864
2024-07-20 16:30:00,0.5421493134715603
2024-07-20 16:40:00,0.9273585224097574
2024-07-20 16:50:00,0.7885634911562662
2024-07-20 17:00:00,1.4508136518487367
2024-07-20 17:10:00,1.114549672639642
2024-07-20 17:20:00,0.968300084558049
2024-07-20 17:30:00,0.9779895399798726
2024-07-20 17:40:00,0.480607033997781
2024-07-20 17:50:00,0.533147892030421
2024-07-20 18:00:00,0.3908052215352813
2024-07-20 18:10:00,0.8770931921602394
2024-07-20 18:20:00,0.7160915735681346
2024-07-20 18:30:00,0.28128588377175606
2024-07-20 18:40:00,0.18355819486737368
2024-07-20 18:50:00,0.1574321954164695
2024-07-20 19:00:00,0.48671356112104835
2024-07-20 19:10:00,0.656034102976132
2024-07-20 19:20:00,-0.06085717401748666
2024-07-20 19:30:00,0.6173448814930209
2024-07-20 19:40:00,0.05663855728659971
2024-07-20 19:50:00,0.5282595140108743
2024-07-20 20:00:00,0.3060661588062261
2024-07-20 20:10:00,0.41644522569751297
2024-07-20 20:20:00,0.0656875843014069
2024-07-20 20:30:00,0.12938919397603954
2024-07-20 20:40:00,0.3148586979655782
2024-07-20 20:50:00,0.25098287154330545
2024-07-20 21:00:00,0.19672668180372282
2024-07-20 21:10:00,0.16840284652818174
2024-07-20 21:20:00,0.09038557967318812
2024-07-20 21:30:00,0.3714681370043502
2024-07-20 21:40:00,0.18310380819221422
2024-07-20 21:50:00,0.04108650669018737
2024-07-20 22:00:00,0.09171138134007284
2024-07-20 22:10:00,0.04379645945875271
2024-07-20 22:20:00,0.16895901711740466
2024-07-20 22:30:00,-0.08392837516123168
2024-07-20 22:40:00,0.07891775865583626
2024-07-20 22:50:00,0.14357245849612457
2024-07-20 23:00:00,-0.017824350977987447
2024-07-20 23:10:00,0.14566333973111228
2024-07-20 23:20:00,0.38267009955044395
2024-07-20 23:30:00,0.2574305870356116
2024-07-20 23:40:00,-0.1500504855929872
2024-07-20 23:50:00,0.1349519384148638
2024-07-21 00:00:00,0.5677798078272982
2024-07-21 00:10:00,0.2684970521926632
2024-07-21 00:20:00,2.633847748366041
2024-07-21 00:30:00,0.7096125706197303
2024-07-21 00:40:00,1.5379047932711802
2024-07-21 00:50:00,0.9296614618177578
2024-07-21 01:00:00,1.1888259728554675
2024-07-21 01:10:00,0.7839194440505327
2024-07-21 01:20:00,0.8895212948909897
2024-07-21 01:30:00,2.9439423806248324
2024-07-21 01:40:00,0.1713081666353209
2024-07-21 01:50:00,0.718930018910765
2024-07-21 02:00:00,0.5223219633951224
2024-07-21 02:10:00,0.1891549319209363
2024-07-21 02:20:00,0.28334006720871296
2024-07-21 02:30:00,0.22058305078874274
2024-07-21 02:40:00,0.06403559940435254
2024-07-21 02:50:00,0.5024954101698194
2024-07-21 03:00:00,-2.0933261130278042
2024-07-21 03:10:00,-0.5469484219297557
2024-07-21 03:20:00,-0.5376679917576637
2024-07-21 03:30:00,-0.6829280102549079
2024-07-21 03:40:00,-2.6157006168281516
2024-07-21 03:50:00,1.5689698611197676
2024-07-21 04:00:00,-2.6620675261871103
2024-07-21 04:10:00,-1.8241909781586714
2024-07-21 04:20:00,-1.001170939920712
2024-07-21 04:30:00,-1.2913682264747384
2024-07-21 09:10:00,0.3429277813445548
2024-07-21 09:20:00,0.222438123561599
2024-07-21 09:30:00,0.22740576348927483
2024-07-21 09:40:00,0.16380904797840853
2024-07-21 09:50:00,0.3265704041123141
2024-07-21 10:00:00,0.9512685177565798
2024-07-21 10:10:00,2.4416882667259645
2024-07-21 10:20:00,1.251450204378897
2024-07-21 10:30:00,0.28570525599475827
2024-07-21 10:40:00,0.170811920977949
2024-07-21 10:50:00,0.056248140730474905
2024-07-21 11:00:00,0.1975406222830883
2024-07-21 11:10:00,19.87936673791505
2024-07-21 11:20:00,9.589733021419232
2024-07-21 11:30:00,2.5507584494816453
2024-07-21 11:40:00,1.166942868099054
2024-07-21 11:50:00,70.49822109600404
2024-07-21 12:00:00,1.900914103408451
2024-07-21 12:10:00,0.4532168849492665
2024-07-21 12:20:00,1.1597701451031195
2024-07-21 12:30:00,0.745755724071426
2024-07-21 12:40:00,2.603112061473771
2024-07-21 12:50:00,0.39988956542959725
2024-07-21 13:00:00,3.002718049844796
2024-07-21 13:10:00,0.477355525485435
2024-07-21 13:20:00,1.0020556258528495
2024-07-21 13:30:00,21.09359641888866
2024-07-21 13:50:00,1.8928753857969562
2024-07-21 14:00:00,2.222937402960469
2024-07-21 14:10:00,1.420382983814888
2024-07-21 14:20:00,0.47811424807861674
2024-07-21 14:30:00,2.6296157416015977
2024-07-21 14:40:00,1.1375330513186834
2024-07-21 14:50:00,2.0005930386729043
2024-07-21 15:00:00,3.6550866671644484
2024-07-21 15:10:00,2.8327113569054423
2024-07-21 15:20:00,2.069244288847263
2024-07-21 15:30:00,4.325088078098055
2024-07-21 15:40:00,1.4120966682518636
2024-07-21 15:50:00,15.705975826449112
2024-07-21 16:00:00,14.949632508634819
2024-07-21 16:10:00,1.610865819681617
2024-07-21 16:20:00,1.1301984939758534
2024-07-21 16:30:00,0.9185978019632516
2024-07-21 16:40:00,0.7879975765946766
2024-07-21 16:50:00,0.47108893438532184
2024-07-21 17:00:00,0.25067793820301154
2024-07-21 17:10:00,0.578236866325173
2024-07-21 17:20:00,1.1925770791013928
2024-07-21 17:30:00,0.7137316493760286
2024-07-21 17:40:00,1.547033993290255
2024-07-21 17:50:00,0.5424849580800222
2024-07-21 18:00:00,4.166130244873198
2024-07-21 18:10:00,2.639003383599489
2024-07-21 18:20:00,0.6430734718823369
2024-07-21 18:30:00,1.0381317968709622
2024-07-21 18:40:00,0.3263462126577002
2024-07-21 18:50:00,1.3551651554565682
2024-07-21 19:00:00,0.341392078597549
2024-07-21 19:10:00,1.19065917354379
2024-07-21 19:20:00,0.40753008657719636
2024-07-21 19:30:00,-0.36607215621266365
2024-07-21 19:40:00,0.13570859583703565
2024-07-21 19:50:00,-0.45245501345695305
2024-07-21 20:00:00,0.5704544857850856
2024-07-21 20:10:00,-0.8418070332304339
2024-07-21 20:20:00,1.08986038439533
2024-07-21 20:30:00,-0.7675269766245272
2024-07-21 20:40:00,-0.0640813763249841
2024-07-21 20:50:00,0.1215738413584297
2024-07-21 21:00:00,0.10647860280082773
2024-07-21 21:10:00,0.3959931895797443
2024-07-21 21:20:00,0.41548368486304443
2024-07-21 21:30:00,0.24527999803821793
2024-07-21 21:40:00,0.4621884966727427
2024-07-21 21:50:00,-0.16399383381011368
2024-07-21 22:00:00,0.700036318552782
2024-07-21 22:10:00,0.5307756073231172
2024-07-21 22:20:00,0.34489868799714163
2024-07-21 22:30:00,0.40621079730407594
2024-07-21 22:40:00,0.7032266408960198
2024-07-21 22:50:00,0.6682341853719026
2024-07-21 23:00:00,0.6630590108977139
2024-07-21 23:10:00,0.5584447696955163
2024-07-21 23:20:00,1.5080234710377223
2024-07-21 23:30:00,1.2992132608295064
2024-07-21 23:40:00,0.6636945459657564
2024-07-21 23:50:00,0.7786897926391004
2024-07-22 00:00:00,0.45537551829810796
2024-07-22 00:10:00,0.6105091162194477
2024-07-22 00:20:00,0.6270737585313485
2024-07-22 00:30:00,0.5311182325302296
2024-07-22 00:40:00,0.6648910942920304
2024-07-22 00:50:00,0.8674470430855907
2024-07-22 01:00:00,0.5986256841875571
2024-07-22 01:10:00,0.27947695972201714
2024-07-22 01:20:00,0.6330532899276178
2024-07-22 01:30:00,0.48908461617347326
2024-07-22 01:40:00,0.4557028627408502
2024-07-22 01:50:00,0.5080857030661342
2024-07-22 02:00:00,0.6434003764129581
2024-07-22 02:10:00,0.4718031147500501
2024-07-22 02:20:00,0.44330115101304235
2024-07-22 02:30:00,0.9440930987560181
2024-07-22 02:40:00,0.6370713814395284
2024-07-22 02:50:00,0.48163395316183527
2024-07-22 03:00:00,0.5758133124183223
2024-07-22 03:10:00,0.5590463322296193
2024-07-22 03:20:00,0.5747434117810706
2024-07-22 03:30:00,0.3697022479829184
2024-07-22 03:40:00,0.6813127168623927
2024-07-22 03:50:00,0.5187830190324848
2024-07-22 04:00:00,0.33027203441385156
2024-07-22 04:10:00,0.35139111400009476
2024-07-22 04:20:00,0.3936219135224192
2024-07-22 04:30:00,0.2744309111764035
2024-07-22 04:40:00,0.7833524722823089
2024-07-22 04:50:00,0.39666780016925574
2024-07-22 05:00:00,0.2837982460430103
2024-07-22 05:10:00,0.24469542329578658
2024-07-22 05:20:00,0.2088849812093831
2024-07-22 05:30:00,0.21823279114661887
2024-07-22 05:40:00,0.22239975439118254
2024-07-22 05:50:00,0.2561384890504739
2024-07-22 06:00:00,0.1748621962434435
2024-07-22 06:10:00,0.2328807426823655
2024-07-22 06:20:00,0.5336860209680276
2024-07-22 06:30:00,0.4874356985142101
2024-07-22 06:40:00,0.4193546811887417
2024-07-22 06:50:00,0.655811098988126
2024-07-22 07:00:00,0.24534288586252567
2024-07-22 07:10:00,0.32620458312196804
2024-07-22 07:20:00,0.6058033254456081
2024-07-22 07:30:00,0.5600601526530642
2024-07-22 07:40:00,0.4153031647587896
2024-07-22 07:50:00,0.22963087112827113
2024-07-22 08:00:00,0.2695021541465843
2024-07-22 08:10:00,0.2193372262357533
2024-07-22 08:20:00,0.14815542441967844
2024-07-22 08:30:00,0.25261192049516284
2024-07-22 08:40:00,0.16580139269564956
2024-07-22 08:50:00,0.21121072552945144
2024-07-22 09:00:00,0.3867412391819045
2024-07-22 09:10:00,0.2793465769686892
2024-07-22 09:20:00,0.2876569838528819
2024-07-22 09:30:00,0.39454279318419083
2024-07-22 09:40:00,0.3489361673753251
2024-07-22 09:50:00,0.2473136224071096
2024-07-22 10:00:00,0.25950043820560925
2024-07-22 10:10:00,0.2211864407583869
2024-07-22 10:20:00,0.3672872530202666
2024-07-22 10:30:00,0.3955583736146398
2024-07-22 10:40:00,0.40400605841007625
2024-07-22 10:50:00,0.5781777622921197
2024-07-22 11:10:00,0.18973247103047533
2024-07-22 11:20:00,0.3279712915318614
2024-07-22 11:30:00,0.2659001420148345
2024-07-22 11:40:00,0.2537596084514961
2024-07-22 11:50:00,0.13457100802126823
2024-07-22 12:00:00,0.1519891281651506
2024-07-22 12:10:00,0.1814335589245075
2024-07-22 12:20:00,0.2007272452920029
2024-07-22 12:30:00,0.17803754330823643
2024-07-22 12:40:00,0.49206048167719807
2024-07-22 12:50:00,0.3595479226102252
2024-07-22 13:00:00,1.2238227075410006
2024-07-22 13:10:00,1.8532077888225307
2024-07-22 13:20:00,1.5448742672614217
2024-07-22 13:30:00,4.170859672209807
2024-07-22 13:40:00,3.1275438549403267
2024-07-22 13:50:00,12.005728587863493
2024-07-22 14:00:00,11.280781142910179
2024-07-22 14:10:00,8.77923306723163
2024-07-22 14:20:00,73.71932116046122
2024-07-22 14:30:00,672.1609185837473
2024-07-22 14:40:00,8.942847356298783
2024-07-22 14:50:00,3.302594028249622
2024-07-22 15:00:00,4.749641814337673
2024-07-22 15:10:00,20.91916401981591
2024-07-22 15:20:00,2.9987708963750035
2024-07-22 15:30:00,3.8657876116471543
2024-07-22 15:40:00,1.487637298975588
2024-07-22 15:50:00,1.0888081132083598
2024-07-22 16:00:00,1.0894216425225542
2024-07-22 16:10:00,1.1577023714636898
2024-07-22 16:20:00,0.40769142463526603
2024-07-22 16:30:00,0.3417542638177615
2024-07-22 16:40:00,0.9690827368502685
2024-07-22 16:50:00,0.6904789679233224
2024-07-22 17:00:00,1.9308862372058226
2024-07-22 17:10:00,0.10349740801294569
2024-07-22 17:20:00,0.7311435190087479
2024-07-22 17:30:00,0.12733427658560154
2024-07-22 17:40:00,6.884802860043345
2024-07-22 17:50:00,1.4694907168833622
2024-07-22 18:00:00,-1.0161319708826526
2024-07-22 18:10:00,-0.038535034695130845
2024-07-22 18:20:00,3.964498570752863
2024-07-22 18:30:00,0.9285197629976875
2024-07-22 18:40:00,2.5204377411856
2024-07-22 18:50:00,0.915071471791769
2024-07-22 19:00:00,1.9760151543938431
2024-07-22 19:10:00,2.211665485849262
2024-07-22 19:20:00,1.2460792424243436
2024-07-22 19:30:00,1.812248454250889
2024-07-22 19:40:00,1.666088180837727
2024-07-22 19:50:00,1.0708750019881756
2024-07-22 20:00:00,0.8913291748703268
2024-07-22 20:10:00,0.4713418463618461
2024-07-22 20:20:00,0.7547088392982513
2024-07-22 20:30:00,0.48182517591671564
2024-07-22 20:40:00,2.1083108307587075
2024-07-22 20:50:00,2.192247855525545
2024-07-22 21:00:00,1.6496918777503145
2024-07-22 21:10:00,0.41996941617795924
2024-07-22 21:20:00,1.2937228165964865
2024-07-22 21:30:00,0.9989683129391277
2024-07-22 21:40:00,1.102044305283709
2024-07-22 21:50:00,1.3921359922710337
2024-07-22 22:00:00,-0.01959028368909099
2024-07-22 22:10:00,-1.2206115943507807
2024-07-22 22:20:00,-1.5252711349487682
2024-07-22 22:30:00,0.9610519647970159
2024-07-22 22:40:00,2.1565147416183237
2024-07-22 22:50:00,1.3388397225442779
2024-07-22 23:00:00,2.8958445812651017
2024-07-22 23:10:00,3.178870532187087
2024-07-22 23:20:00,3.2076134111465944
2024-07-22 23:30:00,2.278725028887284
2024-07-22 23:40:00,6.347561098823211
2024-07-22 23:50:00,2.038877445388235
2024-07-23 00:00:00,2.7377902334157302
2024-07-23 00:10:00,2.2899200482935718
2024-07-23 00:20:00,1.8584937059321396
2024-07-23 00:30:00,2.0359831794293193
2024-07-23 00:40:00,0.7644099068745108
2024-07-23 00:50:00,1.2896801716324826
2024-07-23 01:00:00,1.8851193719359156
2024-07-23 01:10:00,0.8459842706719205
2024-07-23 01:20:00,0.2041002725155615
2024-07-23 01:30:00,0.408394697680687
2024-07-23 01:40:00,0.37684044851885756
2024-07-23 03:00:00,1.8451293993975626
2024-07-23 03:10:00,4.132998225590798
2024-07-23 03:20:00,1.6984975235497155
2024-07-23 03:30:00,0.720614648577054
2024-07-23 03:40:00,0.22689680439628246
2024-07-23 03:50:00,0.45374863579999153
2024-07-23 04:00:00,0.7821061403469132
2024-07-23 04:10:00,-1.890936727659031
2024-07-23 04:20:00,-2.395092001580098
2024-07-23 04:30:00,-1.640893059320763
2024-07-23 04:40:00,0.25419963124461714
2024-07-23 04:50:00,-1.6389832584710524
2024-07-23 05:00:00,1.099696743655065
2024-07-23 05:10:00,0.46948195455740066
2024-07-23 05:20:00,0.1750917778393161
2024-07-23 05:30:00,1.1932959669030452
2024-07-23 05:40:00,0.630902879623744
2024-07-23 09:20:00,0.18366355455365124
2024-07-23 09:30:00,1.2720614928661842
2024-07-23 09:40:00,0.7417573056835697
2024-07-23 09:50:00,0.9723354766082807
2024-07-23 10:00:00,0.7729184378366675
2024-07-23 10:10:00,0.4575314803430644
2024-07-23 10:20:00,0.24456108636744517
2024-07-23 10:30:00,0.658395060233706
2024-07-23 10:40:00,0.3799090163713088
2024-07-23 10:50:00,0.3798197357844305
2024-07-23 11:00:00,0.3110722050415815
2024-07-23 11:10:00,0.4310810629717946
2024-07-23 11:20:00,1.4050156116618593
2024-07-23 11:30:00,1.842532153969401
2024-07-23 11:40:00,0.559201604883833
2024-07-23 11:50:00,0.6890573906833068
2024-07-23 12:00:00,0.8222874259595864
2024-07-23 12:10:00,0.24524502271280257
2024-07-23 12:20:00,0.6985885672857569
2024-07-23 12:30:00,0.22797264499523714
2024-07-23 12:40:00,0.1495913384562443
2024-07-23 12:50:00,0.17128048756506012
2024-07-23 13:00:00,0.12702798628972603
2024-07-23 13:10:00,0.22925206387216407
2024-07-23 13:20:00,0.12350442472779868
2024-07-23 13:30:00,0.11540818050135161
2024-07-23 13:40:00,0.18111794998033903
2024-07-23 13:50:00,0.16141868637136264
2024-07-23 14:00:00,0.11940543994314448
2024-07-23 14:10:00,0.10427556007902374
2024-07-23 14:20:00,0.20562428185542866
2024-07-23 14:30:00,0.18104203222467313
2024-07-23 14:40:00,0.27771137894214243
2024-07-23 14:50:00,0.1661503859679493
2024-07-23 15:00:00,0.23287866009674874
2024-07-23 15:10:00,0.39595085515567907
2024-07-23 15:20:00,0.20722174631832233
2024-07-23 15:30:00,0.22610809134718415
2024-07-23 15:40:00,0.3707596825131446
2024-07-23 15:50:00,0.6070469350788122
2024-07-23 16:00:00,0.33414293073627255
2024-07-23 16:10:00,0.259619425900884
2024-07-23 16:20:00,0.32371278308836876
2024-07-23 16:30:00,0.515024470277562
2024-07-23 16:40:00,0.3988676356877016
2024-07-23 16:50:00,1.107435551074077
2024-07-23 17:00:00,0.8705129204363509
2024-07-23 17:10:00,-0.21179991416427058
2024-07-23 17:20:00,0.7403182170798672
2024-07-23 17:30:00,1.8973145569039735
2024-07-23 17:40:00,0.15263715860993202
2024-07-23 17:50:00,3.2776063925025687
2024-07-23 18:00:00,1.1582113550296447
2024-07-23 18:10:00,1.1623561773677018
2024-07-23 18:20:00,2.2897789900431227
2024-07-23 18:30:00,6.230364962163522
2024-07-23 18:40:00,18.087152123833597
2024-07-23 18:50:00,-3.483083093509518
2024-07-23 19:00:00,-2.5923763602240597
2024-07-23 19:10:00,5.718794215797332
2024-07-23 19:20:00,-70.09815436189258
2024-07-23 19:30:00,-0.5902219699200582
2024-07-23 19:40:00,1.7197721605280052
2024-07-23 19:50:00,22.232212133339203
2024-07-23 20:00:00,5.6196595134702685
2024-07-23 20:10:00,3.556714350445063
2024-07-23 20:20:00,12.838283948378374
2024-07-23 20:30:00,23.47115849127291
2024-07-23 20:40:00,69.6804319561772
2024-07-23 20:50:00,7.351636442488992
2024-07-23 21:00:00,232.52813433130368
2024-07-23 21:10:00,187.70698161789971
2024-07-23 21:20:00,128.55612769481797
2024-07-23 21:30:00,52.80274558393287
2024-07-23 21:40:00,66.02440703519534
2024-07-23 21:50:00,7.665458823883637
2024-07-23 22:00:00,10.595798346762614
2024-07-23 22:10:00,1.6157239837533535
2024-07-23 22:20:00,0.5927405864629024
2024-07-23 22:30:00,0.8984026998221488
2024-07-23 22:40:00,12.331525111653765
2024-07-23 22:50:00,-15.07114233380636
2024-07-23 23:00:00,-3.92150810361442
2024-07-23 23:10:00,5.682894600741524
2024-07-23 23:20:00,97.01321627445546
2024-07-23 23:30:00,5.1519169357162085
2024-07-23 23:40:00,71.80274076671172
2024-07-23 23:50:00,220.86884853765915
2024-07-24 00:00:00,3.832187179769216
2024-07-24 00:10:00,1.5476449190046921
2024-07-24 00:20:00,3.3140515434773454
2024-07-24 00:30:00,18.7054643209242
2024-07-24 00:40:00,7.9422601160571595
2024-07-24 00:50:00,5.34888934770484
2024-07-24 01:00:00,14.659483000142853
2024-07-24 01:10:00,96.56256800330928
2024-07-24 01:20:00,38.025518451886555
2024-07-24 01:30:00,326.51065086789987
2024-07-24 01:40:00,15.76310972474128
2024-07-24 01:50:00,24.259810528836752
2024-07-24 02:00:00,1.3976922795554128
2024-07-24 02:10:00,0.6616085613473899
2024-07-24 02:20:00,0.9475648359142341
2024-07-24 02:30:00,2.0900147808608374
2024-07-24 02:40:00,10.059135763866045
2024-07-24 02:50:00,1.8706202013145277
2024-07-24 03:00:00,0.4860566704710462
2024-07-24 03:10:00,0.3464831509958207
2024-07-24 03:20:00,0.25893862127045775
2024-07-24 03:30:00,1.0196519438614031
2024-07-24 03:40:00,8.482329305500535
2024-07-24 03:50:00,15.468834710580639
2024-07-24 04:00:00,293.3379734346685
2024-07-24 04:10:00,0.4807747609488265
2024-07-24 04:20:00,1.2088574123640463
2024-07-24 04:30:00,0.29642711208917105
2024-07-24 04:40:00,0.15474198240957399
2024-07-24 04:50:00,0.1224366473692648
2024-07-24 05:00:00,0.1047002236826198
2024-07-24 05:10:00,0.2892648710012874
2024-07-24 05:20:00,0.780491474821621
2024-07-24 05:30:00,0.5854549770823263
2024-07-24 05:40:00,0.6580077386119977
2024-07-24 05:50:00,0.4251214601239687
2024-07-24 06:00:00,0.015609312731701575
2024-07-24 06:10:00,0.02581447120417882
2024-07-24 06:20:00,0.04090368645490861
2024-07-24 06:30:00,0.010400982768003348
2024-07-24 06:40:00,-0.11778346317082278
2024-07-24 06:50:00,0.016380086175283276
2024-07-24 07:00:00,0.011859871612703765
2024-07-24 07:10:00,0.005973384256421305
2024-07-24 07:20:00,0.015003804332709855
2024-07-24 07:30:00,0.01946620694481904
2024-07-24 07:40:00,0.02554410267637209
2024-07-24 07:50:00,0.16959498760455305
2024-07-24 08:00:00,0.18401001494425276
2024-07-24 08:10:00,0.851098927760228
2024-07-24 08:20:00,0.15285900515118983
2024-07-24 08:30:00,0.09199177441491768
2024-07-24 08:40:00,0.1478016770538008
2024-07-24 08:50:00,0.1176825552654194
2024-07-24 09:00:00,0.06369342732343795
2024-07-24 09:10:00,0.1361858153643152
2024-07-24 09:20:00,0.1376802306441359
2024-07-24 09:30:00,0.06576086105135295
2024-07-24 09:50:00,0.2603211390394311
2024-07-24 10:40:00,0.22229330696400015
2024-07-24 11:00:00,0.1931362353495007
2024-07-24 13:00:00,0.06865283705982282
2024-07-24 13:10:00,0.08917404717298434
2024-07-24 13:40:00,0.06062047398452236
2024-07-24 13:50:00,0.06883736910385735
2024-07-24 14:00:00,0.06857836720165074
2024-07-24 14:20:00,0.113313614738364
2024-07-24 14:30:00,0.10267789152239677
2024-07-24 14:40:00,0.19962459174954061
2024-07-24 14:50:00,0.0822264290155616
2024-07-24 15:00:00,-0.0409518316349193
2024-07-24 15:10:00,-0.006802045633584721
2024-07-24 15:20:00,0.15738993361650908
2024-07-24 15:30:00,-0.01844494066113529
2024-07-24 15:40:00,-0.05426453512179048
2024-07-24 15:50:00,-0.15595518235845823
2024-07-24 16:00:00,0.46433856016630687
2024-07-24 16:10:00,1.222119682936742
2024-07-24 16:20:00,0.2026931040984813
2024-07-24 17:10:00,0.016291195076345112
2024-07-24 17:30:00,-0.11324433184364936
2024-07-24 17:40:00,-0.08121232307834345
2024-07-24 17:50:00,-0.04861142832141438
2024-07-24 18:00:00,-0.05200452608169284
2024-07-24 18:10:00,0.02527033686363728
2024-07-24 18:20:00,-0.08831082683722555
2024-07-24 18:30:00,-0.08152899944061795
2024-07-24 19:10:00,-0.12329998346834431
2024-07-24 19:20:00,-0.27239825268105783
2024-07-24 19:30:00,-0.4896081493124787
2024-07-24 19:40:00,-1.2504033907730556
2024-07-24 19:50:00,-2.0139354914460625
2024-07-24 20:00:00,-4.965133618604092
2024-07-24 20:10:00,-4.664169255926554
2024-07-24 20:20:00,-0.8692182899568288
2024-07-24 20:30:00,-2.7822596471361125
2024-07-24 20:40:00,2.0576628555462055
2024-07-24 20:50:00,3.2606943055334527
2024-07-24 21:00:00,4.534217142773175
2024-07-24 21:10:00,73.96403371133859
2024-07-24 21:20:00,2.6031529351612264
2024-07-24 21:40:00,6.554420818390683
2024-07-24 21:50:00,1.1639687478802638
2024-07-24 22:00:00,-0.5504445946749721
2024-07-24 22:10:00,-0.3986306798464257
2024-07-24 22:20:00,-0.6406260318548099
2024-07-24 22:30:00,-1.6776162376513264
2024-07-24 22:40:00,-3.0977339721531076
2024-07-24 22:50:00,6.954094469483478
2024-07-24 23:00:00,6.107027143517576
2024-07-24 23:10:00,2.1618391832847834
2024-07-24 23:20:00,1.0251576853457691
2024-07-24 23:30:00,1.212246905706052
2024-07-24 23:40:00,0.18617444988613388
2024-07-24 23:50:00,0.7407238538892907
2024-07-25 00:00:00,1.1370673544776742
2024-07-25 00:10:00,0.3160729761201453
2024-07-25 00:20:00,0.49085965965158884
2024-07-25 00:30:00,0.45875739012537264
2024-07-25 00:40:00,0.7256765825548562
2024-07-25 00:50:00,0.5676464794352046
2024-07-25 01:00:00,1.0304277701978537
2024-07-25 01:10:00,0.47875038533003833
2024-07-25 01:20:00,1.4303067290245954
2024-07-25 01:30:00,2.0540819354053665
2024-07-25 01:40:00,1.5481527716509387
2024-07-25 01:50:00,-3.0400695013085457
2024-07-25 02:00:00,-2.8377276617362797
2024-07-25 02:10:00,0.23593365341748349
2024-07-25 02:20:00,-3.340111695237213
2024-07-25 02:30:00,3.1886470051098517
2024-07-25 02:40:00,-3.0449202238613386
2024-07-25 02:50:00,0.07879231829510998
2024-07-25 03:00:00,-1.0177115708049038
2024-07-25 03:10:00,-1.1283100419603485
2024-07-25 03:20:00,-1.2111882190519374
2024-07-25 03:30:00,-1.3265962349526363
2024-07-25 03:40:00,-6.535565018647182
2024-07-25 03:50:00,-1.525131736154795
2024-07-25 04:00:00,-0.8698297998827205
2024-07-25 04:10:00,-0.016087374404339383
2024-07-25 04:20:00,0.03326284158087669
2024-07-25 04:30:00,-0.3216813589895191
2024-07-25 04:40:00,1.5301482850030783
2024-07-25 04:50:00,0.929962466147489
2024-07-25 05:00:00,0.7881391295178354
2024-07-25 05:10:00,0.5875917553869825
2024-07-25 05:20:00,-0.2428670548302565
2024-07-25 05:30:00,-0.4515129174668241
2024-07-25 05:40:00,-0.35092768399619567
2024-07-25 05:50:00,0.04572535635759601
2024-07-25 06:00:00,0.23565841744199786
2024-07-25 06:10:00,0.09142067325420353
2024-07-25 06:20:00,0.09323687604652449
2024-07-25 06:30:00,-0.21799692127183204
2024-07-25 07:00:00,-0.2052999120230136
2024-07-25 07:10:00,-0.034004024341778696
2024-07-25 07:20:00,-0.14073902928142407
2024-07-25 07:30:00,0.06553692633896921
2024-07-25 07:40:00,0.053898119843565205
2024-07-25 07:50:00,-0.0914372729561552
2024-07-25 08:00:00,0.018423614742472696
2024-07-25 08:10:00,-1.5953927798077907
2024-07-25 08:20:00,-0.13136311991463528
2024-07-25 08:30:00,-0.17421644116453452
2024-07-25 08:40:00,0.3964144000029456
2024-07-25 08:50:00,0.6234633521707227
2024-07-25 09:00:00,1.8486457251665138
2024-07-25 09:10:00,0.7775383101378434
2024-07-25 10:10:00,0.11655120952664907
2024-07-25 10:20:00,0.05869043671347385
2024-07-25 12:40:00,0.8880524489814587
2024-07-25 12:50:00,10.987556208244763
2024-07-25 13:00:00,-0.8627756669717765
2024-07-25 13:10:00,1.98457736635831
2024-07-25 13:20:00,1.2066032360262335
2024-07-25 13:30:00,2.4137209967952056
2024-07-25 13:40:00,2.4777060554769355
2024-07-25 13:50:00,2.522853180869968
2024-07-25 14:00:00,3.8307014299494475
2024-07-25 14:10:00,5.511720700114926
2024-07-25 14:20:00,1.0547373135246092
2024-07-25 14:30:00,1.0400928862355974
2024-07-25 14:40:00,0.5048790326290786
2024-07-25 14:50:00,0.35843816420293884
2024-07-25 15:00:00,-0.17792427073430564
2024-07-25 15:10:00,-0.32077891396803193
2024-07-25 15:20:00,-0.2828944912405731
2024-07-25 15:30:00,-0.2136050548861456
2024-07-25 15:40:00,-0.513869069446167
2024-07-25 15:50:00,-0.8320032401135761
2024-07-25 16:00:00,-0.8156491953270506
2024-07-25 16:10:00,-0.5026849396997032
2024-07-25 16:20:00,1.1851758098833702
2024-07-25 16:30:00,1.1171233432523
2024-07-25 16:40:00,1.272495550499992
2024-07-25 16:50:00,0.7643714978491174
2024-07-25 17:00:00,-0.43435071344587967
2024-07-25 17:10:00,-0.7925376474772273
2024-07-25 17:20:00,-0.9695580022099163
2024-07-25 17:30:00,-0.3903459649231023
2024-07-25 17:40:00,-0.31406827908014084
2024-07-25 17:50:00,-0.3630909836253134
2024-07-25 18:00:00,0.5049460443874043
2024-07-25 18:10:00,-0.18767420092432327
2024-07-25 18:20:00,-0.373984190247983
2024-07-25 18:30:00,-0.3724348529442379
2024-07-25 18:40:00,-0.7685415889686218
2024-07-25 18:50:00,-1.4808397040942591
2024-07-25 19:00:00,-14.473863763119686
2024-07-25 19:10:00,-5.220997852602333
2024-07-25 19:20:00,-0.7236239074770847
2024-07-25 19:30:00,-1.984538177942136
2024-07-25 19:40:00,-0.4140453131386401
2024-07-25 19:50:00,0.11191958109010822
2024-07-25 20:00:00,0.6146879616645581
2024-07-25 20:10:00,0.4670245688284506
2024-07-25 20:20:00,0.4250695379237059
2024-07-25 20:30:00,-0.08091737320740641
2024-07-25 20:40:00,-0.008690101057244019
2024-07-25 20:50:00,-0.1387024648554702
2024-07-25 21:00:00,-0.13837283948031118
2024-07-25 21:20:00,0.1646140604689229
2024-07-25 21:30:00,-0.0692232519114504
2024-07-25 21:40:00,-0.19109461827100327
2024-07-25 21:50:00,-0.23672851986402105
2024-07-25 22:00:00,0.4420107979302188
2024-07-25 22:10:00,0.26814923036240257
2024-07-25 22:20:00,0.20070199828530674
2024-07-25 22:30:00,0.06859213956761216
2024-07-25 22:40:00,0.0832965030680044
2024-07-25 22:50:00,0.04677160838285583
2024-07-25 23:00:00,0.05359221985273386
2024-07-25 23:10:00,0.008882013495741938
2024-07-25 23:20:00,0.03592842573389368
2024-07-25 23:30:00,0.22526393902151737
2024-07-25 23:40:00,0.019744029825305105
2024-07-25 23:50:00,0.3388952843817796
2024-07-26 00:00:00,0.24685818918803867
2024-07-26 00:10:00,0.2703732487862671
2024-07-26 00:20:00,0.2902436681677299
2024-07-26 00:30:00,0.16631706142047167
2024-07-26 00:40:00,0.16020610853670877
2024-07-26 00:50:00,0.19704469986947634
2024-07-26 01:00:00,0.1608179288519494
2024-07-26 01:10:00,0.14344313860206295
2024-07-26 01:20:00,0.18960371321664793
2024-07-26 01:30:00,0.2411654171631731
2024-07-26 01:40:00,0.23967575128113808
2024-07-26 01:50:00,0.20748759151597176
2024-07-26 02:00:00,0.26505711294088635
2024-07-26 02:10:00,0.18395131456729458
2024-07-26 02:20:00,0.38816151286699374
2024-07-26 02:30:00,0.18735361325548333
2024-07-26 02:40:00,0.2772094547577821
2024-07-26 02:50:00,0.17337555271269176
2024-07-26 03:00:00,0.20723337939133352
2024-07-26 03:10:00,0.1442974765571133
2024-07-26 03:20:00,0.11327631943774276
2024-07-26 03:30:00,0.31502510984377863
2024-07-26 03:40:00,0.24647739812521874
2024-07-26 03:50:00,0.18951031803585638
2024-07-26 04:00:00,0.32889619022392924
2024-07-26 04:10:00,0.25512533334306997
2024-07-26 04:20:00,0.7670824354713184
2024-07-26 04:30:00,0.7528033269754362
2024-07-26 04:40:00,0.18368647098325563
2024-07-26 04:50:00,0.24690697972259776
2024-07-26 05:00:00,0.37226082428365614
2024-07-26 05:10:00,0.08342971900020094
2024-07-26 05:20:00,0.18455563657108062
2024-07-26 05:30:00,0.12131784314156446
2024-07-26 05:40:00,0.0771470411903659
2024-07-26 05:50:00,-0.016045150014639766
2024-07-26 06:00:00,-0.1500688555512076
2024-07-26 06:10:00,0.053579841322979466
2024-07-26 06:20:00,0.1044824967511187
2024-07-26 06:30:00,-0.10702599751990717
2024-07-26 06:40:00,0.2409153352987255
2024-07-26 06:50:00,0.06620498932460771
2024-07-26 07:00:00,0.018865180085999442
2024-07-26 07:10:00,0.6694721996473708
2024-07-26 07:20:00,0.14235954741683715
2024-07-26 07:30:00,0.23599642400385062
2024-07-26 07:40:00,0.14537171478707703
2024-07-26 07:50:00,0.008938922193181419
2024-07-26 08:00:00,-0.1541882540763844
2024-07-26 08:10:00,0.3268815267449325
2024-07-26 08:20:00,0.5293679458819597
2024-07-26 08:30:00,0.43478632992609184
2024-07-26 08:40:00,-0.8532128234892353
2024-07-26 08:50:00,0.03848796416315433
2024-07-26 09:00:00,0.12237793015030325
2024-07-26 09:10:00,1.3466341905593953
2024-07-26 09:20:00,0.05090821158073795
2024-07-26 09:30:00,-0.09733394559951979
2024-07-26 09:40:00,-0.9511976276758239
2024-07-26 09:50:00,3.6683215843849144
2024-07-26 10:00:00,3.509840990003359
2024-07-26 10:10:00,-0.6115659558378673
2024-07-26 10:20:00,-1.3059142475109922
2024-07-26 10:30:00,-1.8991255252799453
2024-07-26 10:40:00,-12.191465018818457
2024-07-26 10:50:00,-7.619505294418853
2024-07-26 11:00:00,-3.7796835654501306
2024-07-26 11:10:00,-5.9708003531111284
2024-07-26 11:20:00,-56.26360288404184
2024-07-26 11:30:00,-4.576330633148737
2024-07-26 11:40:00,-23.270291589531634
2024-07-26 11:50:00,-17.457184465506614
2024-07-26 12:00:00,-9.680575033091104
2024-07-26 12:10:00,-2.4718374113842647
2024-07-26 12:20:00,-9.914064999988932
2024-07-26 12:30:00,-705.0117070232652
2024-07-26 12:40:00,-5.036077764137522
2024-07-26 12:50:00,-5.707757092853525
2024-07-26 13:00:00,2.9466319838823063
2024-07-26 13:10:00,-1.5952811934846471
2024-07-26 13:20:00,-5.342764996327926
2024-07-26 13:30:00,-97.843775233617
2024-07-26 13:40:00,-8.841901054377338
2024-07-26 13:50:00,-219.52916084761623
2024-07-26 14:00:00,-30.364924719833404
2024-07-26 14:10:00,-5.4971426948455635
2024-07-26 14:20:00,-0.8446688951275866
2024-07-26 14:30:00,0.5279488603391886
2024-07-26 14:40:00,-15.513806910459508
2024-07-26 14:50:00,-4.914960312601376
2024-07-26 15:00:00,-82.01389191886824
2024-07-26 15:10:00,-10.238070864720564
2024-07-26 15:20:00,-5.364656036147291
2024-07-26 15:30:00,-44.260086483254426
2024-07-26 15:40:00,-17.116293670576926
2024-07-26 15:50:00,5.890917606439865
2024-07-26 16:00:00,199.9669979806451
2024-07-26 16:10:00,-9.596655356716427
2024-07-26 16:20:00,28.687263635423214
2024-07-26 16:40:00,-30.241112260389954
2024-07-26 16:50:00,9.269731123131102
2024-07-26 17:00:00,-38.186955641135775
2024-07-26 17:10:00,-22.45062154384851
2024-07-26 17:20:00,2.3213766179964903
2024-07-26 17:30:00,-16.931397321049417
2024-07-26 17:40:00,-5.504522558150531
2024-07-26 17:50:00,-25.711455759309253
2024-07-26 18:00:00,1.843117934883996
2024-07-26 18:10:00,0.34899656038869203
2024-07-26 18:20:00,2.9905016189614972
2024-07-26 18:30:00,0.22202876118478784
2024-07-26 18:40:00,2.501611567851834
2024-07-26 18:50:00,26.45579990353445
2024-07-26 19:00:00,1.7923138422476832
2024-07-26 19:10:00,0.929591314431767
2024-07-26 19:20:00,2.580848983024645
2024-07-26 19:30:00,1.4196316012869623
2024-07-26 19:40:00,1.6955779646158802
2024-07-26 19:50:00,4.815908179412012
2024-07-26 20:00:00,2.1815854981775087
2024-07-26 20:10:00,4.413898758157322
2024-07-26 20:20:00,2.4781625119982844
2024-07-26 20:30:00,3.547663116260764
2024-07-26 20:40:00,2.0846382580655107
2024-07-26 20:50:00,0.44143090064047463
2024-07-26 21:00:00,0.34343531622901713
2024-07-26 21:10:00,1.3122956969463109
2024-07-26 21:20:00,0.7883831219326578
2024-07-26 21:30:00,0.7111945430404634
2024-07-26 21:40:00,0.8133393962534069
2024-07-26 21:50:00,1.5948414945485296
2024-07-26 22:00:00,2.5156040100574346
2024-07-26 22:10:00,1.9511417058621023
2024-07-26 22:20:00,1.318770272244532
2024-07-26 22:30:00,0.8257806212495687
2024-07-26 22:40:00,1.061566839149117
2024-07-26 22:50:00,2.024733354691083
2024-07-26 23:00:00,0.5777466709439673
2024-07-26 23:10:00,0.7657542351155409
2024-07-26 23:20:00,0.4102370028010662
2024-07-26 23:30:00,0.43034950965788477
2024-07-26 23:40:00,1.204083194525871
2024-07-26 23:50:00,0.3464975583097339
2024-07-27 00:00:00,0.31341840395691567
2024-07-27 00:10:00,0.2675841346602531
2024-07-27 00:20:00,0.2962964653094322
2024-07-27 00:30:00,0.8102785832819491
2024-07-27 00:40:00,22.76189581734248
2024-07-27 00:50:00,1.0774070113631873
2024-07-27 01:00:00,0.7957487459215861
2024-07-27 01:10:00,0.41840436405060794
2024-07-27 01:20:00,0.28339915850466196
2024-07-27 01:30:00,0.3208116456268248
2024-07-27 01:40:00,0.35572286925111557
2024-07-27 01:50:00,0.452236861803377
2024-07-27 02:00:00,0.7908766870798046
2024-07-27 02:10:00,2.6024871182629465
2024-07-27 02:20:00,1.1829956167870614
2024-07-27 02:30:00,0.39360798698754956
2024-07-27 02:40:00,0.22937679259299648
2024-07-27 02:50:00,0.3508140780067544
2024-07-27 03:00:00,0.557426252275104
2024-07-27 03:10:00,0.2694685757814134
2024-07-27 03:20:00,0.40312100907815307
2024-07-27 03:30:00,0.3774506311821206
2024-07-27 03:40:00,0.2877709966543417
2024-07-27 03:50:00,1.015915431286113
2024-07-27 04:00:00,0.619965009434227
2024-07-27 04:10:00,0.8293926750115043
2024-07-27 04:20:00,2.2773130511264514
2024-07-27 04:30:00,1.6381083361818973
2024-07-27 04:40:00,1.4596012860871415
2024-07-27 04:50:00,3.6388329171521634
2024-07-27 05:00:00,8.40451686415019
2024-07-27 05:10:00,38.898210445644
2024-07-27 05:20:00,6.273535576235652
2024-07-27 05:30:00,6.105724192831283
2024-07-27 05:40:00,4.508049910433725
2024-07-27 05:50:00,3.9498882265348767
2024-07-27 06:00:00,13.76047221553521
2024-07-27 06:10:00,6.33950822493366
2024-07-27 06:20:00,1.3275335222088969
2024-07-27 06:30:00,0.8025172352095814
2024-07-27 06:40:00,1.7335503349524124
2024-07-27 06:50:00,1.890978349824682
2024-07-27 07:00:00,0.1312396260254481
2024-07-27 10:20:00,1.6880217743503796
2024-07-27 10:30:00,2.198906719942
2024-07-27 10:40:00,2.905894487904359
2024-07-27 10:50:00,1.1754144631024823
2024-07-27 11:00:00,0.7024314566450186
2024-07-27 11:10:00,1.220683368934499
2024-07-27 11:20:00,0.2894221167749078
2024-07-27 11:30:00,0.9465067084340313
2024-07-27 11:40:00,0.5280220238353349
2024-07-27 11:50:00,0.6438221693669488
2024-07-27 12:00:00,1.792330891939851
2024-07-27 12:10:00,0.8562961838661179
2024-07-27 12:20:00,2.9824583922494567
2024-07-27 12:30:00,0.5147789642012639
2024-07-27 12:40:00,0.8474358646450243
2024-07-27 12:50:00,1.3910890386886015
2024-07-27 13:00:00,1.160031394760222
2024-07-27 13:10:00,2.464743525738524
2024-07-27 13:20:00,1.3630357770491777
2024-07-27 13:30:00,2.2310583881581283
2024-07-27 13:40:00,1.7184509466101963
2024-07-27 13:50:00,1.0685301327938044
2024-07-27 14:00:00,1.274182330602245
2024-07-27 14:10:00,1.4825762930631765
2024-07-27 14:20:00,0.8449260634912968
2024-07-27 14:30:00,0.34181207011233367
2024-07-27 14:40:00,0.3035840248765593
2024-07-27 14:50:00,0.4286005986572085
2024-07-27 15:00:00,0.7896082429234456
2024-07-27 15:10:00,0.5582391983205598
2024-07-27 15:20:00,0.3078198065397535
2024-07-27 15:30:00,0.2876575184559129
2024-07-27 15:40:00,0.3516783447779363
2024-07-27 15:50:00,0.3459475540160644
2024-07-27 16:00:00,0.3672540678942617
2024-07-27 16:10:00,0.2035452837293608
2024-07-27 16:20:00,0.27985880434921495
2024-07-27 16:30:00,0.30023329796820675
2024-07-27 16:40:00,0.31763416498363195
2024-07-27 16:50:00,0.2920841533387851
2024-07-27 17:00:00,0.32579243260252766
2024-07-27 17:10:00,0.39667471039582025
2024-07-27 17:20:00,0.33554620718540656
2024-07-27 17:30:00,0.4310598255004956
2024-07-27 17:40:00,0.5112442252392515
2024-07-27 17:50:00,0.4892301957728555
2024-07-27 18:00:00,0.26039332731519754
2024-07-27 18:10:00,0.22940075414619626
2024-07-27 18:20:00,0.21326536288657463
2024-07-27 18:30:00,0.48995934672089103
2024-07-27 18:40:00,0.5692315000315217
2024-07-27 18:50:00,0.2893624610017332
2024-07-27 19:00:00,0.331158505513368
2024-07-27 19:10:00,0.6189120724208417
2024-07-27 19:20:00,0.9652565855762476
2024-07-27 19:30:00,0.9040841482951979
2024-07-27 19:40:00,0.6322286263711046
2024-07-27 19:50:00,0.8674608115403692
2024-07-27 20:00:00,1.4604314886108094
2024-07-27 20:10:00,0.6212434031778338
2024-07-27 20:20:00,0.9892588990507022
2024-07-27 20:30:00,1.4770482844532455
2024-07-27 20:40:00,2.5990295056847637
2024-07-27 20:50:00,0.6502487559867255
2024-07-27 21:00:00,1.2251089121723044
2024-07-27 21:10:00,7.690562895878072
2024-07-27 21:20:00,1.9225792093130367
2024-07-27 21:30:00,9.662442728709236
2024-07-27 21:40:00,22.936902190577996
2024-07-27 21:50:00,3.6211638044273964
2024-07-27 22:00:00,6.769565202572366
2024-07-27 22:10:00,2.3203398140116556
2024-07-27 22:20:00,0.8814709628510828
2024-07-27 22:30:00,1.2137489010807212
2024-07-27 22:40:00,1.2723482504655372
2024-07-27 22:50:00,1.8399371108496085
2024-07-27 23:00:00,2.1659972174236977
2024-07-27 23:20:00,7.438990017215676
2024-07-27 23:30:00,3.9786624301035274
2024-07-27 23:40:00,2.9377774749950394
2024-07-27 23:50:00,2.9720094903354397
2024-07-28 00:00:00,4.322542597615966
2024-07-28 00:10:00,3.4350345553104624
2024-07-28 00:20:00,2.9476306845065334
2024-07-28 00:30:00,4.472581499950901
2024-07-28 00:40:00,4.559353370307919
2024-07-28 00:50:00,3.222358117598272
2024-07-28 01:00:00,2.973701031787136
2024-07-28 01:10:00,1.563310585565738
2024-07-28 01:20:00,0.8962388022851613
2024-07-28 01:30:00,0.3184697867182003
2024-07-28 01:40:00,0.12315611635148352
2024-07-28 01:50:00,0.6990511104412638
2024-07-28 02:00:00,0.5183340593677497
2024-07-28 02:10:00,0.37799681766335036
2024-07-28 02:20:00,0.2009362333757833
2024-07-28 02:30:00,0.27352911161621507
2024-07-28 02:40:00,0.405656750967121
2024-07-28 02:50:00,0.8435505063550113
2024-07-28 03:00:00,0.4687030856533061
2024-07-28 03:10:00,0.939084076025412
2024-07-28 03:20:00,0.2805018240810207
2024-07-28 03:50:00,1.36491843684792
2024-07-28 04:00:00,0.39956543906451814
2024-07-28 04:10:00,44.89182472818013
2024-07-28 10:30:00,0.39682881309646656
2024-07-28 10:40:00,0.5664231438635969
2024-07-28 10:50:00,0.5814713151541461
2024-07-28 11:00:00,1.0354296245899168
2024-07-28 11:10:00,1.240795774932625
2024-07-28 11:20:00,4.110600678960287
2024-07-28 11:30:00,3.2074492153941976
2024-07-28 11:40:00,2.4401137408816838
2024-07-28 11:50:00,2.929531015824687
2024-07-28 12:00:00,3.591511180035073
2024-07-28 12:10:00,1.417900089342423
2024-07-28 12:20:00,1.3977885888361703
2024-07-28 12:30:00,2.4347068948368853
2024-07-28 12:40:00,1.5439325946702924
2024-07-28 12:50:00,0.5069985886096116
2024-07-28 13:00:00,0.5037658355782073
2024-07-28 13:10:00,0.8454801412232844
2024-07-28 13:20:00,0.3755669983111114
2024-07-28 13:30:00,0.833521235467057
2024-07-28 13:40:00,0.6200961847562227
2024-07-28 13:50:00,0.34573983613181375
2024-07-28 14:00:00,0.2654122584720879
2024-07-28 14:10:00,0.3582235349455173
2024-07-28 14:20:00,0.30658967739691523
2024-07-28 14:30:00,0.5303206029339612
2024-07-28 14:40:00,0.3468141854505711
2024-07-28 14:50:00,0.5774303549119854
2024-07-28 15:00:00,0.42798932106735404
2024-07-28 15:10:00,0.27174798085998797
2024-07-28 15:20:00,0.6003325442042123
2024-07-28 15:30:00,0.9293152918465994
2024-07-28 15:40:00,0.2041212665830013
2024-07-28 15:50:00,0.6478062152965685
2024-07-28 16:00:00,4.373095518798079
2024-07-28 16:10:00,0.8336683761019382
2024-07-28 16:20:00,0.6286864209572672
2024-07-28 16:30:00,4.090560538522951
2024-07-28 16:40:00,14.347499115007906
2024-07-28 16:50:00,0.8421771559181873
2024-07-28 17:00:00,1.2027284836161878
2024-07-28 17:10:00,1.3486436756577116
2024-07-28 17:20:00,1.60527886990092
2024-07-28 17:30:00,1.085203893212042
2024-07-28 17:40:00,1.112785215348111
2024-07-28 17:50:00,3.5564486101681525
2024-07-28 18:00:00,5.735930006671333
2024-07-28 18:10:00,1.4292691809122688
2024-07-28 18:20:00,-5.626149462190393
2024-07-28 18:30:00,-48.55340985165184
2024-07-28 18:40:00,4.9086985763750794
2024-07-28 18:50:00,5.449712433949408
2024-07-28 19:00:00,0.2036267959510891
2024-07-28 19:10:00,1.8784310045817825
2024-07-28 19:20:00,0.9618888645893686
2024-07-28 19:30:00,0.23368746698949927
2024-07-28 19:40:00,0.2557753956257352
2024-07-28 19:50:00,0.2807973505067241
2024-07-28 20:00:00,0.390582175132504
2024-07-28 20:10:00,-0.3699882338539772
2024-07-28 20:20:00,-2.843490363437104
2024-07-28 20:30:00,-9.168988588307224
2024-07-28 20:40:00,-2.659800326908404
2024-07-28 20:50:00,-0.9475933384783728
2024-07-28 21:00:00,-0.7486862379016969
2024-07-28 21:10:00,-1.3022358215064738
2024-07-28 21:20:00,-1.7974545244195548
2024-07-28 21:30:00,1.2644403789067857
2024-07-28 21:40:00,2.5717657630082793
2024-07-28 21:50:00,4.588845072325917
2024-07-28 22:00:00,2.1857109961523102
2024-07-28 22:10:00,22.981876426714685
2024-07-28 22:20:00,13.623314442558296
2024-07-28 22:30:00,-5.1727861782373665
2024-07-28 22:40:00,-30.140825928285825
2024-07-28 22:50:00,-25.63038395413213
2024-07-28 23:00:00,-123.9545707668304
2024-07-28 23:10:00,-14.817602979135637
2024-07-28 23:20:00,-0.4096021847310542
2024-07-28 23:30:00,-1.3753080658050383
2024-07-28 23:40:00,-955.4479096608885
2024-07-28 23:50:00,-212.6231326365465
2024-07-29 00:20:00,-21.76413076710209
2024-07-29 00:30:00,-937.2767025399152
2024-07-29 00:40:00,-144.27548371368403
2024-07-29 02:40:00,-4.977497008632763
2024-07-29 02:50:00,-1.3472589378931534
2024-07-29 03:00:00,0.7264924868792336
2024-07-29 03:10:00,-0.23402754681790244
2024-07-29 03:20:00,-0.06268697106855174
2024-07-29 03:30:00,0.11313102012108807
2024-07-29 03:40:00,-0.37691888638290255
2024-07-29 03:50:00,-27.98648313931137
2024-07-29 04:00:00,-6.784538148585354
2024-07-29 04:10:00,-10.884166005865788
2024-07-29 04:20:00,0.3519494048285573
2024-07-29 04:30:00,-11.80713779800698
2024-07-29 04:40:00,-3.661246990238311
2024-07-29 04:50:00,2.284090121852278
2024-07-29 05:00:00,-340.74636891879453
2024-07-29 05:10:00,7.513007005804021
2024-07-29 05:20:00,-1.802170084970965
2024-07-29 05:30:00,-2.5352604451545915
2024-07-29 05:40:00,-1.095963750798485
2024-07-29 05:50:00,-3.7369761510534554
2024-07-29 06:00:00,-9.923022020958653
2024-07-29 06:10:00,-2.3346444458409112
2024-07-29 06:20:00,-28.661129462632225
2024-07-29 06:30:00,-1.8269300455168613
2024-07-29 06:40:00,-6.532555494455342
2024-07-29 06:50:00,-54.986271862334796
2024-07-29 07:00:00,-1.6372838522511368
2024-07-29 07:10:00,-0.4387423270288676
2024-07-29 07:20:00,-0.6646064823834135
2024-07-29 07:30:00,0.337502075406637
2024-07-29 07:40:00,-1.0095905235504843
2024-07-29 07:50:00,-1.8450421443035805
2024-07-29 08:00:00,9.960881564110514
2024-07-29 08:10:00,-0.389362893898624
2024-07-29 08:20:00,6.397447152185432
2024-07-29 08:30:00,-10.503863735611189
2024-07-29 08:40:00,-22.32645907658343
2024-07-29 08:50:00,1.4462103993794655
2024-07-29 09:00:00,-77.54183996161899
2024-07-29 09:10:00,-78.77515041359233
2024-07-29 09:20:00,-0.9941023938443898
2024-07-29 09:30:00,-46.270620997962766
2024-07-29 09:40:00,-0.36720653146021864
2024-07-29 09:50:00,-19.594518133750917
2024-07-29 10:00:00,-3.433863716290119
2024-07-29 10:10:00,-15.738183740382956
2024-07-29 10:20:00,-4.403909923010218
2024-07-29 10:30:00,-2.9398923328903206
2024-07-29 10:40:00,-3.6675630155345713
2024-07-29 10:50:00,-1654.0203110657649
2024-07-29 11:00:00,29.63384164983156
2024-07-29 11:10:00,-2.6397740860554713
2024-07-29 11:20:00,-0.5196534269830578
2024-07-29 11:30:00,39.17238724429605
2024-07-29 11:40:00,-1.0611118657034215
2024-07-29 11:50:00,-12.560255847506186
2024-07-29 12:00:00,-24.918289767022486
2024-07-29 12:10:00,-0.6993997091807183
2024-07-29 12:20:00,-10.027149953685937
2024-07-29 12:30:00,-633.6522792823349
2024-08-02 12:30:00,2.0496386429717943
2024-08-02 12:50:00,1.0096694109238615
2024-08-02 13:00:00,3.194987274920643
2024-08-02 13:10:00,2.128798765856217
2024-08-02 13:20:00,1.4384040680678976
2024-08-02 13:30:00,0.8037088318314719
2024-08-02 13:40:00,0.6698870297195276
2024-08-02 13:50:00,0.7187391964131116
2024-08-02 14:00:00,0.8500498150168774
2024-08-02 14:10:00,0.6954723986079024
2024-08-02 14:20:00,0.9350203365342865
2024-08-02 14:30:00,1.956853969239005
2024-08-02 14:40:00,0.9175402725208188
2024-08-02 14:50:00,2.2674573760888483
2024-08-02 15:00:00,1.3139005958435797
2024-08-02 15:10:00,0.6704127386817149
2024-08-02 15:20:00,1.2886681307084138
2024-08-02 15:30:00,3.2981211842356717
2024-08-02 15:40:00,3.6272008423311504
2024-08-02 15:50:00,0.5591090561892644
2024-08-02 16:00:00,0.35465193176337834
2024-08-02 16:10:00,0.6602418881244495
2024-08-02 16:20:00,0.4466058948449407
2024-08-02 16:30:00,0.4849566238203135
2024-08-02 16:40:00,0.7339836800951968
2024-08-02 16:50:00,0.7704263944860252
2024-08-02 17:00:00,0.5251616894962597
2024-08-02 17:10:00,0.3857210024071011
2024-08-02 17:20:00,0.8531571830902427
2024-08-02 17:30:00,0.5535105325981399
2024-08-02 17:40:00,0.30644126457333326
2024-08-02 17:50:00,1.3550346070783637
2024-08-02 18:00:00,0.42740197977148703
2024-08-02 18:10:00,0.8593917404338255
2024-08-02 18:20:00,0.40802884790704713
2024-08-02 18:30:00,0.6444184186622832
2024-08-02 18:40:00,0.7942781136992593
2024-08-02 18:50:00,0.714579102468735
2024-08-02 19:00:00,0.9642046844976483
2024-08-02 19:10:00,0.6833406624018835
2024-08-02 19:20:00,0.4279869942349262
2024-08-02 19:30:00,0.3503854061329606
2024-08-02 19:40:00,1.1206433903008797
2024-08-02 19:50:00,2.755796681439072
2024-08-02 20:10:00,2.3685087543561285
2024-08-02 20:20:00,0.3599257665069812
2024-08-02 20:30:00,0.30945679890702843
2024-08-02 20:40:00,0.36356798344347785
2024-08-03 15:00:00,0.267989451332512
2024-08-03 15:10:00,0.35985233199826433
2024-08-03 15:20:00,0.30701477246272935
2024-08-03 15:30:00,0.3546157472174693
2024-08-03 16:00:00,0.8873378289166203
2024-08-03 16:10:00,0.5861175869166939
2024-08-03 16:20:00,0.33521455712635906
2024-08-03 16:30:00,0.3599843330707668
2024-08-03 16:40:00,0.3413258627770288
2024-08-03 16:50:00,0.395381423289411
2024-08-03 17:00:00,0.49109650450717196
2024-08-03 17:10:00,0.23200017678207932
2024-08-03 17:20:00,0.256625004366104
2024-08-03 17:30:00,0.3344774958614665
2024-08-03 17:40:00,0.33179287109882755
2024-08-03 17:50:00,0.2714137049970253
2024-08-03 18:00:00,0.3256384100030932
2024-08-03 18:10:00,0.27939882482416584
2024-08-03 18:20:00,0.2946276203175233
2024-08-03 18:30:00,0.34275078099364703
2024-08-03 18:40:00,0.3451866723917787
2024-08-03 18:50:00,0.2954132350772364
2024-08-03 19:00:00,0.29548298769320847
2024-08-03 19:20:00,0.22759296864476852
2024-08-03 19:30:00,0.2669278925090223
2024-08-04 16:10:00,0.08262447512665616
2024-08-04 16:20:00,0.12412414920925344
2024-08-04 16:30:00,0.14991842034646227
2024-08-04 16:40:00,0.08230194442452475
2024-08-04 16:50:00,0.09660758070109765
2024-08-04 17:00:00,0.29875237854695946
2024-08-04 17:10:00,0.07565279318408576
2024-08-04 17:20:00,0.13227147152610752
2024-08-04 17:50:00,0.17999272863573057
2024-08-04 18:10:00,0.357316426627062
2024-08-04 18:20:00,0.13136107506286904
2024-08-04 18:30:00,0.16421063489404036
2024-08-04 18:40:00,0.14517989797127603
2024-08-04 18:50:00,0.10545879963408737
2024-08-05 12:10:00,0.7003490234796405
2024-08-05 12:20:00,0.495986002004515
2024-08-05 12:30:00,0.7028195854707987
2024-08-05 12:40:00,0.6463057556563528
2024-08-05 12:50:00,0.7589574004245039
2024-08-05 13:00:00,0.3733682646284907
2024-08-05 13:10:00,0.5349077622881738
2024-08-05 13:20:00,1.1143841505417227
2024-08-05 13:30:00,1.5052335616121324
2024-08-05 13:40:00,0.9153608289807208
2024-08-05 13:50:00,0.5706103899458369
2024-08-05 14:00:00,0.7561430828086168
2024-08-05 14:10:00,1.2528693247762301
2024-08-05 14:20:00,0.807233564017204
2024-08-05 14:30:00,0.822392208434706
2024-08-05 14:40:00,0.8142481550799895
2024-08-05 14:50:00,0.572503177067833
2024-08-05 15:00:00,0.729595206645258
2024-08-05 15:10:00,1.145179060444646
2024-08-05 15:20:00,2.1810499405374064
2024-08-05 15:30:00,5.180797438698099
2024-08-05 15:40:00,2.4785711108261705
2024-08-05 15:50:00,2.400206874220667
2024-08-05 16:00:00,0.9680273940859253
2024-08-05 16:10:00,1.0589918950364547
2024-08-05 16:20:00,1.5562703736145105
2024-08-05 16:30:00,0.5739395615718641
2024-08-05 16:40:00,0.4013923598260124
2024-08-05 16:50:00,0.667886086870358
2024-08-05 17:00:00,2.105558901174742
2024-08-05 17:10:00,0.804862808897418
2024-08-05 17:20:00,0.6241438469461443
2024-08-05 17:30:00,0.5612160814544769
2024-08-05 17:40:00,0.6504440047829824
2024-08-05 17:50:00,0.8484139545923375
2024-08-05 18:00:00,0.9120910298585134
2024-08-05 18:10:00,1.1256662128651853
2024-08-05 18:20:00,0.7930790773158747
2024-08-05 18:30:00,0.5962344914012584
2024-08-05 18:40:00,0.9555838481403403
2024-08-05 18:50:00,1.1810736293012598
2024-08-05 19:00:00,0.7347671875865222
2024-08-05 19:10:00,0.8252320898807795
2024-08-05 19:20:00,0.9507773955828323
2024-08-05 19:30:00,0.5102173239394348
2024-08-05 19:40:00,0.7642315560238295
2024-08-05 19:50:00,0.8031114892418422
2024-08-05 20:00:00,0.6211881039209092
2024-08-05 20:10:00,0.7810840560299852
2024-08-05 20:20:00,0.6048209323311167
2024-08-05 20:30:00,0.6092608634947159
2024-08-05 20:40:00,0.26243498995117565
2024-08-05 20:50:00,0.208432937398804
2024-08-05 21:00:00,0.17313169888795768
2024-08-05 21:10:00,0.1828702736681919
2024-08-05 21:20:00,0.2197744101337661
2024-08-05 21:30:00,0.22786446599437687
2024-08-05 21:40:00,0.37285963150039764
2024-08-23 06:00:00,0.325229709484849
2024-08-23 06:10:00,0.35153172343966493
2024-08-23 06:20:00,0.2858457086480902
2024-08-23 06:30:00,0.9075142171711281
2024-08-23 06:40:00,2.2004319051895416
2024-08-23 06:50:00,1.361545274033228
2024-08-23 07:00:00,1.7619838778648775
2024-08-23 07:10:00,1.3829642645129074
2024-08-23 07:20:00,3.8858145252245566
2024-08-23 07:30:00,11.613176588772012
2024-08-23 07:40:00,2.2765019153357007
2024-08-23 07:50:00,1.785274794401627
2024-08-23 08:00:00,0.9727997008423879
2024-08-23 08:10:00,2.3166756766925714
2024-08-23 08:20:00,1.8539195623614821
2024-08-23 08:30:00,0.3786962014392891
2024-08-23 08:40:00,0.10182288536096826
2024-08-23 08:50:00,0.15198754302471235
2024-08-23 09:00:00,0.4291614770121279
2024-08-23 09:10:00,1.1815904247305067
2024-08-23 09:20:00,1.6197157329186835
2024-08-23 09:30:00,2.222608699928572
2024-08-23 09:40:00,1.2101542948428181
2024-08-23 09:50:00,0.5631797916784228
2024-08-23 10:00:00,0.9898497587403137
2024-08-23 10:20:00,0.7099667556659629
2024-08-23 10:30:00,8.580764229017102
2024-08-23 10:40:00,1.1682295286929025
2024-08-23 10:50:00,1.4410355625163265
2024-08-23 11:00:00,0.28781047013964345
2024-08-23 11:10:00,0.3459021622759916
2024-08-23 11:20:00,0.5988388557329053
2024-08-23 11:30:00,0.3532674758633026
2024-08-23 11:40:00,0.3753616280755614
2024-08-23 11:50:00,0.3938908742570659
2024-08-23 12:00:00,0.43023736276886504
2024-08-23 12:10:00,0.5066583766999982
2024-08-23 12:20:00,0.3981840445039905
2024-08-23 12:30:00,0.3320782293826482
2024-08-23 12:40:00,0.5545227124037357
2024-08-23 12:50:00,2.7771499362618774
2024-08-23 13:00:00,3.3757554358431388
2024-08-23 13:10:00,2.205102453197941
2024-08-23 13:20:00,0.8776657894686538
2024-08-23 13:30:00,0.24773530784790831
2024-08-23 13:40:00,0.3955634562041368
2024-08-23 13:50:00,0.35154230565086086
2024-08-23 14:00:00,0.4011167512722733
2024-08-23 14:10:00,0.37674485796805035
2024-08-23 14:20:00,0.7636106952599082
2024-08-23 14:30:00,0.481907167285785
2024-08-23 14:40:00,0.8002964355885073
2024-08-23 14:50:00,0.44632086388724157
2024-08-23 15:00:00,1.6059944544676126
2024-08-23 15:10:00,239.4954040623497
2024-08-23 15:20:00,11.627455291830211
2024-08-23 15:30:00,1.587260817667858
2024-08-23 15:40:00,0.4334341998115088
2024-08-23 15:50:00,0.2651562802211275
2024-08-23 16:00:00,0.33586022762439066
2024-08-23 16:10:00,0.5542086548818367
2024-08-23 16:20:00,0.5157956919430633
2024-08-23 16:30:00,2.297894212045175
2024-08-23 16:40:00,2.8491359422374507
2024-08-23 16:50:00,0.5750227786837185
2024-08-23 17:00:00,1.956758195843727
2024-08-23 17:10:00,1.5433616409062085
2024-08-23 17:20:00,0.5944427438085556
2024-08-23 17:30:00,0.5966764289571785
2024-08-23 17:40:00,0.8089328517629274
2024-08-23 17:50:00,0.8165761528247084
2024-08-23 18:00:00,1.11185003369913
2024-08-23 18:10:00,2.2306958444932814
2024-08-23 18:20:00,0.8107810262834033
2024-08-23 18:30:00,1.5091037764508783
2024-08-23 18:40:00,1.8103519504668777
2024-08-23 18:50:00,1.155354044743545
2024-08-23 19:00:00,1.015379291413363
2024-08-23 19:10:00,3.2379694982181513
2024-08-23 19:20:00,2.866940578716157
2024-08-23 19:30:00,1.8806030545579993
2024-08-23 19:40:00,1.1875355255275126
2024-08-23 19:50:00,0.9269922695302633
2024-08-23 20:00:00,2.5334018320057763
2024-08-23 20:10:00,3.1612194228058415
2024-08-23 20:20:00,1.310175166681151
2024-08-23 20:30:00,1.3322732494279044
2024-08-23 20:40:00,1.2616950810834788
2024-08-23 20:50:00,1.3558817476827623
2024-08-23 21:00:00,0.6935063287601693
2024-08-23 21:10:00,0.5586880754748595
2024-08-23 21:20:00,0.6449358132743296
2024-08-23 21:30:00,0.26397658344323677
2024-08-23 21:40:00,0.37501653597481216
2024-08-23 21:50:00,0.5157459421603623
2024-08-23 22:00:00,0.9430203586299475
2024-08-23 22:10:00,0.6783205593468563
2024-08-23 22:20:00,0.634916459424907
2024-08-23 22:30:00,0.7678122507631282
2024-08-23 22:40:00,0.3050590461182859
2024-08-23 22:50:00,0.3879338209264627
2024-08-23 23:00:00,0.2714002862644715
2024-08-23 23:10:00,0.26460958249914673
2024-08-23 23:20:00,0.7254464523795174
2024-08-23 23:30:00,2.166172986832785
2024-08-23 23:40:00,5.031833482241259
2024-08-23 23:50:00,9.528080021758784
2024-08-24 00:00:00,4.734627874796818
2024-08-24 00:10:00,2.158257705918726
2024-08-24 00:20:00,1.1964543193593822
2024-08-24 00:30:00,0.9797663521849161
2024-08-24 00:40:00,3.520614260792166
2024-08-24 00:50:00,88.7307000538965
2024-08-24 01:00:00,135.71652713743495
2024-08-24 01:10:00,15.828615576673593
2024-08-24 01:20:00,26.370450745848707
2024-08-24 01:30:00,4.510722215290354
2024-08-24 01:40:00,1.4151780725667935
2024-08-24 01:50:00,0.9620568346884956
2024-08-24 02:00:00,1.389990935868547
2024-08-24 02:10:00,0.6209622082732417
2024-08-24 02:20:00,0.9026963999312894
2024-08-24 02:30:00,1.6587902334518834
2024-08-24 02:40:00,2.2180098744788186
2024-08-24 02:50:00,1.2518747546658604
2024-08-24 03:00:00,1.0318259318591838
2024-08-24 03:10:00,0.7646676890411395
2024-08-24 03:20:00,2.3306357744541706
2024-08-24 03:30:00,2.854600531005302
2024-08-24 03:40:00,1.5687023923999097
2024-08-24 03:50:00,1.7722534318895573
2024-08-24 04:00:00,0.9978314423463678
2024-08-24 04:10:00,0.7222367653484184
2024-08-24 04:30:00,0.5856530276962111
2024-08-24 13:10:00,4.7482621176249635
2024-08-24 13:20:00,1.680153203395539
2024-08-24 13:30:00,4.206798095397944
2024-08-24 13:40:00,3.0885772047129754
2024-08-24 13:50:00,5.744817918377009
2024-08-24 14:00:00,11.220228723343533
2024-08-24 14:10:00,12.320954234716769
2024-08-24 14:20:00,7.0661967440526015
2024-08-24 14:30:00,11.830017261385704
2024-08-24 14:40:00,9.702290274411613
2024-08-24 14:50:00,7.2807325659556135
2024-08-24 15:00:00,18.079299047383362
2024-08-24 15:10:00,50.009134632674844
2024-08-24 15:20:00,5.801973829545881
2024-08-24 15:30:00,8.705282390427353
2024-08-24 15:40:00,9.88995979799288
2024-08-24 15:50:00,0.6577053076822236
2024-08-24 16:00:00,0.9722221409614823
2024-08-24 16:10:00,9.329339494863916
2024-08-24 16:20:00,10.697436609174938
2024-08-24 16:30:00,6.4972647622455595
2024-08-24 16:40:00,8.473890341441036
2024-08-24 16:50:00,9.231462572178259
2024-08-24 17:00:00,16.155583276573072
2024-08-24 17:10:00,13.556609354501845
2024-08-24 17:20:00,1.5436105584842787
2024-08-24 17:30:00,1.2470716379360232
2024-08-24 17:40:00,2.9062514355145193
2024-08-24 17:50:00,9.968094576367436
2024-08-24 18:00:00,22.530538390527035
2024-08-24 18:10:00,13.670072236983092
2024-08-24 18:20:00,53.4665227964215
2024-08-24 18:30:00,52.782772485658974
2024-08-24 18:40:00,22.42622403840779
2024-08-24 18:50:00,25.545067816705494
2024-08-24 19:00:00,120.57299350929404
2024-08-24 19:10:00,95.49770536636632
2024-08-24 19:20:00,69.99732510305671
2024-08-24 19:30:00,38.48011213236374
2024-08-24 19:40:00,36.39903409150962
2024-08-24 19:50:00,16.635473957033614
2024-08-24 20:00:00,16.040444409919488
2024-08-24 20:10:00,24.706599801011965
2024-08-24 20:20:00,10.966935275734372
2024-08-24 20:30:00,11.51011727854256
2024-08-24 20:40:00,12.057231592668204
2024-08-24 20:50:00,5.448463621054667
2024-08-24 21:00:00,5.618676605414527
2024-08-24 21:10:00,3.939802788364218
2024-08-24 21:20:00,5.995076742724166
2024-08-24 21:30:00,7.9032095712140045
2024-08-24 21:40:00,3.9324166043743096
2024-08-24 21:50:00,1.5666053663526165
2024-08-24 22:00:00,1.4249413304817822
2024-08-24 22:10:00,1.6614467055640392
2024-08-24 22:20:00,0.9789492110725274
2024-08-24 22:30:00,1.9667449172225486
2024-08-24 22:40:00,2.1919162103581264
2024-08-24 22:50:00,1.2291027783615895
2024-08-24 23:00:00,1.1189012570381491
2024-08-24 23:10:00,1.5361240457309266
2024-08-24 23:20:00,1.8388199482625494
2024-08-24 23:30:00,1.3214877044745867
2024-08-24 23:40:00,1.3283938598764007
2024-08-24 23:50:00,2.3639137934048056
2024-08-25 00:00:00,1.1555469260349505
2024-08-25 00:10:00,1.0381691092601841
2024-08-25 00:20:00,0.49347825909090226
2024-08-25 00:30:00,0.3395591621791134
2024-08-25 00:40:00,0.3123937052440335
2024-08-25 00:50:00,0.5999023013554071
2024-08-25 01:00:00,1.1449943813937804
2024-08-25 14:30:00,0.7616916979681071
2024-08-25 14:40:00,1.0709803679145597
2024-08-25 14:50:00,0.7345484434330013
2024-08-25 15:00:00,1.3646626696939654
2024-08-25 15:10:00,1.0263186867476441
2024-08-25 15:20:00,1.5689697537939915
2024-08-25 15:30:00,2.5532914845268024
2024-08-25 15:40:00,7.073642884326152
2024-08-25 15:50:00,7.63165108152362
2024-08-25 16:00:00,2.5478352659726617
2024-08-25 16:10:00,1.0693100007343648
2024-08-25 16:20:00,2.6572775973024982
2024-08-25 16:30:00,4.834918272761127
2024-08-25 16:40:00,0.7536360370640198
2024-08-25 16:50:00,0.47795250445489107
2024-08-25 17:00:00,0.5194463446845008
2024-08-25 17:10:00,0.47947101004580733
2024-08-25 17:20:00,0.6240847344323566
2024-08-25 17:30:00,1.214907866538088
2024-08-25 17:40:00,1.093764699770511
2024-08-25 17:50:00,0.7621593719542011
2024-08-25 18:00:00,3.015377794296429
2024-08-25 18:10:00,16.411744768159366
2024-08-25 18:20:00,7.983414568190595
2024-08-25 18:30:00,33.1063343993721
2024-08-25 18:40:00,21.299668720123208
2024-08-25 18:50:00,16.193440739593537
2024-08-25 19:00:00,5.444985770022331
2024-08-25 19:10:00,4.843862838505919
2024-08-25 19:20:00,7.5457071664053785
2024-08-25 19:30:00,13.425529348539133
2024-08-25 19:40:00,10.413678133159193
2024-08-25 19:50:00,5.359143035514975
2024-08-25 20:00:00,4.122461189424714
2024-08-25 20:10:00,3.86436758832658
2024-08-25 20:20:00,3.784731978538517
2024-08-25 20:30:00,4.758407140684702
2024-08-25 20:40:00,4.802382208295957
2024-08-25 20:50:00,2.9181574811957973
2024-08-25 21:00:00,2.640500908309904
2024-08-25 21:10:00,1.3102383779426994
2024-08-25 21:20:00,0.85732497962556
2024-08-25 21:30:00,1.43763495129647
2024-08-25 21:40:00,1.209762697713652
2024-08-25 21:50:00,1.7108522144458793
2024-08-25 22:00:00,2.1153602813971766
2024-08-25 22:10:00,1.8607048690695358
2024-08-25 22:20:00,2.1219921525444176
2024-08-25 22:30:00,1.5922354330514747
2024-08-25 22:40:00,1.2460752030344022
2024-08-25 22:50:00,0.9775101633071801
2024-08-25 23:00:00,0.9130570596599121
2024-08-25 23:10:00,0.7194780428971496
2024-08-25 23:20:00,0.9479311617767235
2024-08-25 23:30:00,0.6281050694962269
2024-08-25 23:40:00,0.8220297455957573
2024-08-25 23:50:00,0.8473722073185991
2024-08-26 00:00:00,0.7033668609518953
2024-08-26 00:10:00,0.9704091120470166
2024-08-26 14:20:00,0.6849676243104657
2024-08-26 14:30:00,0.7655336368339842
2024-08-26 14:40:00,0.5871416298418581
2024-08-26 14:50:00,0.7132094980973415
2024-08-26 15:00:00,0.5540583659733265
2024-08-26 15:10:00,0.22659843527308535
2024-08-26 15:50:00,1.3290468194732774
2024-08-26 16:00:00,5.1602783222797335
2024-08-26 16:10:00,3.902096015315079
2024-08-26 16:20:00,1.9707756650370183
2024-08-26 16:30:00,5.202435473038161
2024-08-26 16:40:00,16.420524088091703
2024-08-26 16:50:00,9.850052708090653
2024-08-26 17:00:00,11.615764940950037
2024-08-26 17:10:00,5.773012670779086
2024-08-26 17:20:00,4.589103407631601
2024-08-26 17:40:00,3.2796331465178774
2024-08-26 17:50:00,16.766194060280114
2024-08-26 18:00:00,34.79819937580869
2024-08-26 18:10:00,43.105456505022204
2024-08-26 18:20:00,13.259354850948208
2024-08-26 18:30:00,19.937657889663043
2024-08-26 18:40:00,47.44591031774384
2024-08-26 18:50:00,41.130836253313504
2024-08-26 19:00:00,8.396879530883664
2024-08-26 19:10:00,14.013174618401885
2024-08-26 19:20:00,10.983257795282766
2024-08-26 19:50:00,-1.8691799984009212
2024-08-26 20:00:00,0.02444662971884305
2024-08-26 20:10:00,2.9668442255832015
2024-08-26 20:20:00,2.099401771945374
2024-08-26 20:30:00,1.0828536071988006
2024-08-26 20:40:00,0.4084650497005922
2024-08-26 20:50:00,1.4201551318953138
2024-08-26 21:00:00,0.9289595963921613
2024-08-26 21:10:00,0.24883766409610594
2024-08-26 21:20:00,1.2411804347275304
2024-08-27 13:00:00,5.909815231953863
2024-08-27 13:10:00,117.80265860009541
2024-08-27 13:20:00,15.99529022403776
2024-08-27 13:30:00,30.982152501843636
2024-08-27 14:10:00,18.17072860827908
2024-08-27 14:20:00,4478.134652500291
2024-08-27 14:30:00,139.7274876335617
2024-08-27 14:40:00,27.285696518473173
2024-08-27 14:50:00,57.7901826083482
2024-08-27 15:00:00,31.818834327060358
2024-08-27 15:10:00,12.299763659298986
2024-08-27 15:40:00,7.951587022562616
2024-08-27 15:50:00,53.59152316109772
2024-08-27 16:00:00,15.421621209134257
2024-08-27 16:10:00,26.034066039330558
2024-08-27 16:20:00,110.31985611877442
2024-08-27 16:30:00,134.7115720934151
2024-08-27 16:40:00,141.59467072805788
2024-08-27 16:50:00,186.49582538053602
2024-08-27 19:00:00,40.49816465360174
2024-08-27 19:10:00,101.02362826654638
2024-08-27 19:20:00,690.7784786759748
2024-08-27 19:30:00,13.785106418413621
2024-08-27 19:40:00,24.81482154021665
2024-08-27 19:50:00,39.399429510312224
2024-08-27 20:00:00,585.1171848729327
2024-08-27 20:10:00,33.16636060814248
2024-08-27 20:40:00,60.92352945366624
2024-08-27 20:50:00,22.06456774850496
2024-08-27 21:00:00,68.36426488752625
2024-08-27 21:10:00,12.24105957687467
2024-08-27 21:20:00,6.003650765728031
2024-08-27 21:30:00,32.86109764774592
2024-08-27 21:40:00,56.29367609552518
2024-08-27 21:50:00,26.13955347091041
2024-08-27 22:10:00,131.36101504701622
2024-08-27 22:20:00,11.749418322246715
2024-08-27 22:30:00,6.5142209800598145
2024-08-27 22:40:00,6.75669734821584
2024-08-27 22:50:00,10.096804847672145
2024-08-27 23:00:00,9.004228500544984
2024-08-27 23:10:00,6.293911211437488
2024-08-27 23:20:00,4.571694900350835
2024-08-27 23:30:00,8.518381490519433
2024-08-27 23:50:00,24.138932739943225
2024-08-28 00:00:00,35.31280740228675
2024-08-28 00:10:00,16.0691796509877
2024-08-28 00:20:00,10.89726253258069
2024-08-28 12:30:00,0.8306507725839783
2024-08-28 12:40:00,0.30880006386827824
2024-08-28 12:50:00,0.23452204380962297
2024-08-28 13:00:00,0.15560863952054615
2024-08-28 13:10:00,0.20376537403154568
2024-08-28 13:20:00,0.14448674924235988
2024-08-28 15:30:00,0.2551244987788818
2024-08-28 15:40:00,0.1920367944112534
2024-08-28 15:50:00,0.31657967295794787
2024-08-28 16:30:00,0.29475505735852897
2024-08-28 16:40:00,0.31754932654343404
2024-08-28 16:50:00,0.24444547950630827
2024-08-28 17:00:00,0.25814610486620143
2024-08-28 17:10:00,0.29237361062344364
2024-08-28 17:20:00,0.2689197995041507
2024-08-28 17:30:00,0.3103106753688024
2024-08-28 18:10:00,0.26874428475969053
2024-08-28 18:20:00,0.40758494313983257
2024-08-28 18:30:00,0.28961060907522734
2024-08-28 18:40:00,0.29949494972480645
2024-08-28 18:50:00,0.2803024200197419
2024-08-28 19:00:00,0.41741716082683966
2024-08-28 19:10:00,0.24720684577457233
2024-08-28 19:40:00,0.37201133910763107
2024-08-28 19:50:00,0.31037089781506416
2024-08-28 20:00:00,0.3027568998756684
2024-08-28 20:10:00,0.24082779610299745
2024-08-28 20:20:00,0.14917421364093564
2024-08-28 20:30:00,0.1808457007820497
2024-08-28 20:40:00,0.3161272093256697
2024-08-28 21:00:00,0.3921023334337822
2024-08-28 21:10:00,0.307213546923484
2024-08-28 21:20:00,0.5074762939164149
2024-08-28 21:30:00,0.3704427482391817
2024-08-28 21:40:00,0.27229470678484796
2024-08-28 21:50:00,0.2566581315218528
2024-08-28 22:00:00,0.3167533519290925
2024-08-28 22:10:00,0.45607317921546864
2024-08-28 23:50:00,0.3363574823690315
2024-08-29 00:00:00,0.4304424070506024
2024-08-29 00:10:00,0.5016602541783967
2024-08-29 00:20:00,0.5541488366955722
2024-08-29 00:30:00,1.2851087441321476
2024-08-29 00:40:00,0.7270352988108435
2024-08-29 00:50:00,0.40371816669154464
2024-08-29 02:50:00,0.2657090835064786
2024-08-29 03:00:00,0.1209780467009669
2024-08-29 03:10:00,0.261633702340894
2024-08-29 03:20:00,0.7221850394924559
2024-08-29 03:30:00,106.44613585614624
2024-08-29 03:40:00,0.7527104606149
2024-08-29 03:50:00,0.20855882920403232
2024-08-29 04:20:00,0.4743772703500955
2024-08-29 04:30:00,0.30656103888591835
2024-08-29 04:40:00,0.3578338649681136
2024-08-29 04:50:00,0.2024214346562792
2024-08-29 05:00:00,0.22038235204085557
2024-08-29 05:10:00,0.18780501292037644
2024-08-29 05:20:00,0.22199925363293496
2024-08-29 13:00:00,-8.554971266979585
2024-08-29 13:10:00,-1363.868452708501
2024-08-29 13:20:00,-24.33886219760997
2024-08-29 13:30:00,-247.9402570786141
2024-08-29 13:40:00,-7.588110307394719
2024-08-29 14:10:00,-4.250056617480762
2024-08-29 14:20:00,2.1492313647907175
2024-08-29 14:30:00,-3.5512614971653105
2024-08-29 14:40:00,-8.868632298316943
2024-08-29 14:50:00,-85.371713406908
2024-08-29 15:00:00,-50.357326767005084
2024-08-29 15:30:00,-1327.4379746729637
2024-08-29 15:40:00,-6.799781746567559
2024-08-29 15:50:00,-0.6444632979730567
2024-08-29 16:00:00,-6.329311524870988
2024-08-29 16:10:00,-5.332282025707656
2024-08-29 16:20:00,-18.755043036002032
2024-08-29 17:20:00,-0.021495029150863713
2024-08-29 17:30:00,7.64289866368797
2024-08-29 17:40:00,-0.866947368603887
2024-08-29 17:50:00,-13.506388466590163
2024-08-29 18:00:00,-23.37513487496705
2024-08-29 18:10:00,-43.74045706879341
2024-08-29 18:20:00,-3.7153588641193482
2024-08-29 18:30:00,-1.105121978087968
2024-08-29 19:20:00,-1.933743813561175
2024-08-29 19:50:00,-18.23599102284775
2024-08-29 20:00:00,-1.643776181212593
2024-08-29 20:10:00,0.0070354811759738714
2024-08-29 20:20:00,-3.428124293465042
2024-08-29 20:30:00,-3.764107058589231
2024-08-29 20:40:00,-0.5465222278887315
2024-08-29 21:00:00,-102.13733074035801
2024-08-29 21:10:00,-1.2812142690508042
2024-08-29 21:20:00,-4.577763327148189
2024-08-29 21:30:00,-40.43789456943976
2024-08-29 21:40:00,-7.403255267879942
2024-08-29 21:50:00,-4.199084921361598
2024-08-29 22:00:00,0.36016374765356995
2024-08-30 02:40:00,-3.417667506414562
2024-08-30 02:50:00,-5.817496039851716
2024-08-30 03:00:00,-23.43729900888026
2024-08-30 03:10:00,-2.3433038596182874
2024-08-30 03:20:00,5.397115570679527
2024-08-30 03:30:00,-3.8036177990621427
2024-08-30 17:20:00,4.481848032634687
2024-08-30 17:30:00,4.69769874224819
2024-08-30 17:40:00,2.876046571499134
2024-08-30 17:50:00,3.5582363505905557
2024-08-30 18:00:00,2.9198043865889063
2024-08-30 18:30:00,7.303785982265592
2024-08-30 18:40:00,2.41063035908855
2024-08-30 18:50:00,2.7977593478626956
2024-08-30 19:00:00,2.418294184247149
2024-08-30 19:10:00,1.2391315182510207
2024-08-30 22:30:00,0.1730774741334982
2024-08-30 22:40:00,0.1325484364744986
2024-08-30 22:50:00,0.13391541989096362
2024-08-30 23:00:00,0.1583894938982725
2024-08-30 23:10:00,0.15114845216338482
2024-08-30 23:20:00,0.2079231497047201
2024-08-31 00:00:00,0.15842448190450484
2024-08-31 00:10:00,0.13332252800677596
2024-08-31 00:20:00,0.1883767154227222
2024-08-31 00:30:00,0.18150072712628257
2024-08-31 00:40:00,0.20307647197412695
2024-08-31 01:10:00,0.1393446481184259
2024-08-31 01:20:00,0.1595821829258245
2024-08-31 01:30:00,0.1743829302660751
2024-08-31 01:40:00,0.11892469613785639
2024-08-31 01:50:00,0.18787720877839306
2024-08-31 02:20:00,0.11242457320185915
2024-08-31 02:30:00,0.10972102938171846
2024-08-31 02:40:00,0.155725340687294
2024-08-31 02:50:00,0.0923792248784485
2024-08-31 03:00:00,0.107230284902174
2024-08-31 03:10:00,0.1339879855065608
2024-08-31 03:30:00,0.15615349770895506
2024-08-31 03:40:00,0.1415495784465363
2024-08-31 03:50:00,0.1862320316131508
2024-08-31 04:00:00,0.225184172481728
2024-08-31 04:10:00,0.16858355223043364
2024-08-31 04:20:00,0.28455445610825086
2024-08-31 12:30:00,0.4231024840105612
2024-08-31 12:40:00,0.44409973497127675
2024-08-31 12:50:00,0.3998667640810798
2024-08-31 13:00:00,0.49243378954964767
2024-08-31 13:10:00,0.27838132572844837
2024-08-31 13:40:00,0.9471351173367397
2024-08-31 13:50:00,0.3769496155262157
2024-08-31 14:00:00,0.22128725215879486
2024-08-31 14:10:00,0.1764107027322631
2024-08-31 14:20:00,0.18904130166963434
2024-08-31 14:30:00,0.272523803658613
2024-08-31 15:00:00,0.2237999347076742
2024-08-31 15:10:00,0.2571075053811926
2024-08-31 15:20:00,0.2910390094794169
2024-08-31 15:30:00,0.3418858942603087
2024-08-31 16:10:00,0.622476434819845
2024-08-31 16:20:00,0.6734680676789189
2024-08-31 16:30:00,0.4366336882654217
2024-08-31 16:40:00,0.6216671561957048
2024-08-31 16:50:00,0.43187381408332626
2024-08-31 17:10:00,0.5317055085487431
2024-08-31 17:20:00,0.44788420137324886
2024-08-31 17:30:00,0.33357124776431185
2024-08-31 17:40:00,0.3215316838031627
2024-08-31 17:50:00,0.3069793963286511
2024-08-31 18:00:00,0.42231333451562886
2024-08-31 18:30:00,0.49769474250516277
2024-08-31 18:40:00,0.5785895290885985
2024-08-31 18:50:00,0.5555589409264441
2024-08-31 19:00:00,0.43018625590632137
2024-08-31 19:30:00,0.42604884056652015
2024-08-31 19:40:00,0.9243244770665487
2024-08-31 19:50:00,0.8257982897046415
2024-08-31 20:00:00,1.197928607697891
2024-08-31 20:10:00,0.8167652881808344
2024-08-31 20:20:00,0.7081682663063924
2024-08-31 22:30:00,0.8760770644733018
2024-08-31 22:40:00,0.9981818986339113
2024-08-31 22:50:00,1.823518707775456
2024-08-31 23:00:00,2.638211172330063
2024-08-31 23:40:00,0.35575196509850365
2024-08-31 23:50:00,0.315849054956609
2024-09-01 00:00:00,0.4645888578584813
2024-09-01 00:10:00,0.36281241776961987
2024-09-01 00:20:00,0.3839840809864491
2024-09-01 00:40:00,2.6713316194083463
2024-09-01 00:50:00,2.485390725005099
2024-09-01 01:00:00,2.766984733338343
2024-09-01 01:10:00,2.91592584478127
2024-09-01 01:20:00,2.4137811489864713
2024-09-01 01:30:00,2.48806121701869
2024-09-01 01:50:00,1.9229979921313416
2024-09-01 02:00:00,1.4791203660905818
2024-09-01 02:10:00,1.8156349667030174
2024-09-01 02:20:00,2.7309665235115257
2024-09-01 02:30:00,2.2552795614015317
2024-09-01 02:40:00,2.514529987191805
2024-09-01 03:10:00,1.2636386921784013
2024-09-01 03:20:00,3.8990255105980514
2024-09-01 03:30:00,0.014973528882823803
2024-09-01 03:40:00,4.312575164987005
2024-09-01 03:50:00,2.4793490319236753
2024-09-01 13:40:00,0.31760954698760646
2024-09-01 13:50:00,0.3582387890529354
2024-09-01 14:00:00,0.45456323165936174
2024-09-01 14:10:00,0.5566860774686259
2024-09-01 14:20:00,2.041526445579696
2024-09-01 14:40:00,2.7632139878278474
2024-09-01 14:50:00,1.6003683091879295
2024-09-01 15:00:00,0.54787655207018
2024-09-01 15:10:00,0.42502023744863066
2024-09-01 15:20:00,0.29195738884880973
2024-09-01 15:50:00,0.1661498386720543
2024-09-01 16:00:00,0.5163249456248268
2024-09-01 16:10:00,1.1962987101662468
2024-09-01 16:20:00,0.6541880011329149
2024-09-01 16:30:00,0.3507588306163432
2024-09-01 16:50:00,0.27283501468039995
2024-09-01 17:00:00,0.7709031560860822
2024-09-01 17:10:00,0.8357667816320957
2024-09-01 17:20:00,1.2173334953358557
2024-09-01 17:30:00,0.6377489815250228
2024-09-01 17:40:00,0.42991837785473613
2024-09-01 18:50:00,0.440816957038763
2024-09-01 20:10:00,0.5675087222922794
2024-09-01 20:20:00,0.5589933838929178
2024-09-01 20:50:00,0.24408888631194448
2024-09-01 21:00:00,0.39650546124888647
2024-09-01 21:10:00,0.5417438300246411
2024-09-01 21:20:00,0.31350185395904445
2024-09-01 21:30:00,0.26580212405501374
2024-09-01 22:50:00,0.016007591156027023
2024-09-01 23:00:00,-0.6916054582269164
2024-09-01 23:10:00,-0.32992291319853184
2024-09-01 23:50:00,0.23587598125979825
2024-09-02 00:40:00,0.5490360163776757
2024-09-02 00:50:00,0.2512084624182581
2024-09-02 01:00:00,0.11776124525482698
2024-09-02 01:10:00,0.17842208817509214
2024-09-02 01:20:00,0.2352460829053106
2024-09-02 01:30:00,0.2552842931050412
2024-09-02 01:50:00,0.0638582539306591
2024-09-02 02:00:00,0.004616828544757922
2024-09-02 02:10:00,0.03797530247145405
2024-09-02 02:20:00,0.25791402903132554
2024-09-02 02:30:00,0.26297104208304434
2024-09-02 02:50:00,0.13975651660733507
2024-09-02 03:00:00,0.1732479272138176
2024-09-02 03:10:00,0.36537333734864547
2024-09-02 03:20:00,0.546628449544742
2024-09-02 03:30:00,0.27756842502143136
2024-09-02 03:40:00,0.1684549420714128
2024-09-02 04:00:00,0.3743062666257333
2024-09-02 04:10:00,0.40008837391341845
2024-09-02 04:20:00,0.616927288495553
2024-09-02 04:30:00,0.3533136650953068
2024-09-02 04:40:00,0.2371797039232194
2024-09-02 04:50:00,0.246565600989499
2024-09-02 12:40:00,0.5171961062571772
2024-09-02 12:50:00,0.3819576387543984
2024-09-02 13:00:00,0.7071721463131484
2024-09-02 13:20:00,0.9159563488565551
2024-09-02 13:30:00,0.8490625555121359
2024-09-02 13:40:00,0.6850785255035101
2024-09-02 13:50:00,1.196172401049455
2024-09-02 14:00:00,0.6797183471082567
2024-09-02 14:10:00,0.46819791229651764
2024-09-02 14:30:00,0.30045064856155057
2024-09-02 14:40:00,0.20266622257134786
2024-09-02 14:50:00,0.29928468676503206
2024-09-02 15:00:00,0.1990377949498485
2024-09-02 15:10:00,0.19152069451257278
2024-09-02 15:30:00,0.2100802811997652
2024-09-02 15:40:00,0.12521273473283578
2024-09-02 15:50:00,0.17526819282326803
2024-09-02 16:00:00,0.18960681413255434
2024-09-02 16:10:00,0.12094134841412701
2024-09-02 16:20:00,0.032579830341439214
2024-09-02 16:40:00,0.4385593729710799
2024-09-02 16:50:00,-0.011009769109675398
2024-09-02 17:00:00,0.06802938512472875
2024-09-02 17:10:00,0.0926472085937516
2024-09-02 17:20:00,0.16522011577211684
2024-09-02 17:30:00,0.5047039928387488
2024-09-02 17:40:00,0.29770544575653574
2024-09-02 17:50:00,1.3422725156371116
2024-09-02 18:00:00,3.352626081204122
2024-09-02 18:30:00,0.8041069391148717
2024-09-02 18:40:00,0.9754238169366225
2024-09-02 18:50:00,1.9927010108880654
2024-09-02 19:00:00,2.3703096379911437
2024-09-02 19:10:00,0.5961657089564775
2024-09-02 19:30:00,1.2435535082967581
2024-09-02 19:40:00,6.781160331958548
2024-09-02 19:50:00,2.566008736423575
2024-09-02 20:00:00,0.42929584702515927
2024-09-02 20:10:00,0.480432274746693
2024-09-02 22:30:00,0.9293599806923863
2024-09-02 22:40:00,1.6573613976865622
2024-09-02 22:50:00,2.009251523763816
2024-09-02 23:00:00,2.507873375414056
2024-09-02 23:30:00,1.4527232952904412
2024-09-02 23:40:00,2.2152718798799405
2024-09-02 23:50:00,1.6782080442507634
2024-09-03 00:00:00,1.9547078792841575
2024-09-03 00:10:00,15.382314649740836
2024-09-03 00:30:00,7.16070168688971
2024-09-03 00:40:00,7.875307561989371
2024-09-03 00:50:00,76.06111542742927
2024-09-03 01:00:00,17.786049418390085
2024-09-03 01:10:00,4.498347681562256
2024-09-03 02:10:00,1.8112420989353322
2024-09-03 02:20:00,1.705277744378231
2024-09-03 02:30:00,1.3355175132994006
2024-09-03 02:40:00,0.28613007151414427
2024-09-03 03:10:00,0.28455888319571326
2024-09-03 03:20:00,0.22174674992137194
2024-09-03 03:30:00,0.08782580012440828
2024-09-03 03:40:00,0.15852880017078802
2024-09-03 03:50:00,0.6390984918795408
2024-09-03 04:10:00,0.1047224008070141
2024-09-03 04:20:00,11.890095184674047
2024-09-03 04:30:00,0.8991510496385731
2024-09-03 04:40:00,0.47277781469291497
2024-09-03 04:50:00,0.34685190027683926
2024-09-03 10:30:00,-3.178309652011901
2024-09-03 10:40:00,0.5237379284123009
2024-09-03 10:50:00,10.978229913593262
2024-09-03 11:00:00,-2.017653348417845
2024-09-03 11:10:00,-2.1851131474995924
2024-09-03 12:30:00,-1.6902351657711374
2024-09-03 12:40:00,2.327592102685168
2024-09-03 12:50:00,0.5583237705941358
2024-09-03 13:00:00,-1.181736660265826
2024-09-03 18:30:00,6.638570719884751
2024-09-03 18:40:00,5.587640283067348
2024-09-03 18:50:00,1.7858062822908298
2024-09-03 19:00:00,3.827422477500497
2024-09-03 22:30:00,4.813007925862916
2024-09-03 22:40:00,13.922667156072489
2024-09-03 22:50:00,7.068480204744629
2024-09-03 23:00:00,0.17541283958878953
2024-09-04 10:40:00,59068.33939068848
2024-09-04 11:00:00,289.29794150843423
2024-09-04 11:10:00,2433.9899623885517
2024-09-04 11:30:00,141.53199828487595
2024-09-04 11:40:00,142.8044637290753
2024-09-04 11:50:00,58.92126792281631
2024-09-04 12:00:00,25.625898599980225
2024-09-04 12:40:00,7.40458488017488
2024-09-04 12:50:00,5.466799924251292
2024-09-04 13:00:00,2.4906105453032383
2024-09-04 13:20:00,2.432053832088671
2024-09-04 13:30:00,1.6501149104525543
2024-09-04 13:40:00,1.609281322287523
2024-09-04 13:50:00,2.1019521064096263
2024-09-04 14:00:00,1.8553346065952532
2024-09-04 17:30:00,35.4370508345226
2024-09-04 17:40:00,15.51466333018723
2024-09-04 17:50:00,7.294162254976305
2024-09-04 18:00:00,11.81490489737695
2024-09-04 18:40:00,13.479172379138562
2024-09-05 00:30:00,75.8957022759037
2024-09-05 00:40:00,41.3750160768261
2024-09-05 00:50:00,44.621119707928614
2024-09-05 01:00:00,14.411554250146066
2024-09-05 03:30:00,2.5419569254851124
2024-09-05 03:40:00,1.816623270295277
2024-09-05 03:50:00,1.8842123097073782
2024-09-05 04:00:00,2.2883511097522
2024-09-05 04:20:00,2.8902349656822897
2024-09-05 04:30:00,4.296373727099381
2024-09-05 04:40:00,1.2849726347756798
2024-09-05 04:50:00,1.6827116877084707
2024-09-05 05:00:00,4.044577456920168
2024-09-05 06:30:00,2.60920238068866
2024-09-05 06:40:00,4.700368903010221
2024-09-05 06:50:00,1.0821747569806432
2024-09-05 07:00:00,0.8392670414791891
2024-09-05 09:30:00,4.054650571310114
2024-09-05 09:40:00,4.932284475177222
2024-09-05 09:50:00,1.754703517600622
2024-09-05 10:00:00,2.6527436655125816
2024-09-05 12:30:00,18.12630284513077
2024-09-05 12:40:00,90.12753371850779
2024-09-05 12:50:00,23.53960686753205
2024-09-05 13:00:00,4.26574147385208
2024-09-05 13:20:00,90.23709337355706
2024-09-05 13:30:00,3.9533525590658725
2024-09-05 13:40:00,2.996793172782509
2024-09-05 13:50:00,9.59913407304099
2024-09-05 14:00:00,5.104480012044898
2024-09-05 14:20:00,4.8773628660057815
2024-09-05 14:30:00,6.777745273062887
2024-09-05 14:40:00,1.4584967994638875
2024-09-05 14:50:00,2.1500805053997776
2024-09-05 15:00:00,4.0527168704470995
2024-09-05 15:30:00,1.111140893873019
2024-09-05 15:40:00,1.7257208784211995
2024-09-05 15:50:00,2.0360616111882397
2024-09-05 16:30:00,1.4436866567230477
2024-09-05 16:40:00,0.5478409418851502
2024-09-05 16:50:00,1.0346835929110991
2024-09-05 17:00:00,0.937751930691681
2024-09-05 18:30:00,0.960632123579617
2024-09-05 18:40:00,0.5697739523669392
2024-09-05 18:50:00,1.0037993402569827
2024-09-05 19:20:00,0.6373590912263626
2024-09-05 19:30:00,0.567660976516077
2024-09-05 19:40:00,1.491262270245081
2024-09-05 19:50:00,1.023866920040215
2024-09-05 20:20:00,1.1459046604165033
2024-09-05 20:30:00,4.816288808935298
2024-09-05 20:40:00,1.744200503626725
2024-09-05 20:50:00,1.1518619913042436
2024-09-05 21:00:00,1.2738917616729388
2024-09-05 21:30:00,1.1380883562096573
2024-09-05 21:40:00,5.498658536588088
2024-09-05 21:50:00,1.5213563182996577
2024-09-05 22:00:00,3.7877369453049936
2024-09-05 22:20:00,4.774474988131912
2024-09-05 22:30:00,1.5569027650094642
2024-09-05 22:40:00,3.1673847277461173
2024-09-05 22:50:00,6.546962378940277
2024-09-05 23:20:00,1.799340241554013
2024-09-05 23:30:00,1.3137810684342541
2024-09-05 23:40:00,2.0416097055883444
2024-09-05 23:50:00,0.9819643886363962
2024-09-06 00:30:00,0.9339158341043492
2024-09-06 00:40:00,0.7882006489248282
2024-09-06 00:50:00,0.8572614654717926
2024-09-06 01:00:00,0.5423079065675906
2024-09-06 01:20:00,0.4020250753144103
2024-09-06 01:30:00,0.7209040746744342
2024-09-06 01:40:00,0.5797163132426838
2024-09-06 01:50:00,0.5891816508328215
2024-09-06 02:00:00,0.37085178825047715
2024-09-06 02:20:00,0.3967124009428885
2024-09-06 02:30:00,0.585424584201553
2024-09-06 02:40:00,0.3771976806778079
2024-09-06 02:50:00,0.37629735376041645
2024-09-06 03:00:00,0.4226293584634125
2024-09-06 03:30:00,0.3830264282674148
2024-09-06 03:40:00,0.33346936515102904
2024-09-06 03:50:00,0.2814252799706356
2024-09-06 04:00:00,0.2570710649642017
2024-09-06 06:30:00,0.27956373159030207
2024-09-06 06:40:00,0.4080953614660182
2024-09-06 06:50:00,0.36776638645921783
2024-09-06 07:30:00,0.24674234949917773
2024-09-06 07:40:00,0.3657581993925788
2024-09-06 07:50:00,0.22792638404628152
2024-09-06 08:00:00,0.15145283326234465
2024-09-06 09:30:00,0.18407482193402688
2024-09-06 09:40:00,0.28345642401133064
2024-09-06 09:50:00,0.1876375046127242
2024-09-06 10:00:00,0.20959755563708354
2024-09-06 10:20:00,0.1736635731470584
2024-09-06 10:30:00,0.1888814973579707
2024-09-06 10:40:00,0.38108947609415156
2024-09-06 10:50:00,0.679593586785585
2024-09-06 11:20:00,0.46176274954171664
2024-09-06 11:30:00,0.5423225206057706
2024-09-06 11:40:00,0.31292512280569823
2024-09-06 11:50:00,0.4177162931785839
2024-09-06 12:00:00,0.38393294380218856
2024-09-06 12:30:00,0.25177904389604966
2024-09-06 12:40:00,0.25014670459186206
2024-09-06 12:50:00,0.4052519706088283
2024-09-06 13:20:00,0.22705347631127484
2024-09-06 13:30:00,0.30965253584693253
2024-09-06 13:40:00,0.3585685110232912
2024-09-06 13:50:00,0.33493250605663993
2024-09-06 14:20:00,0.39129586703509656
2024-09-06 14:30:00,0.3630825691318998
2024-09-06 14:40:00,0.4775964220545749
2024-09-06 14:50:00,0.38337018234628845
2024-09-06 15:30:00,0.3430274902641351
2024-09-06 15:40:00,0.28988474778050394
2024-09-06 15:50:00,0.26576398603253315
2024-09-06 16:20:00,0.28919681731106284
2024-09-06 16:30:00,0.26648175583819267
2024-09-06 16:40:00,0.273419017951262
2024-09-06 16:50:00,0.41429586816071967
2024-09-06 18:30:00,0.569468261674371
2024-09-06 18:40:00,0.570261158807009
2024-09-06 18:50:00,0.39413024946886904
2024-09-06 19:20:00,0.31039376989039585
2024-09-06 19:30:00,0.22286033444942466
2024-09-06 19:40:00,0.1744616229315007
2024-09-06 19:50:00,0.20756568385204568
2024-09-06 20:20:00,0.14653356773968929
2024-09-06 20:30:00,0.14151297322961168
2024-09-06 20:40:00,0.26257424877639857
2024-09-06 20:50:00,0.18833508591181397
2024-09-06 21:30:00,0.4920554205789815
2024-09-06 21:40:00,0.3419376279690004
2024-09-06 21:50:00,0.3691226896419289
2024-09-06 22:00:00,0.6283450220465159
2024-09-07 00:30:00,0.24271959313218994
2024-09-07 00:40:00,0.07798209571085737
2024-09-07 00:50:00,-0.017616434824326153
2024-09-07 01:30:00,-0.22100264096515737
2024-09-07 01:40:00,-0.8923701801835418
2024-09-07 01:50:00,-0.02156364357073573
2024-09-07 02:00:00,-1.7810998641978426
2024-09-07 02:20:00,0.14766088362186827
2024-09-07 02:30:00,0.3572891312926902
2024-09-07 02:40:00,-0.023121758424253947
2024-09-07 02:50:00,-0.0673756205407481
2024-09-07 03:30:00,-0.27109133477750774
2024-09-07 03:40:00,-1.3111959904873987
2024-09-07 03:50:00,-1.2309493042459052
2024-09-07 04:00:00,-0.6493243252355451
2024-09-07 04:20:00,1.1995394606225909
2024-09-07 04:30:00,-0.36585726484199194
2024-09-07 04:40:00,0.45836851583330945
2024-09-07 04:50:00,-0.17395669031443411
2024-09-07 05:20:00,-0.07492952627280647
2024-09-07 05:30:00,0.4053042679288959
2024-09-07 05:40:00,0.6055769229266839
2024-09-07 05:50:00,0.15168397638488088
2024-09-07 06:30:00,0.46354717964482844
2024-09-07 06:40:00,-0.6170401052916991
2024-09-07 06:50:00,3.8729300410821597
2024-09-07 07:20:00,1.7577190616668457
2024-09-07 07:30:00,5.226083815973231
2024-09-07 07:40:00,21.38815845211396
2024-09-07 07:50:00,5.413393111094303
2024-09-07 08:20:00,3.2718248036150457
2024-09-07 08:30:00,10.653881882351023
2024-09-07 08:40:00,4.852847822348474
2024-09-07 08:50:00,0.7644275994475046
2024-09-07 09:30:00,9.656702288426642
2024-09-07 09:40:00,2.7497221543027752
2024-09-07 09:50:00,6.024809501028663
2024-09-07 10:20:00,7.387978213462244
2024-09-07 10:30:00,2.4879846222404662
2024-09-07 10:40:00,-9.05365236778596
2024-09-07 10:50:00,-2.063795918826899
2024-09-07 11:20:00,-2.783039566101676
2024-09-07 11:30:00,-3.625743818406781
2024-09-07 11:40:00,-3.7557244388957924
2024-09-07 11:50:00,1.8443247950403492
2024-09-07 12:30:00,1.638214505594439
2024-09-07 12:40:00,-7.48926014589444
2024-09-07 12:50:00,-0.39697234711534624
2024-09-07 13:20:00,-2.010937725996799
2024-09-07 13:30:00,4.18412034087003
2024-09-07 13:40:00,-0.42786971853232664
2024-09-07 13:50:00,-0.8258964831690763
2024-09-07 14:40:00,259.0478872957972
2024-09-07 14:50:00,53.00401668477436
2024-09-07 15:30:00,977.7209095601966
2024-09-07 15:40:00,46.70744338779931
2024-09-07 15:50:00,57.02542077103346
2024-09-07 16:20:00,345.4944722261014
2024-09-07 16:30:00,840.7355917560537
2024-09-07 16:40:00,37.7392325935927
2024-09-07 16:50:00,8.067519036882137
2024-09-07 17:10:00,41.35966571395213
2024-09-07 17:20:00,20.031398731275754
2024-09-07 17:30:00,19.87513123353705
2024-09-07 17:40:00,356.3940508465735
2024-09-07 17:50:00,65.7944543044538
2024-09-07 18:30:00,355.1848644688081
2024-09-07 18:40:00,274.70915996549985
2024-09-07 18:50:00,17.101224909181767
2024-09-07 19:30:00,37.49515522455688
2024-09-07 19:40:00,81.94704327675414
2024-09-07 19:50:00,28.15191301787137
2024-09-07 21:30:00,3.8304984680828413
2024-09-07 21:40:00,3.358882764265108
2024-09-07 21:50:00,1.0932200706211301
2024-09-07 22:20:00,0.43036357499593997
2024-09-07 22:30:00,0.47515194571501024
2024-09-07 22:40:00,0.1489014678320419
2024-09-07 22:50:00,0.09322301479604767
2024-09-07 23:10:00,0.4974952972141009
2024-09-07 23:20:00,0.3392460175442049
2024-09-07 23:30:00,-0.1965496712247335
2024-09-07 23:40:00,0.1318376112468426
2024-09-07 23:50:00,0.11071929591049307
2024-09-08 02:40:00,0.07673889754095131
2024-09-08 02:50:00,0.46048498058995074
2024-09-08 03:30:00,3.4923499583701347
2024-09-08 03:40:00,12.647909753460892
2024-09-08 03:50:00,2.361838816052343
2024-09-08 04:00:00,1.318426352865686
2024-09-08 06:30:00,4.12377772430489
2024-09-08 06:40:00,15.16505471870707
2024-09-08 06:50:00,8.117331217247873
2024-09-08 07:00:00,1.5287589346862762
2024-09-08 09:30:00,8.850461543672328
2024-09-08 09:40:00,43.17771140045351
2024-09-08 09:50:00,-1.4554465265670185
2024-09-08 10:20:00,1.9259521674893045
2024-09-08 10:30:00,-1.9709698578323225
2024-09-08 10:40:00,1.245928208307622
2024-09-08 10:50:00,-0.48692887007437946
2024-09-08 11:20:00,-0.18679760710206592
2024-09-08 11:30:00,-0.16340082310639323
2024-09-08 11:40:00,-2.4005233932333616
2024-09-08 11:50:00,-64.80906290404862
2024-09-08 12:30:00,-45.8995408593583
2024-09-08 12:40:00,-0.4302642242141235
2024-09-08 12:50:00,-0.36640801127927536
2024-09-08 13:20:00,-22.807368809788695
2024-09-08 13:30:00,0.023938357376834515
2024-09-08 13:40:00,0.11354645678962634
2024-09-08 13:50:00,32.21597416361825
2024-09-08 14:10:00,1.9376853585990026
2024-09-08 14:20:00,-1.423128700219177
2024-09-08 14:30:00,-0.5809775357914053
2024-09-08 14:40:00,22.385151224561824
2024-09-08 14:50:00,-12.758588391353687
2024-09-08 15:30:00,5.318487067214879
2024-09-08 15:40:00,1.9873809531134925
2024-09-08 15:50:00,2.0518419134243877
2024-09-08 16:20:00,-3.972230604410504
2024-09-08 16:30:00,-0.4234327824604307
2024-09-08 16:40:00,35.393629059206056
2024-09-08 16:50:00,-10.643513037988795
2024-09-08 17:20:00,13.298931965923902
2024-09-08 17:30:00,10.461970138082942
2024-09-08 17:40:00,42.133121134237406
2024-09-08 17:50:00,12.993591671409881
2024-09-08 18:30:00,8.57275035948636
2024-09-08 18:40:00,3.0753282281456227
2024-09-08 18:50:00,1.4783368213164272
2024-09-08 19:40:00,-7.133249129991385
2024-09-08 19:50:00,-122.83806862336463
2024-09-08 20:20:00,2.6003744888079896
2024-09-08 20:30:00,-0.15420780006236692
2024-09-08 20:40:00,-1.7905625685903168
2024-09-08 20:50:00,-2.5591987117975075
2024-09-08 21:30:00,-2.195325949990638
2024-09-08 21:40:00,-3.898180570168027
2024-09-08 21:50:00,1.6776904848939314
2024-09-08 22:00:00,-4.570957115008867
2024-09-09 00:30:00,-4.325213543969443
2024-09-09 00:40:00,-35.02024349331378
2024-09-09 00:50:00,-4.521375578968563
2024-09-09 01:00:00,-3.996761689802404
2024-09-09 01:20:00,-5.334115609924213
2024-09-09 01:30:00,-12.226878027844354
2024-09-09 01:40:00,-0.23432944698190544
2024-09-09 01:50:00,-203.8449884960282
2024-09-09 03:30:00,-1.3004238336624514
2024-09-09 03:40:00,-2.819829163240349
2024-09-09 03:50:00,-3.1142887052809236
2024-09-09 04:20:00,-1.140921595629663
2024-09-09 04:30:00,-10.489947913991879
2024-09-09 04:40:00,-0.10833721471510653
2024-09-09 04:50:00,-6.217470268389245
2024-09-09 06:30:00,-195.2589967509327
2024-09-09 06:40:00,-8.348050076988464
2024-09-09 06:50:00,-2.4244832702422063
2024-09-09 07:00:00,-3.5591242588416727
2024-09-09 09:30:00,3.3452284661446128
2024-09-09 09:40:00,-1.933399407489901
2024-09-09 09:50:00,-3.83151333766754
2024-09-09 10:20:00,-6.500444243583157
2024-09-09 10:30:00,-40.153561266364505
2024-09-09 10:40:00,-0.753219951993629
2024-09-09 10:50:00,-0.6065270357750525
2024-09-09 11:20:00,0.3609238718011513
2024-09-09 11:30:00,1.9825557506680462
2024-09-09 11:40:00,0.17167800669897712
2024-09-09 11:50:00,-2.9882814174056773
2024-09-09 12:30:00,6.984305951181885
2024-09-09 12:40:00,66.41525838518018
2024-09-09 12:50:00,122.8812781833376
2024-09-09 13:20:00,14.593190130038632
2024-09-09 13:30:00,141.4372863508963
2024-09-09 13:40:00,24.386994147507703
2024-09-09 13:50:00,1.1309934593545317
2024-09-09 15:30:00,19.27628050341819
2024-09-09 15:40:00,1.3047047923470105
2024-09-09 15:50:00,5.314898757344386
2024-09-09 16:20:00,-0.3380349733765984
2024-09-09 16:30:00,370.0328293707903
2024-09-09 16:40:00,11.191884775936959
2024-09-09 16:50:00,13.856084265019632
2024-09-09 17:10:00,2.7030615145756203
2024-09-09 17:20:00,5.7156044803470465
2024-09-09 17:30:00,1.8193660114405579
2024-09-09 17:40:00,-2.55279321882784
2024-09-09 17:50:00,1.5368650283567453
2024-09-09 18:30:00,50.44171124140124
2024-09-09 18:40:00,12.084939571305615
2024-09-09 18:50:00,10.132572411307015
2024-09-09 19:20:00,24.581989525881625
2024-09-09 19:30:00,7.290372087644556
2024-09-09 19:40:00,2.1319758118510506
2024-09-09 19:50:00,-0.2616596244521763
2024-09-09 20:20:00,4.1605271017007475
2024-09-09 20:30:00,0.4237512180772478
2024-09-09 20:40:00,-1.0493639879342318
2024-09-09 20:50:00,1.3338048574590893
2024-09-09 21:30:00,11.793842473182465
2024-09-09 21:40:00,-0.7053207401027782
2024-09-09 21:50:00,-5.906497198989626
2024-09-09 22:20:00,-1.4045338513791974
2024-09-09 22:30:00,0.8949035222246778
2024-09-09 22:40:00,24.331495807080955
2024-09-09 22:50:00,3.5867321947522837
2024-09-09 23:20:00,3.201392269130187
2024-09-09 23:30:00,1.3521234996176954
2024-09-09 23:40:00,3.8717585816779176
2024-09-09 23:50:00,3.079842454703668
2024-09-10 03:30:00,1.084858315473489
2024-09-10 03:40:00,1.4110504029871695
2024-09-10 03:50:00,2.142190328443416
2024-09-10 04:00:00,1.1559388118525191
2024-09-10 04:20:00,0.7159175134868796
2024-09-10 04:30:00,1.5916069761291354
2024-09-10 04:40:00,1.9142541478615067
2024-09-10 04:50:00,0.7988219197164528
2024-09-10 06:30:00,4.831504257019515
2024-09-10 06:50:00,3.5997764919725883
2024-09-10 11:20:00,0.7645124366636001
2024-09-10 11:30:00,1.4277968279664108
2024-09-10 11:40:00,1.3142393568697335
2024-09-10 11:50:00,0.8246548826326349
2024-09-10 12:30:00,1.4375678236586362
2024-09-10 12:40:00,0.702270281285524
2024-09-10 12:50:00,0.6186377465174742
2024-09-10 13:20:00,78.8209112463755
2024-09-10 13:30:00,0.4523527273799656
2024-09-10 13:40:00,0.9306383086738427
2024-09-10 13:50:00,0.9633507012834563
2024-09-10 14:10:00,0.9160545180775509
2024-09-10 14:20:00,1.379069374718929
2024-09-10 14:30:00,1.6907452782595302
2024-09-10 14:40:00,2.3929253084713995
2024-09-10 14:50:00,6.582244197447246
2024-09-10 15:30:00,8.029622737790078
2024-09-10 15:40:00,3.61742912195075
2024-09-10 15:50:00,3.622529870464735
2024-09-10 16:30:00,174.2820594007885
2024-09-10 16:40:00,5.794899178423998
2024-09-10 16:50:00,12.655813962479165
2024-09-10 18:30:00,188.51413790938716
2024-09-10 18:40:00,94.3227888693387
2024-09-10 18:50:00,53.202563163284246
2024-09-10 19:20:00,8.46922509948056
2024-09-10 19:30:00,15.065577624134628
2024-09-10 19:40:00,3.6331811208302245
2024-09-10 19:50:00,10.81555869981703
2024-09-10 20:10:00,2.8791948030678127
2024-09-10 20:20:00,2.2221939956658883
2024-09-10 20:30:00,3.792807211013764
2024-09-10 20:40:00,4.89658946594819
2024-09-10 21:30:00,3.5771650893638975
2024-09-10 21:40:00,0.4388350644873018
2024-09-10 21:50:00,0.279786773440342
2024-09-10 22:00:00,0.37346234302059544
2024-09-10 22:20:00,1.2144468678884375
2024-09-10 22:30:00,3.4358573256895912
2024-09-10 22:40:00,0.8174767546541589
2024-09-10 22:50:00,0.46967456089175397
2024-09-10 23:10:00,0.375155717103913
2024-09-10 23:20:00,0.2871227912880867
2024-09-10 23:30:00,0.25735482842519286
2024-09-10 23:40:00,0.14709666425066997
2024-09-10 23:50:00,0.44756111028525664
2024-09-11 07:20:00,0.11811758682332446
2024-09-11 07:30:00,0.12334780254522285
2024-09-11 07:40:00,0.17950338253565504
2024-09-11 07:50:00,0.19968935383654735
2024-09-11 08:10:00,0.1295546835352594
2024-09-11 08:20:00,0.13366785423084931
2024-09-11 08:30:00,0.3357360562221972
2024-09-11 08:40:00,0.18112846109192138
2024-09-11 08:50:00,0.1373477792542202
2024-09-11 13:20:00,2.829876546059006
2024-09-11 13:30:00,1.2401022980833218
2024-09-11 13:40:00,155.53947925429867
2024-09-11 13:50:00,234.87060562285367
2024-09-11 15:30:00,0.5598641141889908
2024-09-11 15:40:00,0.8208855711382632
2024-09-11 15:50:00,1.5229402792166502
2024-09-11 16:00:00,3.5945123168725313
2024-09-11 16:20:00,1.671495629180153
2024-09-11 16:30:00,0.6726784262623233
2024-09-11 16:40:00,3.222262643166675
2024-09-11 16:50:00,1.0469636343773245
2024-09-11 17:10:00,18.504839864384653
2024-09-11 17:20:00,11.97305662563159
2024-09-11 17:30:00,38.944640659599045
2024-09-11 17:40:00,3.4954483186783736
2024-09-11 18:30:00,4.376140997494278
2024-09-11 18:40:00,3.12530258320705
2024-09-11 18:50:00,0.6359824681475631
2024-09-11 19:00:00,0.6273439486094515
2024-09-11 21:30:00,9.23371805225353
2024-09-11 21:40:00,6.0820733954771695
2024-09-11 21:50:00,2.182347038608308
2024-09-11 22:20:00,1.2721109657233471
2024-09-11 22:30:00,1.3608107859164116
2024-09-11 22:40:00,4.783940320463875
2024-09-11 22:50:00,4.545630436839941
2024-09-11 23:10:00,2.3391540554048995
2024-09-11 23:20:00,3.5916813828040195
2024-09-11 23:30:00,1.7059555741349808
2024-09-11 23:40:00,2.367454930350995
2024-09-12 00:30:00,1.113824778208249
2024-09-12 13:30:00,1.2989402338994325
2024-09-12 13:40:00,3.5873335401930344
2024-09-12 14:20:00,1.8346399020708692
2024-09-12 14:30:00,3.3022318048257002
2024-09-12 14:40:00,8.886325884533745
2024-09-12 15:30:00,6.404919888278181
2024-09-12 15:40:00,0.9622461357601674
2024-09-12 18:30:00,1.1296568485377543
2024-09-12 18:40:00,1.7574095050257106
2024-09-12 18:50:00,0.9451708384511014
2024-09-12 19:20:00,0.13516349587648827
2024-09-12 19:30:00,0.6887106066623329
2024-09-12 19:40:00,0.7588543871909911
2024-09-12 19:50:00,4.275498295804454
2024-09-12 20:10:00,0.19271515886415802
2024-09-12 20:20:00,4.1522478704524
2024-09-12 20:30:00,0.9508625257680525
2024-09-12 20:40:00,1.9718372159903323
2024-09-12 21:30:00,0.5567405535422906
2024-09-12 21:50:00,1.095743465174128
2024-09-12 22:20:00,0.572233855455898
2024-09-12 22:30:00,0.34889627766899417
2024-09-12 22:40:00,0.38211729783954684
2024-09-12 23:10:00,0.9646862241948032
2024-09-12 23:20:00,11.96135434690898
2024-09-12 23:30:00,1.6989237335770762
2024-09-12 23:40:00,3.445771263976161
2024-09-13 17:20:00,8.691292189083848
2024-09-13 17:30:00,681.9254884400385
2024-09-13 17:40:00,21.09339076469159
2024-09-13 18:30:00,6.156182357124131
2024-09-13 18:40:00,8.777826458542568
2024-09-13 18:50:00,3.612867738111795
2024-09-13 21:30:00,87.80834487984438
2024-09-13 21:40:00,21608.89565236768
2024-09-13 21:50:00,72.12419584717553
2024-09-13 22:20:00,5.624947184342932
2024-09-13 22:30:00,8.020414382359085
2024-09-13 22:40:00,2.2640295641875916
2024-09-13 22:50:00,4.335323391929455
2024-09-14 00:30:00,1.5402982632082642
2024-09-14 00:40:00,0.7767422003191918
2024-09-14 01:20:00,0.9077478574522256
2024-09-14 01:30:00,1.154189784790009
2024-09-14 01:40:00,1.1746195632827303
2024-09-14 01:50:00,1.8095369872691438
2024-09-14 02:10:00,1.5860058414665894
2024-09-14 02:20:00,1.0259194764398933
2024-09-14 02:30:00,0.7389186681669606
2024-09-14 02:40:00,0.7299071718648584
2024-09-14 03:30:00,0.8425718319714952
2024-09-14 03:40:00,0.8606298073981095
2024-09-14 03:50:00,0.5214773973766273
2024-09-14 04:00:00,0.46940385679433505
2024-09-14 14:30:00,2.1375373847360417
2024-09-14 14:40:00,23.10467897880187
2024-09-14 15:30:00,4.35431661800336
2024-09-14 15:40:00,1.9112019011856807
2024-09-14 15:50:00,1.9612539018059707
2024-09-14 16:20:00,1.0256812514856168
2024-09-14 16:30:00,1.5986714141057148
2024-09-14 16:40:00,13.226592745624657
2024-09-14 17:10:00,5.18068397307805
2024-09-14 17:20:00,5.9659237030470464
2024-09-14 17:30:00,3.2802370291767367
2024-09-14 17:40:00,4.617483180736238
2024-09-14 18:30:00,3.0552340958937467
2024-09-14 18:40:00,2.3290580068275384
2024-09-14 18:50:00,1.816740626534127
2024-09-14 19:20:00,0.2507208804009241
2024-09-14 19:30:00,0.32690022919866635
2024-09-14 19:40:00,0.5305596207836336
2024-09-14 20:10:00,0.7636705820088323
2024-09-14 20:20:00,0.5363109254497204
2024-09-14 20:30:00,1.1887907294363735
2024-09-14 20:40:00,1.6527168562815995
2024-09-14 21:30:00,0.5494837315876009
2024-09-14 21:40:00,0.313277474446248
2024-09-14 21:50:00,0.19049160977287416
2024-09-14 22:30:00,0.2905156381437289
2024-09-14 22:40:00,0.377258043410781
2024-09-14 22:50:00,0.7141350621335227
2024-09-14 23:10:00,0.3550979977086668
2024-09-14 23:20:00,0.3814224496913914
2024-09-14 23:30:00,0.26527900490383954
2024-09-14 23:40:00,0.5227752527756304
2024-09-15 00:30:00,0.3758836906151023
2024-09-15 00:40:00,0.37980093637450185
2024-09-15 00:50:00,0.36791885198058644
2024-09-15 01:30:00,0.4668867712004115
2024-09-15 01:40:00,1.4553974483094678
2024-09-15 02:10:00,1.664432496122804
2024-09-15 02:20:00,0.7730333267890983
2024-09-15 02:30:00,0.48798387259812737
2024-09-15 02:40:00,1.6034176205587993
2024-09-15 03:30:00,-0.4511873235211407
2024-09-15 03:40:00,-0.016813376302787862
2024-09-15 03:50:00,2.4553151012055596
2024-09-15 06:30:00,2.4215259266596743
2024-09-15 06:40:00,3.0075661278018484
2024-09-15 06:50:00,1.3363284329195493
2024-09-15 09:40:00,1.6139936878742336
2024-09-15 09:50:00,6.067212807810292
2024-09-15 10:00:00,1.4320819096620248
2024-09-15 10:20:00,10.059089499857981
2024-09-15 10:30:00,5.848120683630146
2024-09-15 10:40:00,3.5940606943490456
2024-09-15 10:50:00,7.93548073985562
2024-09-15 11:10:00,2.2014324991237975
2024-09-15 11:20:00,3.381315665270152
2024-09-15 11:30:00,7.283899191059213
2024-09-15 11:40:00,23.309363552405262
2024-09-15 12:30:00,6.672893309780969
2024-09-15 12:40:00,9.829893825151066
2024-09-15 12:50:00,112.66446262250278
2024-09-15 15:30:00,3.9303031440584664
2024-09-15 15:40:00,6.982744507035305
2024-09-15 15:50:00,30.44620248682108
2024-09-15 18:30:00,7.2547023058883795
2024-09-15 18:40:00,16.139809716396627
2024-09-15 18:50:00,5.007412498774115
2024-09-15 21:30:00,79.6146395893427
2024-09-15 21:40:00,15.69051508048704
2024-09-15 21:50:00,40.42768029459181
2024-09-15 22:20:00,6.988259681154664
2024-09-15 22:30:00,86.76880602018238
2024-09-15 22:40:00,28.15660220536607
2024-09-15 23:10:00,34.11346082190655
2024-09-15 23:20:00,11.859236955308965
2024-09-15 23:30:00,30.374106051185862
2024-09-15 23:40:00,281.74085867470006
2024-09-16 00:30:00,6.453086702182985
2024-09-16 00:40:00,79.49446609254123
2024-09-16 00:50:00,6.982803524847532
2024-09-16 01:00:00,-6.071899333695105
2024-09-16 01:20:00,8.515815844929786
2024-09-16 01:30:00,118.99503820345963
2024-09-16 01:40:00,22.623638504235725
2024-09-16 01:50:00,262.3226150148119
2024-09-16 02:10:00,57.7573653930785
2024-09-16 02:20:00,80.5670609647976
2024-09-16 02:30:00,5.103994379052199
2024-09-16 02:40:00,52.802335457186324
2024-09-16 03:30:00,1754.09610039677
2024-09-16 03:40:00,7.488245155718072
2024-09-16 03:50:00,61.39156120017693
2024-09-16 06:30:00,1.292212608738971
2024-09-16 06:40:00,6.957133830597749
2024-09-16 06:50:00,1.7782117560298707
2024-09-16 07:30:00,-231.00463991002445
2024-09-16 07:40:00,1.2684981799533828
2024-09-16 08:20:00,59.42425623275469
2024-09-16 08:30:00,18.638573137671834
2024-09-16 08:40:00,15.717034968325088
2024-09-16 09:30:00,51.28657609170565
2024-09-16 09:40:00,97.32598202008435
2024-09-16 09:50:00,14.85121257083291
2024-09-16 10:20:00,180.57165503555873
2024-09-16 10:30:00,9.907936714601163
2024-09-16 10:40:00,35.14379511050272
2024-09-16 11:10:00,-0.8199640043764284
2024-09-16 11:20:00,2.3518850619251244
2024-09-16 11:30:00,-0.667393812665438
2024-09-16 11:40:00,-11.75414790313205
2024-09-16 12:30:00,10.461492004239176
2024-09-16 12:40:00,13.993504209922731
2024-09-16 12:50:00,3.174272182539049
2024-09-16 13:20:00,3.24405244764512
2024-09-16 13:30:00,2.1548140537439386
2024-09-16 13:40:00,0.8800227714005501
2024-09-16 13:50:00,25.590884212059848
2024-09-16 15:30:00,14.811717752160163
2024-09-16 15:40:00,1.9013355365502425
2024-09-16 15:50:00,2.2466125355323934
2024-09-16 16:20:00,19.843702239886383
2024-09-16 16:30:00,139.71868598270646
2024-09-16 16:40:00,7.737843985995725
2024-09-16 17:20:00,3.6338770996998724
2024-09-16 17:30:00,2.189194316446199
2024-09-16 17:40:00,-1.7911388828434571
2024-09-16 18:30:00,113.99300540498407
2024-09-16 18:40:00,3.1021160846946696
2024-09-16 18:50:00,17.8625436775347
2024-09-16 21:30:00,3.9631102986690774
2024-09-16 21:40:00,3.1129315063781684
2024-09-16 21:50:00,12.940612801249847
2024-09-17 00:30:00,14.572808071390755
2024-09-17 00:40:00,4.29485972224123
2024-09-17 00:50:00,13.76596409449557
2024-09-17 01:30:00,22.367901623497353
2024-09-17 01:40:00,58.63340678429779
2024-09-17 01:50:00,53.10515727746058
2024-09-17 03:30:00,6.0907446860161265
2024-09-17 03:40:00,27.040843720827173
2024-09-17 03:50:00,15.449472894416102
2024-09-17 06:30:00,52.630788807561125
2024-09-17 06:40:00,-3.2377829619329157
2024-09-17 06:50:00,-4.91182810564587
2024-09-17 09:30:00,1.1866284172592267
2024-09-17 09:40:00,1.1917216679585474
2024-09-17 09:50:00,12.086384638354637
2024-09-17 12:30:00,1.5924481701780149
2024-09-17 12:40:00,9.2973231971167
2024-09-17 12:50:00,1.4286459367085653
2024-09-17 13:20:00,42.52284419919482
2024-09-17 13:30:00,4.815879979544621
2024-09-17 13:40:00,4.91425411378871
2024-09-17 14:20:00,19.18330717941619
2024-09-17 14:30:00,9.631377692204643
2024-09-17 14:40:00,90.238714638159
2024-09-17 15:30:00,10.938837953713342
2024-09-17 15:40:00,8.275466185507792
2024-09-17 15:50:00,19.392654264834892
2024-09-17 16:20:00,22.793757332719714
2024-09-17 16:30:00,20.831026446287456
2024-09-17 16:40:00,19.200111189779815
2024-09-17 17:10:00,45.81761272670279
2024-09-17 17:20:00,2.540246070565742
2024-09-17 17:30:00,3.360832220371621
2024-09-17 17:40:00,12.500032610926949
2024-09-17 18:30:00,8.200238025572613
2024-09-17 18:50:00,0.5029270165355224
2024-09-18 06:30:00,-0.012434791520743897
2024-09-19 15:30:00,0.05189211264372502
2024-09-19 15:40:00,-0.11364102083145014
