time,BulkRi_hub,L_6p64m,L_24m
2024-06-17 06:30:00,1.7235,,
2024-06-17 06:40:00,-0.96265,-86.818,-200.43
2024-06-17 06:50:00,0.81719,-86.818,-200.43
2024-06-17 07:00:00,0.090409,-94.565,-93.241
2024-06-17 07:10:00,0.17067,-94.565,-93.241
2024-06-17 07:20:00,0.1117,-81.866,-170.75
2024-06-17 07:30:00,-0.064778,-81.866,-170.75
2024-06-17 07:40:00,0.10073,-81.866,-170.75
2024-06-17 07:50:00,0.21697,-80.469,
2024-06-17 08:00:00,0.28335,-80.469,
2024-06-17 08:10:00,0.59511,-92.809,-203.83
2024-06-17 08:20:00,0.32538,-92.809,-203.83
2024-06-17 08:30:00,-0.024431,-81.957,-61.088
2024-06-17 08:40:00,0.33908,-81.957,-61.088
2024-06-17 08:50:00,0.56479,-67.377,-171.64
2024-06-17 09:00:00,0.30525,-288.97,-368.08
2024-06-17 09:10:00,0.08041,-288.97,-368.08
2024-06-17 09:20:00,0.043105,-1397.4,-1936.2
2024-06-17 09:30:00,0.16618,-1397.4,-1936.2
2024-06-17 09:40:00,0.16487,-139.74,-131.28
2024-06-17 09:50:00,0.082892,-139.74,-131.28
2024-06-17 10:00:00,0.075053,-324.66,-1032.3
2024-06-17 10:10:00,0.41253,-324.66,-1032.3
2024-06-17 10:20:00,0.11749,-481.19,-1786.1
2024-06-17 10:30:00,0.28232,-481.19,-1786.1
2024-06-17 10:40:00,0.056924,-481.19,-1786.1
2024-06-17 10:50:00,0.1334,1156.8,-179.26
2024-06-17 11:00:00,0.089105,1156.8,-179.26
2024-06-17 11:10:00,0.16566,-444.27,612.28
2024-06-17 11:20:00,0.17618,-444.27,612.28
2024-06-17 11:30:00,0.12315,909.83,119.05
2024-06-17 11:40:00,0.18159,909.83,119.05
2024-06-17 11:50:00,0.18706,661.25,274.79
2024-06-17 12:00:00,0.16054,-206.97,-309.83
2024-06-17 12:10:00,0.19151,-206.97,-309.83
2024-06-17 12:20:00,0.29822,-308.14,-406.85
2024-06-17 12:30:00,0.39322,-308.14,-406.85
2024-06-17 12:40:00,0.31296,-260.01,-2124.6
2024-06-17 12:50:00,0.2597,-260.01,-2124.6
2024-06-17 13:00:00,0.24284,-207.85,-818.92
2024-06-17 13:10:00,0.79101,-207.85,-818.92
2024-06-17 13:20:00,0.39,,204.89
2024-06-17 13:30:00,0.24905,,204.89
2024-06-17 13:40:00,0.20549,,204.89
2024-06-17 13:50:00,0.13453,-971.96,1560.5
2024-06-17 14:00:00,0.23046,-971.96,1560.5
2024-06-17 14:10:00,0.1925,611.15,1008
2024-06-17 14:20:00,0.23927,611.15,1008
2024-06-17 14:30:00,0.24938,-760.27,774.72
2024-06-17 14:40:00,0.21598,-760.27,774.72
2024-06-17 14:50:00,0.23672,2002.9,199.56
2024-06-17 15:00:00,0.27905,282.15,99.931
2024-06-17 15:10:00,0.45032,282.15,99.931
2024-06-17 15:20:00,0.77299,-3716.4,285.27
2024-06-17 15:30:00,0.66863,-3716.4,285.27
2024-06-17 15:40:00,0.82544,-6243.2,345.28
2024-06-17 15:50:00,0.30677,-6243.2,345.28
2024-06-17 16:00:00,0.27632,-1646.4,420.12
2024-06-17 16:10:00,0.34446,-1646.4,420.12
2024-06-17 16:20:00,0.28433,-1044.3,674.82
2024-06-17 16:30:00,0.19233,-1044.3,674.82
2024-06-17 16:40:00,0.21691,-1044.3,674.82
2024-06-17 16:50:00,0.21256,-5262.9,411
2024-06-17 17:00:00,0.27716,-5262.9,411
2024-06-17 17:10:00,0.29365,1300.1,177.08
2024-06-17 17:20:00,0.14994,1300.1,177.08
2024-06-17 17:30:00,0.13103,657.89,195.74
2024-06-17 17:40:00,0.17805,657.89,195.74
2024-06-17 17:50:00,0.18462,372.48,216.61
2024-06-17 18:00:00,0.23027,295.09,218.7
2024-06-17 18:10:00,0.17107,295.09,218.7
2024-06-17 18:20:00,0.15938,157.41,137.36
2024-06-17 18:30:00,0.18031,157.41,137.36
2024-06-17 18:40:00,0.28997,158.32,95.642
2024-06-17 18:50:00,0.19061,158.32,95.642
2024-06-17 19:00:00,0.2257,159.2,134.03
2024-06-17 19:10:00,0.38954,159.2,134.03
2024-06-17 19:20:00,0.33359,174.21,78.796
2024-06-17 19:30:00,0.4556,174.21,78.796
2024-06-17 19:40:00,1.7536,174.21,78.796
2024-06-17 19:50:00,11.556,,
2024-06-17 20:00:00,7.7555,,
2024-06-17 20:10:00,3.6016,132.48,100.22
2024-06-17 20:20:00,2.3895,132.48,100.22
2024-06-17 20:30:00,6.0129,126.34,71.797
2024-06-17 20:40:00,3.2151,126.34,71.797
2024-06-17 20:50:00,11.061,89.879,64.411
2024-06-17 21:00:00,4.4423,105.41,70.216
2024-06-17 21:20:00,4.993,102.07,64.025
2024-06-17 21:30:00,3.7055,102.07,64.025
2024-06-17 21:40:00,1.4813,82.767,58.253
2024-06-17 21:50:00,1.7503,82.767,58.253
2024-06-17 22:00:00,1.377,81.487,41.316
2024-06-17 22:10:00,1.314,81.487,41.316
2024-06-17 22:20:00,0.84519,78.042,34.969
2024-06-17 22:30:00,1.0566,78.042,34.969
2024-06-17 22:40:00,1.3374,78.042,34.969
2024-06-17 22:50:00,1.3486,69.211,46.634
2024-06-17 23:00:00,1.1612,69.211,46.634
2024-06-17 23:10:00,0.36507,47.946,34.012
2024-06-17 23:20:00,0.2282,47.946,34.012
2024-06-17 23:30:00,0.16887,65.715,26.793
2024-06-17 23:40:00,0.23574,65.715,26.793
2024-06-17 23:50:00,0.18754,70.259,34.328
2024-06-18 00:00:00,0.17058,63.719,32.433
2024-06-18 00:10:00,0.12828,63.719,32.433
2024-06-18 00:20:00,0.12518,86.723,35.08
2024-06-18 00:30:00,0.13004,86.723,35.08
2024-06-18 00:40:00,0.15068,81.793,51.17
2024-06-18 00:50:00,0.22549,81.793,51.17
2024-06-18 01:00:00,0.27897,74.85,42.008
2024-06-18 01:10:00,0.5722,74.85,42.008
2024-06-18 01:20:00,0.1995,58.916,30.678
2024-06-18 01:30:00,0.16167,58.916,30.678
2024-06-18 01:40:00,0.17813,58.916,30.678
2024-06-18 01:50:00,0.17921,55.273,21.5
2024-06-18 02:00:00,0.16733,55.273,21.5
2024-06-18 02:10:00,0.1552,44.417,17.014
2024-06-18 02:20:00,0.16858,44.417,17.014
2024-06-18 02:30:00,0.15191,44.4,14.942
2024-06-18 02:40:00,0.12603,44.4,14.942
2024-06-18 02:50:00,0.12077,49.603,21.815
2024-06-18 03:00:00,0.14308,58.436,26.181
2024-06-18 03:10:00,0.19521,58.436,26.181
2024-06-18 03:20:00,0.16392,59.605,35.817
2024-06-18 03:30:00,0.16814,59.605,35.817
2024-06-18 03:40:00,0.18193,55.615,34.768
2024-06-18 03:50:00,0.16189,55.615,34.768
2024-06-18 04:00:00,0.15042,60.253,30.789
2024-06-18 04:10:00,0.189,60.253,30.789
2024-06-18 04:20:00,0.1433,56.876,37.106
2024-06-18 04:30:00,0.13074,56.876,37.106
2024-06-18 04:40:00,0.14537,56.876,37.106
2024-06-18 04:50:00,0.15042,64.22,30.515
2024-06-18 05:00:00,0.15239,64.22,30.515
2024-06-18 05:10:00,0.193,64.961,42.388
2024-06-18 05:20:00,0.25158,64.961,42.388
2024-06-18 05:30:00,0.2741,66.493,43.413
2024-06-18 05:40:00,0.21684,66.493,43.413
2024-06-18 05:50:00,0.18308,51.882,40.49
2024-06-18 06:00:00,0.24505,62.022,37.785
2024-06-18 06:10:00,0.17281,62.022,37.785
2024-06-18 06:20:00,0.17419,57.383,34.691
2024-06-18 06:30:00,0.13832,57.383,34.691
2024-06-18 06:40:00,0.12258,56.146,33.924
2024-06-18 06:50:00,0.12556,56.146,33.924
2024-06-18 07:00:00,0.13168,51.241,30.73
2024-06-18 07:10:00,0.10092,51.241,30.73
2024-06-18 07:20:00,0.16521,53.504,34.857
2024-06-18 07:30:00,0.2033,53.504,34.857
2024-06-18 07:40:00,0.16127,53.504,34.857
2024-06-18 07:50:00,0.23326,54.071,29.332
2024-06-18 08:00:00,0.25111,54.071,29.332
2024-06-18 08:10:00,0.2378,55.004,36.314
2024-06-18 08:20:00,0.2982,55.004,36.314
2024-06-18 08:30:00,0.23948,56.223,29.203
2024-06-18 08:40:00,0.46344,56.223,29.203
2024-06-18 08:50:00,0.2078,58.083,30.407
2024-06-18 09:00:00,0.23423,56.076,40.161
2024-06-18 09:10:00,0.17721,56.076,40.161
2024-06-18 09:20:00,0.14713,51.918,32.699
2024-06-18 09:30:00,0.13728,51.918,32.699
2024-06-18 09:40:00,0.175,50.5,32.603
2024-06-18 09:50:00,0.16014,50.5,32.603
2024-06-18 10:00:00,0.13018,60.098,34.387
2024-06-18 10:10:00,0.12145,60.098,34.387
2024-06-18 10:20:00,0.11302,56.746,30.235
2024-06-18 10:30:00,0.12455,56.746,30.235
2024-06-18 10:40:00,0.13363,56.746,30.235
2024-06-18 10:50:00,0.13418,60.648,31.735
2024-06-18 11:00:00,0.15456,60.648,31.735
2024-06-18 11:10:00,0.16148,,
2024-06-18 11:20:00,0.24101,,
2024-06-18 11:30:00,0.19907,75.536,23.876
2024-06-18 11:40:00,0.24011,75.536,23.876
2024-06-18 11:50:00,0.24982,,
2024-06-18 12:00:00,0.21464,93.334,43.469
2024-06-18 12:10:00,0.20309,93.334,43.469
2024-06-18 12:20:00,0.17601,76.658,60.994
2024-06-18 12:30:00,0.20775,76.658,60.994
2024-06-18 12:40:00,0.26293,86.769,46.363
2024-06-18 12:50:00,0.20174,86.769,46.363
2024-06-18 13:00:00,0.28149,83.312,61.246
2024-06-18 13:10:00,0.36668,83.312,61.246
2024-06-18 13:20:00,0.25004,91.35,38.332
2024-06-18 13:30:00,0.18513,91.35,38.332
2024-06-18 13:40:00,0.30846,91.35,38.332
2024-06-18 13:50:00,0.43606,111.27,46.818
2024-06-18 14:00:00,0.33076,111.27,46.818
2024-06-18 14:10:00,0.3982,105.24,46.12
2024-06-18 14:20:00,0.74842,105.24,46.12
2024-06-18 14:30:00,0.69769,103.24,46.53
2024-06-18 14:40:00,0.91341,103.24,46.53
2024-06-18 14:50:00,1.5275,102.37,61.005
2024-06-18 15:00:00,1.8792,107.55,51.036
2024-06-18 15:10:00,2.0576,107.55,51.036
2024-06-18 15:20:00,1.3054,115.8,62.042
2024-06-18 15:30:00,1.7247,115.8,62.042
2024-06-18 15:40:00,3.4081,124.95,78.617
2024-06-18 15:50:00,3.3759,124.95,78.617
2024-06-18 16:00:00,2.3633,133.35,70.143
2024-06-18 16:10:00,2.198,133.35,70.143
2024-06-18 16:20:00,2.6005,113.2,68.731
2024-06-18 16:30:00,2.0328,113.2,68.731
2024-06-18 16:40:00,8.7153,113.2,68.731
2024-06-18 16:50:00,1.054,101.5,60.669
2024-06-18 17:00:00,0.24293,101.5,60.669
2024-06-18 17:10:00,0.14961,91.058,57.339
2024-06-18 17:20:00,0.35225,91.058,57.339
2024-06-18 17:30:00,6.9741,85.345,52.144
2024-06-18 17:40:00,2.5376,85.345,52.144
2024-06-18 17:50:00,14.543,85.952,43.003
2024-06-18 18:00:00,0.9202,98.889,53.964
2024-06-18 18:10:00,0.62012,98.889,53.964
2024-06-18 18:20:00,0.51336,75.611,46.912
2024-06-18 18:30:00,29.567,75.611,46.912
2024-06-18 18:40:00,12.36,71.965,64.403
2024-06-18 18:50:00,9.0093,71.965,64.403
2024-06-18 19:00:00,1.3911,61.965,47.4
2024-06-18 19:10:00,66.532,61.965,47.4
2024-06-18 19:20:00,12.64,70.733,39.158
2024-06-18 19:30:00,20.934,70.733,39.158
2024-06-18 19:40:00,2.1152,70.733,39.158
2024-06-18 19:50:00,1.3421,76.506,25.854
2024-06-18 20:00:00,1.2119,76.506,25.854
2024-06-18 20:10:00,1.1245,56.952,28.707
2024-06-18 20:20:00,0.6182,56.952,28.707
2024-06-18 20:30:00,1.8491,61.721,28.263
2024-06-18 20:40:00,0.77065,61.721,28.263
2024-06-18 20:50:00,1.4668,45.706,51.152
2024-06-18 21:00:00,89.503,55.268,26.552
2024-06-18 21:10:00,4.3543,55.268,26.552
2024-06-18 21:20:00,6.4397,49.452,21.934
2024-06-18 21:30:00,1.2321,49.452,21.934
2024-06-18 21:40:00,0.7192,54.986,20.323
2024-06-18 21:50:00,1.198,54.986,20.323
2024-06-18 22:00:00,1.3769,56.249,31.876
2024-06-18 22:10:00,1.7904,56.249,31.876
2024-06-18 22:20:00,1.2146,60.618,28.311
2024-06-18 22:30:00,1.2359,60.618,28.311
2024-06-18 22:40:00,1.499,60.618,28.311
2024-06-18 22:50:00,1.1117,62.671,41.067
2024-06-18 23:00:00,2.86,62.671,41.067
2024-06-18 23:10:00,4.5382,64.456,44.47
2024-06-18 23:20:00,5.3285,64.456,44.47
2024-06-18 23:30:00,8.136,59.912,24.694
2024-06-18 23:40:00,10.155,59.912,24.694
2024-06-18 23:50:00,4.4149,64.085,32.197
2024-06-19 00:00:00,4.223,49.187,35.931
2024-06-19 00:10:00,7.6155,49.187,35.931
2024-06-19 00:20:00,126.94,51.177,32.423
2024-06-19 00:30:00,24.619,51.177,32.423
2024-06-19 00:40:00,28.818,60.045,38.512
2024-06-19 00:50:00,3.4693,60.045,38.512
2024-06-19 01:00:00,10.231,50.449,28.873
2024-06-19 01:10:00,3.6855,50.449,28.873
2024-06-19 01:20:00,55.001,41.165,24.309
2024-06-19 01:30:00,34.702,41.165,24.309
2024-06-19 01:40:00,1.965,41.165,24.309
2024-06-19 01:50:00,6.3309,35.187,24.664
2024-06-19 02:00:00,17.965,35.187,24.664
2024-06-19 02:10:00,33.514,36.405,20.358
2024-06-19 02:20:00,28.727,36.405,20.358
2024-06-19 02:30:00,30.342,42.433,25.399
2024-06-19 02:40:00,190.33,42.433,25.399
2024-06-19 02:50:00,34.656,55.444,25.809
2024-06-19 03:00:00,22.633,46.97,33.537
2024-06-19 03:10:00,5.3248,46.97,33.537
2024-06-19 03:20:00,1.8895,40.028,26.581
2024-06-19 03:30:00,3.3351,40.028,26.581
2024-06-19 03:40:00,5.2416,43.187,19.024
2024-06-19 03:50:00,3.5868,43.187,19.024
2024-06-19 04:00:00,5.5054,39.698,22.897
2024-06-19 04:10:00,4.8605,39.698,22.897
2024-06-19 04:20:00,6.9113,28.178,8.4959
2024-06-19 04:30:00,3.8137,28.178,8.4959
2024-06-19 04:40:00,5.3361,28.178,8.4959
2024-06-19 04:50:00,5.7585,22.241,17.801
2024-06-19 05:00:00,1.2578,22.241,17.801
2024-06-19 05:10:00,0.95545,28.721,10.232
2024-06-19 05:20:00,0.48023,28.721,10.232
2024-06-19 05:30:00,3.7906,26.177,10.39
2024-06-19 05:40:00,1.2021,26.177,10.39
2024-06-19 10:30:00,25.978,36.967,12.465
2024-06-19 10:40:00,45.302,36.967,12.465
2024-06-19 10:50:00,13.636,37.785,10.284
2024-06-19 11:00:00,32.274,37.785,10.284
2024-06-19 11:10:00,7.9538,44.658,19.887
2024-06-19 11:20:00,9.0787,44.658,19.887
2024-06-19 11:30:00,4.7937,43.802,27.398
2024-06-19 11:40:00,1.6295,43.802,27.398
2024-06-19 11:50:00,2.4349,47.056,34.17
2024-06-19 12:00:00,1.5797,43.225,27.446
2024-06-19 12:10:00,1.295,43.225,27.446
2024-06-19 12:20:00,1.467,45.573,17.885
2024-06-19 12:30:00,2.181,45.573,17.885
2024-06-19 12:40:00,2.0622,37.765,14.646
2024-06-19 12:50:00,1.1027,37.765,14.646
2024-06-19 13:00:00,0.93805,43.565,16.005
2024-06-19 13:10:00,1.0573,43.565,16.005
2024-06-19 13:20:00,0.83809,49.691,15.092
2024-06-19 13:30:00,1.0329,49.691,15.092
2024-06-19 13:40:00,1.338,49.691,15.092
2024-06-19 13:50:00,1.1408,52.789,17.005
2024-06-19 14:00:00,1.0004,52.789,17.005
2024-06-19 14:10:00,1.6226,38.874,12.999
2024-06-19 14:20:00,4.2384,38.874,12.999
2024-06-19 14:30:00,2.0129,47.751,19.373
2024-06-19 14:40:00,3.5119,47.751,19.373
2024-06-19 14:50:00,2.5302,42.453,8.5733
2024-06-19 15:00:00,10.255,48.224,14.829
2024-06-19 15:10:00,15.747,48.224,14.829
2024-06-19 15:20:00,9.6202,51.901,21.394
2024-06-19 15:30:00,9.8127,51.901,21.394
2024-06-19 15:40:00,7.0986,54.672,21.915
2024-06-19 15:50:00,6.8926,54.672,21.915
2024-06-19 16:00:00,4.711,48.664,32.172
2024-06-19 16:10:00,9.3459,48.664,32.172
2024-06-19 16:20:00,8.9439,71.362,41.684
2024-06-19 16:30:00,6.2269,71.362,41.684
2024-06-19 16:40:00,8.5934,71.362,41.684
2024-06-19 16:50:00,6.1704,61.726,32.962
2024-06-19 17:00:00,4.5096,61.726,32.962
2024-06-19 17:10:00,5.4949,56.688,19.61
2024-06-19 17:20:00,4.3885,56.688,19.61
2024-06-19 17:30:00,3.3819,60.567,24.959
2024-06-19 17:40:00,3.8347,60.567,24.959
2024-06-19 17:50:00,3.5179,60.856,36.725
2024-06-19 18:00:00,5.864,68.054,30.614
2024-06-19 18:10:00,3.7939,68.054,30.614
2024-06-19 18:20:00,6.6606,68.102,31.403
2024-06-19 18:30:00,3.6399,68.102,31.403
2024-06-19 18:40:00,4.4916,54.053,28.217
2024-06-19 18:50:00,5.0961,54.053,28.217
2024-06-19 19:00:00,4.8336,56.934,35.557
2024-06-19 19:10:00,11.648,56.934,35.557
2024-06-19 19:20:00,11.361,55.322,32.649
2024-06-19 19:30:00,10.124,55.322,32.649
2024-06-19 19:40:00,16.926,55.322,32.649
2024-06-19 19:50:00,20.442,55.167,22.076
2024-06-19 20:00:00,10.255,55.167,22.076
2024-06-19 20:10:00,7.9094,48.504,56.369
2024-06-19 20:20:00,14.789,48.504,56.369
2024-06-19 20:30:00,9.991,55.317,32.592
2024-06-19 20:40:00,311.88,55.317,32.592
2024-06-19 20:50:00,27.223,47.006,28.61
2024-06-19 21:00:00,96.352,45.601,42.912
2024-06-19 21:10:00,0.37966,45.601,42.912
2024-06-19 21:20:00,0.54848,52.062,47.206
2024-06-19 21:30:00,0.33698,52.062,47.206
2024-06-19 21:40:00,0.30908,42.152,39.344
2024-06-19 21:50:00,0.27384,42.152,39.344
2024-06-19 22:00:00,0.31399,39.675,23.922
2024-06-19 22:10:00,0.27584,39.675,23.922
2024-06-19 22:20:00,0.40609,51.993,24.81
2024-06-19 22:30:00,0.69844,51.993,24.81
2024-06-19 22:40:00,0.94341,51.993,24.81
2024-06-19 22:50:00,1.2926,62.961,156.05
2024-06-19 23:00:00,2.0367,62.961,156.05
2024-06-19 23:10:00,2.6867,61.06,30.989
2024-06-19 23:20:00,5.3793,61.06,30.989
2024-06-19 23:30:00,14.392,43.957,28.286
2024-06-19 23:40:00,7.3004,43.957,28.286
2024-06-19 23:50:00,19.367,48.67,26.641
2024-06-20 00:00:00,74.534,40.128,23.954
2024-06-20 00:10:00,17.03,40.128,23.954
2024-06-20 00:20:00,4.8352,62.997,22.859
2024-06-20 00:30:00,3.0057,62.997,22.859
2024-06-20 00:40:00,12.412,60.58,27.495
2024-06-20 00:50:00,10.199,60.58,27.495
2024-06-20 01:00:00,8.0071,56.693,21.167
2024-06-20 01:10:00,16.577,56.693,21.167
2024-06-20 01:20:00,7.4766,69.159,24.893
2024-06-20 01:30:00,9.4325,69.159,24.893
2024-06-20 01:40:00,2.2607,69.159,24.893
2024-06-20 01:50:00,4.2452,72.889,32.9
2024-06-20 02:00:00,9.8264,72.889,32.9
2024-06-20 02:10:00,14.072,62.915,26.429
2024-06-20 02:20:00,14.004,62.915,26.429
2024-06-20 02:30:00,20.871,76.446,27.727
2024-06-20 02:40:00,11.554,76.446,27.727
2024-06-20 02:50:00,123.06,81.43,31.946
2024-06-20 03:00:00,5.3744,63.951,29.759
2024-06-20 03:10:00,4.5022,63.951,29.759
2024-06-20 03:20:00,2.3938,71.741,27.72
2024-06-20 03:30:00,0.69697,71.741,27.72
2024-06-20 03:40:00,0.15907,65.119,35.847
2024-06-20 03:50:00,0.20285,65.119,35.847
2024-06-20 04:00:00,0.56072,69.695,33.818
2024-06-20 04:10:00,1.1365,69.695,33.818
2024-06-20 04:20:00,2.9216,99.687,116
2024-06-20 04:30:00,0.97263,99.687,116
2024-06-20 04:40:00,0.29158,99.687,116
2024-06-20 04:50:00,0.64369,58.819,31.948
2024-06-20 05:00:00,0.50967,58.819,31.948
2024-06-20 05:10:00,0.64843,48.223,47.132
2024-06-20 05:20:00,0.49685,48.223,47.132
2024-06-20 05:30:00,0.41165,68.274,136.66
2024-06-20 05:40:00,1.7125,68.274,136.66
2024-06-20 11:30:00,0.10042,74.286,39.289
2024-06-20 11:40:00,0.21268,74.286,39.289
2024-06-20 11:50:00,0.26282,84.668,47.577
2024-06-20 12:00:00,0.34272,79.802,58.743
2024-06-20 12:10:00,0.26715,79.802,58.743
2024-06-20 12:20:00,0.2515,74.433,46.474
2024-06-20 12:30:00,0.45321,74.433,46.474
2024-06-20 12:40:00,0.40318,79.709,34.906
2024-06-20 12:50:00,0.41871,79.709,34.906
2024-06-20 13:00:00,0.3083,79.283,41.272
2024-06-20 13:10:00,0.35524,79.283,41.272
2024-06-20 13:20:00,0.28801,104.57,40.34
2024-06-20 13:30:00,0.52094,104.57,40.34
2024-06-20 13:40:00,0.51917,104.57,40.34
2024-06-20 13:50:00,0.50035,114.65,40.368
2024-06-20 14:00:00,0.39153,114.65,40.368
2024-06-20 14:10:00,0.31443,96.896,73.663
2024-06-20 14:20:00,0.33015,96.896,73.663
2024-06-20 14:30:00,0.23177,100.98,67.819
2024-06-20 14:40:00,0.23394,100.98,67.819
2024-06-20 14:50:00,0.20894,101.35,51.045
2024-06-20 15:00:00,0.19862,103,59.111
2024-06-20 15:10:00,0.21107,103,59.111
2024-06-20 15:20:00,0.24446,117.27,75.32
2024-06-20 15:30:00,0.19255,117.27,75.32
2024-06-20 15:40:00,0.21206,117.52,60.329
2024-06-20 15:50:00,0.27523,117.52,60.329
2024-06-20 16:00:00,0.32661,108.17,69.595
2024-06-20 16:10:00,0.35144,108.17,69.595
2024-06-20 16:20:00,0.21751,97.136,60.275
2024-06-20 16:30:00,0.18981,97.136,60.275
2024-06-20 16:40:00,0.23554,97.136,60.275
2024-06-20 16:50:00,0.19405,109.46,52.787
2024-06-20 17:00:00,0.16605,109.46,52.787
2024-06-20 17:10:00,0.20601,88.502,55.666
2024-06-20 17:20:00,0.25207,88.502,55.666
2024-06-20 17:30:00,0.2083,85.337,54.766
2024-06-20 17:40:00,0.24853,85.337,54.766
2024-06-20 17:50:00,0.27504,86.537,35.489
2024-06-20 18:00:00,0.28596,89.495,51.673
2024-06-20 18:10:00,0.2615,89.495,51.673
2024-06-20 18:20:00,0.2358,93.249,63.066
2024-06-20 18:30:00,0.24446,93.249,63.066
2024-06-20 18:40:00,0.25616,81.243,69.47
2024-06-20 18:50:00,0.23437,81.243,69.47
2024-06-20 19:00:00,0.28819,84.009,58.199
2024-06-20 19:10:00,0.27306,84.009,58.199
2024-06-20 19:20:00,0.23107,94.201,53.625
2024-06-20 19:30:00,0.22119,94.201,53.625
2024-06-20 19:40:00,0.24827,94.201,53.625
2024-06-20 19:50:00,0.22307,107.82,54.53
2024-06-20 20:00:00,0.37592,107.82,54.53
2024-06-20 20:10:00,0.50196,130.26,46.593
2024-06-20 20:20:00,0.30778,130.26,46.593
2024-06-20 20:30:00,0.90657,69.309,44.132
2024-06-20 20:40:00,2.3083,69.309,44.132
2024-06-20 20:50:00,0.54962,100.85,55.333
2024-06-20 21:00:00,0.36384,105.51,76.287
2024-06-20 21:10:00,0.27386,105.51,76.287
2024-06-20 21:20:00,0.20508,104.89,66.407
2024-06-20 21:30:00,0.21685,104.89,66.407
2024-06-20 21:40:00,0.25203,109.2,68.975
2024-06-20 21:50:00,0.24827,109.2,68.975
2024-06-20 22:00:00,0.27572,121.37,55.848
2024-06-20 22:10:00,0.45766,121.37,55.848
2024-06-20 22:20:00,0.63256,92.303,57.393
2024-06-20 22:30:00,0.48308,92.303,57.393
2024-06-20 22:40:00,0.33356,92.303,57.393
2024-06-20 22:50:00,0.25521,104.02,53.899
2024-06-20 23:00:00,0.20137,104.02,53.899
2024-06-20 23:10:00,0.18652,115.87,60.597
2024-06-20 23:20:00,0.19634,115.87,60.597
2024-06-20 23:30:00,0.19624,103.96,61.227
2024-06-20 23:40:00,0.20566,103.96,61.227
2024-06-20 23:50:00,0.39034,111.69,56.217
2024-06-21 00:00:00,0.36851,85.053,72.278
2024-06-21 00:10:00,0.36536,85.053,72.278
2024-06-21 00:20:00,0.25531,82.502,57.518
2024-06-21 00:30:00,0.20115,82.502,57.518
2024-06-21 00:40:00,0.19379,91.91,56.017
2024-06-21 00:50:00,0.1958,91.91,56.017
2024-06-21 01:00:00,0.20181,89.886,59.608
2024-06-21 01:10:00,0.21052,89.886,59.608
2024-06-21 01:20:00,0.19673,97.816,49.679
2024-06-21 01:30:00,0.18278,97.816,49.679
2024-06-21 01:40:00,0.18402,97.816,49.679
2024-06-21 01:50:00,0.17026,76.975,47.544
2024-06-21 02:00:00,0.18599,76.975,47.544
2024-06-21 02:10:00,0.22524,78.098,78.694
2024-06-21 02:20:00,0.17028,78.098,78.694
2024-06-21 02:30:00,0.17555,67.608,55.088
2024-06-21 02:40:00,0.16746,67.608,55.088
2024-06-21 02:50:00,0.20362,46.211,84.878
2024-06-21 03:00:00,0.2456,38.429,44.046
2024-06-21 03:10:00,0.2296,38.429,44.046
2024-06-21 03:20:00,0.1814,401.36,293.4
2024-06-21 03:30:00,0.19913,401.36,293.4
2024-06-21 03:40:00,0.22405,28.263,161.17
2024-06-21 03:50:00,0.31215,28.263,161.17
2024-06-21 04:00:00,0.24261,18.584,55.047
2024-06-21 04:10:00,0.32698,18.584,55.047
2024-06-21 04:20:00,0.24749,34.664,39.009
2024-06-21 04:30:00,0.19481,34.664,39.009
2024-06-21 04:40:00,0.36512,34.664,39.009
2024-06-21 04:50:00,0.26567,112.08,-162.95
2024-06-21 05:00:00,0.34635,112.08,-162.95
2024-06-21 05:10:00,4.6131,41.276,23.41
2024-06-21 05:20:00,0.23352,41.276,23.41
2024-06-21 05:30:00,0.20939,55.06,59.754
2024-06-21 10:50:00,0.34305,25.395,22.852
2024-06-21 11:10:00,0.3408,28.014,24.048
2024-06-21 11:20:00,0.37191,28.014,24.048
2024-06-21 11:30:00,0.4296,43.5,27.267
2024-06-21 11:40:00,0.44545,43.5,27.267
2024-06-21 11:50:00,0.46066,31.818,25.387
2024-06-21 12:00:00,0.41159,53.242,27.426
2024-06-21 12:10:00,0.5692,53.242,27.426
2024-06-21 12:20:00,0.63531,52.526,29.409
2024-06-21 12:30:00,0.55529,52.526,29.409
2024-06-21 12:40:00,0.63669,96.913,45.124
2024-06-21 12:50:00,0.74506,96.913,45.124
2024-06-21 13:00:00,0.74798,62.522,41.669
2024-06-21 13:10:00,0.5086,62.522,41.669
2024-06-21 13:20:00,0.63331,54.553,53.675
2024-06-21 13:30:00,0.5212,54.553,53.675
2024-06-21 13:40:00,0.49379,54.553,53.675
2024-06-21 13:50:00,0.50612,55.878,37.269
2024-06-21 14:00:00,0.46375,55.878,37.269
2024-06-21 14:10:00,0.45771,42.482,49.247
2024-06-21 14:20:00,0.42776,42.482,49.247
2024-06-21 14:30:00,0.37863,47.902,46.897
2024-06-21 14:40:00,0.36718,47.902,46.897
2024-06-21 14:50:00,0.31765,48.023,59.197
2024-06-21 15:00:00,0.47514,40.33,60.848
2024-06-21 15:10:00,0.41355,40.33,60.848
2024-06-21 15:20:00,0.46255,58.601,41.558
2024-06-21 15:30:00,0.40523,58.601,41.558
2024-06-21 15:40:00,0.36021,50.569,38.958
2024-06-21 15:50:00,0.41689,50.569,38.958
2024-06-21 16:00:00,0.37911,58.749,34.336
2024-06-21 16:10:00,0.36016,58.749,34.336
2024-06-21 16:20:00,0.45201,63.604,35.187
2024-06-21 16:30:00,0.29291,63.604,35.187
2024-06-21 16:40:00,0.25805,63.604,35.187
2024-06-21 16:50:00,0.22999,53.243,30.096
2024-06-21 17:00:00,0.1956,53.243,30.096
2024-06-21 17:10:00,0.35219,81.822,47.788
2024-06-21 17:20:00,0.3029,81.822,47.788
2024-06-21 17:30:00,0.30247,67.671,45.53
2024-06-21 17:40:00,0.3263,67.671,45.53
2024-06-21 17:50:00,0.33428,62.956,44.399
2024-06-21 18:00:00,0.39178,50.961,34.898
2024-06-21 18:10:00,0.42135,50.961,34.898
2024-06-21 18:20:00,0.54201,30.075,34.728
2024-06-21 18:30:00,0.59362,30.075,34.728
2024-06-21 18:40:00,0.78556,47.912,32.868
2024-06-21 18:50:00,0.58259,47.912,32.868
2024-06-21 19:00:00,0.76869,24.808,27.309
2024-06-21 19:10:00,0.59486,24.808,27.309
2024-06-21 19:20:00,0.60866,54.285,25.907
2024-06-21 19:30:00,0.55666,54.285,25.907
2024-06-21 19:40:00,0.40236,54.285,25.907
2024-06-21 19:50:00,0.36321,35.36,17.825
2024-06-21 20:00:00,0.31721,35.36,17.825
2024-06-21 20:10:00,0.38077,58.873,38.6
2024-06-21 20:20:00,0.4971,58.873,38.6
2024-06-21 20:30:00,0.45891,50.369,35.376
2024-06-21 20:40:00,0.40459,50.369,35.376
2024-06-21 20:50:00,0.29758,14.73,44.991
2024-06-21 21:00:00,0.40126,108.23,-128.38
2024-06-21 21:10:00,0.29466,108.23,-128.38
2024-06-21 21:20:00,0.41452,98.771,-96.756
2024-06-21 21:30:00,0.31912,98.771,-96.756
2024-06-21 21:40:00,0.44875,-6.3726,-16.978
2024-06-21 21:50:00,0.47057,-6.3726,-16.978
2024-06-21 22:00:00,0.586,-39.192,-19.345
2024-06-21 22:10:00,0.24237,-39.192,-19.345
2024-06-21 22:20:00,0.24028,-43.836,-4.5671
2024-06-21 22:30:00,0.22468,-43.836,-4.5671
2024-06-21 22:40:00,0.17158,-43.836,-4.5671
2024-06-21 22:50:00,0.21443,142.3,-66.276
2024-06-21 23:00:00,0.2386,142.3,-66.276
2024-06-21 23:10:00,0.25664,-161.99,-102.75
2024-06-21 23:20:00,0.32869,-161.99,-102.75
2024-06-21 23:30:00,0.4264,99.433,-65.266
2024-06-21 23:40:00,0.31426,99.433,-65.266
2024-06-21 23:50:00,0.4546,,-15.128
2024-06-22 00:00:00,0.44781,52.742,
2024-06-22 00:10:00,0.32335,52.742,
2024-06-22 00:20:00,0.35075,31.416,
2024-06-22 00:30:00,0.32097,31.416,
2024-06-22 00:40:00,1.2013,,
2024-06-22 00:50:00,0.55465,,
2024-06-22 01:00:00,0.40212,-25.07,-81.09
2024-06-22 01:10:00,0.27541,-25.07,-81.09
2024-06-22 01:20:00,0.18749,35.62,-198.78
2024-06-22 01:30:00,0.29393,35.62,-198.78
2024-06-22 01:40:00,0.50726,35.62,-198.78
2024-06-22 01:50:00,0.58348,22.347,18.57
2024-06-22 02:00:00,0.45109,22.347,18.57
2024-06-22 02:10:00,0.20087,6.418,-10.802
2024-06-22 02:20:00,0.36288,6.418,-10.802
2024-06-22 02:30:00,-0.072525,20.565,
2024-06-22 02:40:00,0.45501,20.565,
2024-06-22 02:50:00,0.32805,9.8776,-4.3594
2024-06-22 03:00:00,0.56881,16.822,
2024-06-22 03:10:00,0.89068,16.822,
2024-06-22 03:20:00,1.2229,38.848,80.702
2024-06-22 03:30:00,1.1025,38.848,80.702
2024-06-22 03:40:00,0.32061,25.738,48.129
2024-06-22 03:50:00,0.4152,25.738,48.129
2024-06-22 04:00:00,0.4839,25.481,26.326
2024-06-22 04:10:00,0.14011,25.481,26.326
2024-06-22 04:20:00,0.20875,28.631,104.73
2024-06-22 04:30:00,0.17972,28.631,104.73
2024-06-22 04:40:00,0.21203,28.631,104.73
2024-06-22 04:50:00,0.26783,25.566,36.628
2024-06-22 05:00:00,0.25374,25.566,36.628
2024-06-22 05:10:00,0.26832,43.669,42.47
2024-06-22 05:20:00,0.43623,43.669,42.47
2024-06-22 05:30:00,0.39176,63.55,41.501
2024-06-22 05:40:00,0.42914,63.55,41.501
2024-06-22 05:50:00,0.72351,63.38,32.238
2024-06-22 06:00:00,0.4964,61.812,33.818
2024-06-22 06:10:00,0.55431,61.812,33.818
2024-06-22 06:20:00,0.42759,43.694,18.554
2024-06-22 06:30:00,0.28357,43.694,18.554
2024-06-22 06:40:00,0.30542,124.1,34.85
2024-06-22 06:50:00,0.24246,124.1,34.85
2024-06-22 07:00:00,0.21665,52.018,148.21
2024-06-22 07:10:00,0.21712,52.018,148.21
2024-06-22 07:20:00,0.41263,16.85,27.302
2024-06-22 07:30:00,0.52435,16.85,27.302
2024-06-22 07:40:00,0.35872,16.85,27.302
2024-06-22 07:50:00,0.43493,20.754,32.306
2024-06-22 08:00:00,0.61826,20.754,32.306
2024-06-22 08:10:00,0.47073,66.996,23.49
2024-06-22 08:20:00,0.24524,66.996,23.49
2024-06-22 08:30:00,0.28037,16.914,21.569
2024-06-22 08:40:00,0.30446,16.914,21.569
2024-06-22 08:50:00,0.48942,20.908,26.417
2024-06-22 10:00:00,0.071932,39.634,55.88
2024-06-22 10:10:00,0.16274,39.634,55.88
2024-06-22 10:20:00,0.59621,30.703,50.327
2024-06-22 10:40:00,0.19601,30.703,50.327
2024-06-22 10:50:00,0.22533,36.332,30.521
2024-06-22 11:00:00,0.21051,36.332,30.521
2024-06-22 11:10:00,0.25192,42.96,33.333
2024-06-22 11:20:00,0.21767,42.96,33.333
2024-06-22 11:30:00,0.27953,54.197,37.745
2024-06-22 11:40:00,0.25452,54.197,37.745
2024-06-22 11:50:00,0.26956,46.273,44.126
2024-06-22 12:00:00,0.27831,43.241,27.743
2024-06-22 12:10:00,0.1805,43.241,27.743
2024-06-22 12:20:00,0.17514,42.419,33.619
2024-06-22 12:30:00,0.19049,42.419,33.619
2024-06-22 12:40:00,0.15949,51.103,42.176
2024-06-22 12:50:00,0.088455,51.103,42.176
2024-06-22 13:00:00,0.19511,37.054,32.726
2024-06-22 13:10:00,0.16025,37.054,32.726
2024-06-22 13:20:00,0.2148,51.159,18.857
2024-06-22 13:30:00,0.50397,51.159,18.857
2024-06-22 13:40:00,0.51278,51.159,18.857
2024-06-22 13:50:00,0.56757,39.289,27.384
2024-06-22 14:00:00,0.64025,39.289,27.384
2024-06-22 14:10:00,0.95251,46.316,43.553
2024-06-22 14:20:00,1.2858,46.316,43.553
2024-06-22 14:30:00,1.3813,59.897,51.959
2024-06-22 14:40:00,0.89078,59.897,51.959
2024-06-22 14:50:00,0.81737,46.37,24.53
2024-06-22 15:00:00,0.77353,45.321,46.602
2024-06-22 15:10:00,0.60781,45.321,46.602
2024-06-22 15:20:00,0.76448,50.503,19.488
2024-06-22 15:30:00,0.96432,50.503,19.488
2024-06-22 15:40:00,0.93782,58.929,32.809
2024-06-22 15:50:00,0.68425,58.929,32.809
2024-06-22 16:00:00,0.83773,58.377,31.703
2024-06-22 16:10:00,0.81654,58.377,31.703
2024-06-22 16:20:00,0.86216,152.82,134.8
2024-06-22 16:30:00,0.63671,152.82,134.8
2024-06-22 16:40:00,0.50078,152.82,134.8
2024-06-22 16:50:00,0.64638,13.178,22.184
2024-06-22 17:00:00,0.74756,13.178,22.184
2024-06-22 17:10:00,0.83036,26.572,21.41
2024-06-22 17:20:00,0.78962,26.572,21.41
2024-06-22 17:30:00,0.70595,29.607,9.1751
2024-06-22 17:40:00,0.8432,29.607,9.1751
2024-06-22 17:50:00,0.78106,25.957,13.301
2024-06-22 18:00:00,0.71841,26.604,19.901
2024-06-22 18:10:00,1.0708,26.604,19.901
2024-06-22 18:20:00,2.398,43.061,53.647
2024-06-22 18:30:00,1.7429,43.061,53.647
2024-06-22 18:40:00,-4.8006,30.733,33.775
2024-06-22 18:50:00,2.3618,30.733,33.775
2024-06-22 19:00:00,-17.957,46.167,43.865
2024-06-22 19:10:00,0.67611,46.167,43.865
2024-06-22 19:20:00,6.2685,42.414,39.696
2024-06-22 19:30:00,5.8371,42.414,39.696
2024-06-22 19:40:00,3.8223,42.414,39.696
2024-06-22 19:50:00,0.47595,28.246,24.976
2024-06-22 20:00:00,0.16151,28.246,24.976
2024-06-22 20:50:00,0.30152,71.556,62.406
2024-06-22 23:40:00,8.9447,-295.21,
2024-06-29 05:00:00,-5.5869,-70.034,24.538
2024-06-29 05:10:00,-64.991,-70.034,24.538
2024-06-29 05:20:00,-9.8288,-70.034,24.538
2024-06-29 05:30:00,-3.5833,-70.034,24.538
2024-06-29 05:40:00,-4.7297,-70.034,24.538
2024-06-29 05:50:00,-0.65452,-70.034,24.538
2024-06-29 06:10:00,-3.5352,-70.034,24.538
2024-06-29 06:20:00,-4.3866,-70.034,24.538
2024-06-29 06:30:00,-11.588,-70.034,24.538
2024-06-29 06:40:00,-258.55,-82.396,-67.006
2024-06-29 06:50:00,0.23919,-82.396,-67.006
2024-06-29 07:00:00,-16.215,-92.214,-42.209
2024-06-29 07:10:00,-16.44,-92.214,-42.209
2024-06-29 07:20:00,-11.096,-141.92,-145.66
2024-06-29 07:30:00,-67.627,-141.92,-145.66
2024-06-29 07:40:00,-15.403,-141.92,-145.66
2024-06-29 07:50:00,-19.082,-144.53,-467.97
2024-06-29 08:00:00,-1.5872,-144.53,-467.97
2024-06-29 08:10:00,-20.51,-156.52,-1885.4
2024-06-29 08:20:00,-1337.9,-156.52,-1885.4
2024-06-29 08:30:00,-247.93,-204.91,2113.8
2024-06-29 08:40:00,-14.147,-204.91,2113.8
2024-06-29 08:50:00,-46.797,-2267.2,3323.1
2024-06-29 09:00:00,-44.081,-2234.5,-4175.1
2024-06-29 09:10:00,-0.29734,-2234.5,-4175.1
2024-06-29 09:20:00,-3.5473,-5425.2,-1725.5
2024-06-29 09:30:00,-9.0359,-5425.2,-1725.5
2024-06-29 09:40:00,-1.8313,-2019.3,-2191.5
2024-06-29 09:50:00,-11.151,-2019.3,-2191.5
2024-06-29 10:10:00,-1.9266,-101.71,-405
2024-06-29 10:20:00,-1.2848,-363.51,-146.27
2024-06-29 10:30:00,-66.028,-363.51,-146.27
2024-06-29 10:40:00,1.5424,-363.51,-146.27
2024-06-29 10:50:00,-5.817,-302.83,-153.77
2024-06-29 11:00:00,-9.0565,-302.83,-153.77
2024-06-29 11:10:00,-331.25,-124.74,-290.5
2024-06-29 11:20:00,-63.611,-124.74,-290.5
2024-06-29 11:30:00,-3.1461,-435.52,923.54
2024-06-29 11:40:00,-4.7042,-435.52,923.54
2024-06-29 11:50:00,-6.9626,-207,-111
2024-06-29 12:00:00,-9.3777,-91.658,-89.551
2024-06-29 12:10:00,-41.033,-91.658,-89.551
2024-06-29 12:20:00,-14.585,-93.643,-79.313
2024-06-29 12:30:00,-19.689,-93.643,-79.313
2024-06-29 12:40:00,-813.29,-1018.6,1789.7
2024-06-29 12:50:00,-4.7878,-1018.6,1789.7
2024-06-29 13:00:00,-1.2707,-214.39,-131.54
2024-06-29 13:10:00,-37.219,-214.39,-131.54
2024-06-29 13:20:00,-5.5749,-189.54,-320.38
2024-06-29 13:30:00,8.829,-189.54,-320.38
2024-06-29 13:40:00,-1.4538,-189.54,-320.38
2024-06-29 13:50:00,-10.324,-227.46,-170.02
2024-06-29 14:00:00,1.0689,-227.46,-170.02
2024-06-29 14:10:00,-4.0092,-98.575,-111.8
2024-06-29 14:20:00,0.74822,-98.575,-111.8
2024-06-29 14:30:00,5.3745,-86.231,-54.572
2024-06-29 14:40:00,1.4173,-86.231,-54.572
2024-06-29 14:50:00,1.1439,-239.87,-170.16
2024-06-29 15:00:00,3.2873,-186.83,-225.95
2024-06-29 15:10:00,4.2548,-186.83,-225.95
2024-06-29 15:20:00,5.3401,-188.26,-675.62
2024-06-29 15:30:00,24.298,-188.26,-675.62
2024-06-29 15:40:00,3.9833,-190.09,-290.3
2024-06-29 15:50:00,20.696,-190.09,-290.3
2024-06-29 16:00:00,2.0165,-253.73,-808.54
2024-06-29 16:10:00,4.273,-253.73,-808.54
2024-06-29 16:20:00,1.3028,-287.76,-867.52
2024-06-29 16:30:00,1.2593,-287.76,-867.52
2024-06-29 16:40:00,1.9764,-287.76,-867.52
2024-06-29 16:50:00,1.4756,-540.27,769.03
2024-06-29 17:00:00,1.9964,-540.27,769.03
2024-06-29 17:10:00,0.57879,,213.67
2024-06-29 17:20:00,0.45913,,213.67
2024-06-29 17:30:00,0.53433,600.81,177.49
2024-06-29 17:40:00,0.42612,600.81,177.49
2024-06-29 17:50:00,0.25347,395.07,331.94
2024-06-29 18:00:00,0.91438,253.25,71.999
2024-06-29 18:10:00,0.33541,253.25,71.999
2024-06-29 18:20:00,0.27853,237.71,111.4
2024-06-29 18:30:00,0.3744,237.71,111.4
2024-06-29 18:40:00,0.27703,109.82,78.189
2024-06-29 18:50:00,0.43192,109.82,78.189
2024-06-29 19:00:00,0.38863,124.53,61.113
2024-06-29 19:10:00,0.47902,124.53,61.113
2024-06-29 19:20:00,0.50492,97.401,70.354
2024-06-29 19:30:00,0.23766,97.401,70.354
2024-06-29 19:40:00,0.34424,97.401,70.354
2024-06-29 19:50:00,0.24575,83.1,69.817
2024-06-29 20:00:00,0.26994,83.1,69.817
2024-06-29 20:10:00,0.33122,77.791,38.482
2024-06-29 20:20:00,0.41661,77.791,38.482
2024-06-29 20:30:00,0.2442,42.478,29.43
2024-06-29 20:40:00,0.23555,42.478,29.43
2024-06-29 20:50:00,0.24717,62.779,40.051
2024-06-29 21:00:00,0.24549,73.946,76.968
2024-06-29 21:10:00,0.19991,73.946,76.968
2024-06-29 21:20:00,0.22614,119.31,83.811
2024-06-29 21:30:00,0.16144,119.31,83.811
2024-06-29 21:40:00,0.24583,117.18,87.29
2024-06-29 21:50:00,0.16781,117.18,87.29
2024-06-29 22:00:00,0.23233,101.13,105.85
2024-06-29 22:10:00,0.20981,101.13,105.85
2024-06-29 22:20:00,0.15516,160.59,128.1
2024-06-29 22:30:00,0.15659,160.59,128.1
2024-06-29 22:40:00,0.1325,160.59,128.1
2024-06-29 22:50:00,0.13196,146.65,131.15
2024-06-29 23:00:00,0.1319,146.65,131.15
2024-06-29 23:10:00,0.11185,148.83,177.37
2024-06-29 23:20:00,0.11542,148.83,177.37
2024-06-29 23:30:00,0.12645,151.44,161.37
2024-06-29 23:40:00,0.09952,151.44,161.37
2024-06-29 23:50:00,0.10806,127.46,138.89
2024-06-30 00:00:00,0.10457,141.72,132.15
2024-06-30 00:10:00,0.11435,141.72,132.15
2024-06-30 00:20:00,0.12262,140.11,116.16
2024-06-30 00:30:00,0.12072,140.11,116.16
2024-06-30 00:40:00,0.13494,148.69,129.91
2024-06-30 00:50:00,0.15959,148.69,129.91
2024-06-30 01:00:00,0.16325,150.29,127.99
2024-06-30 01:10:00,0.17312,150.29,127.99
2024-06-30 01:20:00,0.16076,145.97,114.56
2024-06-30 01:50:00,0.18253,128.13,105.15
2024-06-30 02:00:00,0.17369,128.13,105.15
2024-06-30 02:20:00,0.15716,104.56,86.7
2024-06-30 02:30:00,0.21911,103.79,90.266
2024-06-30 02:40:00,0.17792,103.79,90.266
2024-06-30 02:50:00,0.29552,97.487,78.902
2024-06-30 03:00:00,0.23458,84.722,66.111
2024-06-30 03:10:00,0.34316,84.722,66.111
2024-06-30 03:20:00,0.23719,77.181,64.852
2024-06-30 03:30:00,0.24947,77.181,64.852
2024-06-30 03:40:00,0.25794,159.21,88.461
2024-06-30 03:50:00,0.27737,159.21,88.461
2024-06-30 04:00:00,0.21341,76.938,40.578
2024-06-30 04:10:00,0.15968,76.938,40.578
2024-06-30 04:20:00,0.20222,71.092,43.372
2024-06-30 04:30:00,0.22667,71.092,43.372
2024-06-30 04:40:00,0.20866,71.092,43.372
2024-06-30 04:50:00,0.17719,61.358,26.997
2024-06-30 13:30:00,0.34426,39.861,35.19
2024-06-30 15:00:00,0.27564,49.587,29.31
2024-06-30 15:10:00,0.54098,49.587,29.31
2024-06-30 15:20:00,0.32426,36.236,-960.69
2024-06-30 15:30:00,0.42648,36.236,-960.69
2024-06-30 15:40:00,0.33968,,
2024-06-30 15:50:00,0.38373,,
2024-06-30 16:00:00,0.46686,40.596,-74.141
2024-06-30 16:10:00,0.40786,40.596,-74.141
2024-06-30 16:20:00,0.26447,36.345,-78.259
2024-06-30 16:30:00,0.21824,36.345,-78.259
2024-06-30 16:40:00,0.27927,36.345,-78.259
2024-06-30 16:50:00,0.28809,41.231,
2024-06-30 17:00:00,0.24889,41.231,
2024-06-30 17:10:00,0.31916,79.657,49.556
2024-06-30 17:20:00,0.39752,79.657,49.556
2024-06-30 17:30:00,0.66505,80.89,52.543
2024-06-30 17:40:00,0.30751,80.89,52.543
2024-06-30 17:50:00,0.52811,70.448,46.329
2024-06-30 18:00:00,0.41387,75.715,35.158
2024-06-30 18:10:00,0.43741,75.715,35.158
2024-06-30 18:20:00,0.64412,82.391,32.862
2024-06-30 18:30:00,0.31316,82.391,32.862
2024-06-30 18:40:00,0.3625,48.031,26.906
2024-06-30 18:50:00,0.24178,48.031,26.906
2024-06-30 19:00:00,0.28715,65.279,35.327
2024-06-30 19:10:00,0.47261,65.279,35.327
2024-06-30 19:20:00,0.7006,53.778,29.376
2024-06-30 19:30:00,0.53573,53.778,29.376
2024-06-30 19:40:00,0.92714,53.778,29.376
2024-06-30 19:50:00,0.76299,52.353,35.538
2024-06-30 20:00:00,0.47104,52.353,35.538
2024-06-30 20:40:00,0.72075,78.885,29.179
2024-06-30 20:50:00,0.69532,115.85,115.45
2024-06-30 21:00:00,0.47489,35.581,11.604
2024-06-30 21:10:00,0.47446,35.581,11.604
2024-06-30 21:20:00,0.18463,28.195,60.584
2024-06-30 21:50:00,-0.19357,105.29,-64.67
2024-06-30 22:00:00,1.9126,34.295,16.26
2024-06-30 22:10:00,0.73067,34.295,16.26
2024-06-30 22:20:00,0.51399,224.35,236.97
2024-06-30 22:30:00,0.46708,224.35,236.97
2024-06-30 22:40:00,0.68252,224.35,236.97
2024-06-30 22:50:00,4.5119,118.35,-60.158
2024-06-30 23:00:00,0.78322,118.35,-60.158
2024-06-30 23:10:00,0.29858,41.912,3.686
2024-06-30 23:20:00,0.30234,41.912,3.686
2024-06-30 23:30:00,0.25418,20.671,41.333
2024-06-30 23:40:00,0.3767,20.671,41.333
2024-06-30 23:50:00,0.28692,27.367,93.929
2024-07-01 00:30:00,0.17661,25.096,2.1049
2024-07-01 00:40:00,0.094769,45.495,35.498
2024-07-01 00:50:00,0.14808,45.495,35.498
2024-07-01 01:00:00,0.21644,18.595,24.857
2024-07-01 01:10:00,0.2181,18.595,24.857
2024-07-01 03:30:00,0.80942,13.297,-44.008
2024-07-01 03:40:00,0.51996,-634.71,-104.5
2024-07-01 03:50:00,0.80072,-634.71,-104.5
2024-07-01 04:00:00,0.15398,1335.5,187.06
2024-07-01 04:10:00,0.55085,1335.5,187.06
2024-07-01 04:20:00,0.3659,732.73,-163.69
2024-07-01 04:30:00,0.97291,732.73,-163.69
2024-07-01 04:40:00,3.4206,732.73,-163.69
2024-07-01 04:50:00,1.3886,186.45,356.64
2024-07-01 05:00:00,1.92,186.45,356.64
2024-07-01 05:10:00,0.2243,197.05,21.009
2024-07-01 05:20:00,0.16637,197.05,21.009
2024-07-01 05:30:00,0.3668,91.5,88.93
2024-07-01 05:40:00,0.58159,91.5,88.93
2024-07-01 05:50:00,0.25394,86.191,76.457
2024-07-01 07:20:00,0.21597,229.81,232.81
2024-07-01 07:30:00,0.23761,229.81,232.81
2024-07-01 07:40:00,0.21403,229.81,232.81
2024-07-01 07:50:00,0.69484,241.83,166.66
2024-07-01 08:00:00,1.148,241.83,166.66
2024-07-01 08:10:00,1.2501,254.11,82.345
2024-07-01 08:20:00,1.4905,254.11,82.345
2024-07-01 08:30:00,1.5165,201.58,69.425
2024-07-01 08:40:00,0.62641,201.58,69.425
2024-07-01 08:50:00,2.0197,214.09,71.085
2024-07-01 09:00:00,0.85036,451.85,127.33
2024-07-01 09:10:00,0.64001,451.85,127.33
2024-07-01 09:20:00,0.34539,700.05,102.82
2024-07-01 09:30:00,0.42521,700.05,102.82
2024-07-01 09:40:00,0.35158,737.12,72.003
2024-07-01 09:50:00,0.39424,737.12,72.003
2024-07-01 10:00:00,0.45232,640.25,145.7
2024-07-01 10:10:00,0.49091,640.25,145.7
2024-07-01 10:20:00,0.57887,964.34,286.98
2024-07-01 10:30:00,0.33403,964.34,286.98
2024-07-01 10:40:00,0.30732,964.34,286.98
2024-07-01 10:50:00,0.5411,5759.9,240.29
2024-07-01 11:00:00,0.19923,5759.9,240.29
2024-07-01 11:10:00,0.26166,,
2024-07-01 11:20:00,0.38461,,
2024-07-01 11:30:00,0.42335,-1240.7,511.75
2024-07-01 11:40:00,0.547,-1240.7,511.75
2024-07-01 11:50:00,0.34697,-794.53,
2024-07-01 12:00:00,0.24778,-357.54,256.2
2024-07-01 12:10:00,0.24989,-357.54,256.2
2024-07-01 12:20:00,0.19801,-473.57,149.74
2024-07-01 12:30:00,0.1559,-473.57,149.74
2024-07-01 12:40:00,0.13697,-252.04,90.625
2024-07-01 12:50:00,0.16623,-252.04,90.625
2024-07-01 13:00:00,0.092004,-33.499,27.429
2024-07-01 13:10:00,0.10193,-33.499,27.429
2024-07-01 13:20:00,0.12654,-99.088,67.649
2024-07-01 13:30:00,0.095992,-99.088,67.649
2024-07-01 13:40:00,0.166,-99.088,67.649
2024-07-01 13:50:00,0.13287,-85.412,122.6
2024-07-01 14:00:00,0.11998,-85.412,122.6
2024-07-01 14:10:00,0.11217,-168.64,1749.3
2024-07-01 14:20:00,0.16467,-168.64,1749.3
2024-07-01 14:30:00,0.083205,-245.76,212.55
2024-07-01 14:40:00,0.22856,-245.76,212.55
2024-07-01 14:50:00,1.2378,-103.19,314.25
2024-07-01 15:00:00,2.709,-214.47,327.23
2024-07-01 15:10:00,1.6086,-214.47,327.23
2024-07-01 15:20:00,0.87285,-186.81,316.64
2024-07-01 15:30:00,1.0576,-186.81,316.64
2024-07-01 15:40:00,2.6165,,
2024-07-01 15:50:00,2.0372,,
2024-07-01 16:00:00,2.2038,-130.93,289.95
2024-07-01 16:10:00,2.6142,-130.93,289.95
2024-07-01 16:20:00,2.6997,-93.478,256.66
2024-07-01 16:30:00,0.92427,-93.478,256.66
2024-07-01 16:40:00,0.77455,-93.478,256.66
2024-07-01 16:50:00,0.98691,-75.518,190.38
2024-07-01 17:00:00,0.82649,-75.518,190.38
2024-07-01 17:10:00,0.66112,-58.092,241.38
2024-07-01 17:20:00,0.2167,-58.092,241.38
2024-07-01 17:30:00,0.10559,-61.28,283.45
2024-07-01 17:40:00,0.22316,-61.28,283.45
2024-07-01 17:50:00,1.6167,-76.468,631.96
2024-07-01 18:00:00,1.4014,-136.3,243.27
2024-07-01 18:10:00,1.2818,-136.3,243.27
2024-07-01 18:20:00,0.77425,-149.37,348.64
2024-07-01 18:30:00,3.0224,-149.37,348.64
2024-07-01 18:40:00,3.3663,-42.429,196.37
2024-07-01 18:50:00,0.2063,-42.429,196.37
2024-07-01 19:00:00,0.13114,-108.23,239.12
2024-07-01 19:10:00,0.20124,-108.23,239.12
2024-07-01 19:20:00,0.38287,-140.86,186.29
2024-07-01 19:30:00,0.81993,-140.86,186.29
2024-07-01 19:40:00,4.5156,-140.86,186.29
2024-07-01 19:50:00,1.7247,-94.737,276.79
2024-07-01 20:00:00,3.2699,-94.737,276.79
2024-07-01 20:10:00,0.66342,-128.1,238.53
2024-07-01 20:20:00,0.89696,-128.1,238.53
2024-07-01 20:30:00,0.83528,-171.09,224.75
2024-07-01 20:40:00,1.602,-171.09,224.75
2024-07-01 20:50:00,3.058,-686.68,357.14
2024-07-01 21:00:00,2.0091,-392.83,194.97
2024-07-01 21:10:00,1.7229,-392.83,194.97
2024-07-01 21:20:00,1.6611,-402.04,175.83
2024-07-01 21:30:00,1.9544,-402.04,175.83
2024-07-01 21:40:00,0.91865,-405.95,173.04
2024-07-01 21:50:00,3.5377,-405.95,173.04
2024-07-01 22:00:00,6.4981,-240.55,182.02
2024-07-01 22:10:00,2.3634,-240.55,182.02
2024-07-01 22:20:00,2.4665,-176.32,242.82
2024-07-01 22:30:00,1.6212,-176.32,242.82
2024-07-01 22:40:00,3.0197,-176.32,242.82
2024-07-01 22:50:00,1.0913,-147.07,1965
2024-07-01 23:00:00,2.0292,-147.07,1965
2024-07-01 23:10:00,1.9478,-82.869,73.679
2024-07-01 23:20:00,4.3043,-82.869,73.679
2024-07-01 23:30:00,2.1043,-49.697,55.752
2024-07-01 23:40:00,1.9471,-49.697,55.752
2024-07-01 23:50:00,1.6722,-43.923,34.776
2024-07-02 00:00:00,1.9258,-228.55,-131.26
2024-07-02 00:10:00,3.0021,-228.55,-131.26
2024-07-02 00:20:00,0.90294,448.42,14.575
2024-07-02 00:30:00,0.68511,448.42,14.575
2024-07-02 00:40:00,4.6367,363.39,32.897
2024-07-02 00:50:00,0.86609,363.39,32.897
2024-07-02 01:00:00,4.456,525.94,27.19
2024-07-02 01:10:00,1.0755,525.94,27.19
2024-07-02 01:20:00,1.8175,-138.41,99.126
2024-07-02 01:30:00,2.9181,-138.41,99.126
2024-07-02 01:40:00,2.79,-138.41,99.126
2024-07-02 01:50:00,2.8364,97.604,26.695
2024-07-02 02:00:00,0.46355,97.604,26.695
2024-07-02 02:10:00,0.36713,41.097,93.125
2024-07-02 02:20:00,0.60712,41.097,93.125
2024-07-02 02:30:00,1.213,107.22,18.428
2024-07-02 02:40:00,2.0107,107.22,18.428
2024-07-02 02:50:00,1.9288,59.777,32.966
2024-07-02 03:00:00,4.2179,132.85,34.875
2024-07-02 03:10:00,2.2373,132.85,34.875
2024-07-02 03:20:00,0.73197,87.967,27.181
2024-07-02 03:30:00,0.50773,87.967,27.181
2024-07-02 03:40:00,0.87032,89.31,73.274
2024-07-02 03:50:00,1.4467,89.31,73.274
2024-07-02 04:00:00,3.0597,108.83,20.458
2024-07-02 04:10:00,1.8585,108.83,20.458
2024-07-02 04:20:00,1.1744,92.262,10.43
2024-07-02 04:30:00,1.1526,92.262,10.43
2024-07-02 04:40:00,3.6053,92.262,10.43
2024-07-02 04:50:00,1.1192,49.486,24.152
2024-07-02 05:00:00,0.75061,49.486,24.152
2024-07-02 05:10:00,4.86,37.249,17.868
2024-07-02 05:20:00,7.3832,37.249,17.868
2024-07-02 05:30:00,15.78,166.94,21.005
2024-07-02 05:40:00,25.001,166.94,21.005
2024-07-02 05:50:00,8.0125,192.03,42.388
2024-07-02 06:00:00,5.5941,130.06,36.648
2024-07-02 06:10:00,1.2419,130.06,36.648
2024-07-02 06:20:00,1.5131,139.65,30.872
2024-07-02 06:30:00,0.76194,139.65,30.872
2024-07-02 06:40:00,1.1186,153.77,48.97
2024-07-02 06:50:00,13.082,153.77,48.97
2024-07-02 08:40:00,0.26984,955.14,100.19
2024-07-02 08:50:00,0.27043,1679.8,119.81
2024-07-02 09:00:00,0.37913,,
2024-07-02 09:10:00,0.35063,,
2024-07-02 09:20:00,0.40787,1393.5,146.9
2024-07-02 09:30:00,0.35515,1393.5,146.9
2024-07-02 09:40:00,0.41887,-44006,160.5
2024-07-02 09:50:00,0.3382,-44006,160.5
2024-07-02 10:00:00,0.33885,-861.78,124.82
2024-07-02 10:10:00,0.38859,-861.78,124.82
2024-07-02 10:20:00,0.36659,-516.9,561.98
2024-07-02 10:30:00,0.40292,-516.9,561.98
2024-07-02 10:40:00,0.57831,-516.9,561.98
2024-07-02 10:50:00,0.5945,-319.54,173.38
2024-07-02 11:00:00,0.61468,-319.54,173.38
2024-07-02 11:10:00,0.77033,-200.37,214.5
2024-07-02 11:20:00,0.83483,-200.37,214.5
2024-07-02 11:30:00,0.62473,-144.76,292.13
2024-07-02 11:40:00,0.57261,-144.76,292.13
2024-07-02 11:50:00,0.78664,-137.79,721.89
2024-07-02 12:00:00,0.58034,-98.284,340.4
2024-07-02 12:10:00,0.60486,-98.284,340.4
2024-07-02 12:20:00,0.50342,-73.167,1136.8
2024-07-02 12:30:00,0.42827,-73.167,1136.8
2024-07-02 12:40:00,0.45739,-83.712,334.58
2024-07-02 12:50:00,0.37218,-83.712,334.58
2024-07-02 13:00:00,0.45798,-172.57,115.76
2024-07-02 13:10:00,0.49496,-172.57,115.76
2024-07-02 13:20:00,0.36867,-124.52,109.12
2024-07-02 13:30:00,0.37152,-124.52,109.12
2024-07-02 13:40:00,0.38894,-124.52,109.12
2024-07-02 13:50:00,0.36529,-38.724,79.909
2024-07-02 14:00:00,0.48663,-38.724,79.909
2024-07-02 14:10:00,0.35323,-132.74,203.55
2024-07-02 14:20:00,0.39858,-132.74,203.55
2024-07-02 14:30:00,0.56974,-42.219,90.481
2024-07-02 14:40:00,1.1418,-42.219,90.481
2024-07-02 14:50:00,0.82057,-48.288,87.201
2024-07-02 15:00:00,0.76823,494.14,115.49
2024-07-02 15:10:00,0.98939,494.14,115.49
2024-07-02 15:20:00,0.66903,674.13,74.029
2024-07-02 15:30:00,0.53453,674.13,74.029
2024-07-02 15:40:00,0.64023,-66.025,39.936
2024-07-02 15:50:00,0.88525,-66.025,39.936
2024-07-02 16:00:00,0.98032,-66.37,27.029
2024-07-02 16:10:00,1.2332,-66.37,27.029
2024-07-02 16:20:00,1.636,-44.337,26.551
2024-07-02 16:30:00,2.6039,-44.337,26.551
2024-07-02 16:40:00,2.6845,-44.337,26.551
2024-07-02 16:50:00,1.5024,-19.346,37.184
2024-07-02 17:00:00,1.8332,-19.346,37.184
2024-07-02 17:10:00,1.1628,-13.263,75.282
2024-07-02 17:20:00,1.1691,-13.263,75.282
2024-07-02 17:30:00,3.5883,-12.312,34.306
2024-07-02 17:40:00,3.225,-12.312,34.306
2024-07-02 17:50:00,0.78794,-15.287,14.324
2024-07-02 18:00:00,1.7366,-10.236,6.4037
2024-07-02 18:10:00,3.2349,-10.236,6.4037
2024-07-02 18:20:00,6.8562,-7.8959,12.254
2024-07-02 18:30:00,1.4796,-7.8959,12.254
2024-07-02 18:40:00,0.64444,-7.7165,21.808
2024-07-02 18:50:00,0.52537,-7.7165,21.808
2024-07-02 19:00:00,0.35503,-15.867,-25.535
2024-07-02 19:10:00,0.59064,-15.867,-25.535
2024-07-02 19:20:00,0.44662,-7.347,
2024-07-02 19:30:00,0.49831,-7.347,
2024-07-02 19:40:00,0.47718,-7.347,
2024-07-02 19:50:00,0.6288,-7.2531,-12.325
2024-07-02 20:00:00,1.2867,-7.2531,-12.325
2024-07-02 20:10:00,0.14098,-7.7351,109.36
2024-07-02 20:20:00,1.3088,-7.7351,109.36
2024-07-02 20:30:00,1.375,-7.2767,-94.136
2024-07-02 20:40:00,0.78499,-7.2767,-94.136
2024-07-02 20:50:00,0.60462,-11.353,
2024-07-02 21:00:00,1.2963,78.7,0.71622
2024-07-02 21:10:00,0.35561,78.7,0.71622
2024-07-02 21:20:00,1.003,132.26,38.699
2024-07-02 21:30:00,1.3165,132.26,38.699
2024-07-02 21:40:00,1.5138,121.28,
2024-07-02 21:50:00,1.4712,121.28,
2024-07-02 22:00:00,1.417,-83.404,15.682
2024-07-02 22:10:00,1.392,-83.404,15.682
2024-07-02 22:20:00,1.2913,,3.4992
2024-07-02 22:30:00,0.55514,,3.4992
2024-07-02 22:40:00,0.55938,,3.4992
2024-07-02 22:50:00,0.21687,97.903,-15.127
2024-07-02 23:00:00,0.26918,97.903,-15.127
2024-07-02 23:10:00,0.70594,-8.9333,97.449
2024-07-02 23:20:00,0.21788,-8.9333,97.449
2024-07-02 23:30:00,0.25901,240.4,6.5505
2024-07-02 23:40:00,0.24099,240.4,6.5505
2024-07-02 23:50:00,0.17409,65.098,-7.0293
2024-07-03 00:00:00,0.14332,128.75,-240.47
2024-07-03 00:10:00,0.23043,128.75,-240.47
2024-07-03 00:20:00,0.24232,-120,13.385
2024-07-03 00:30:00,0.1536,-120,13.385
2024-07-03 00:40:00,0.24483,8.4646,25.835
2024-07-03 00:50:00,0.23007,8.4646,25.835
2024-07-03 01:00:00,0.2095,-351.61,
2024-07-03 01:10:00,0.1519,-351.61,
2024-07-03 01:20:00,0.24085,-75.275,-150.13
2024-07-03 01:30:00,0.38754,-75.275,-150.13
2024-07-03 01:40:00,0.17279,-75.275,-150.13
2024-07-03 01:50:00,0.17308,-45.546,-14.814
2024-07-03 02:00:00,0.36286,-45.546,-14.814
2024-07-03 02:10:00,0.3298,-36.72,-24.591
2024-07-03 02:20:00,0.52321,-36.72,-24.591
2024-07-03 02:30:00,0.76843,-50.78,-36.526
2024-07-03 02:40:00,0.98348,-50.78,-36.526
2024-07-03 02:50:00,1.5637,-50.386,-13.985
2024-07-03 03:00:00,0.71447,-38.215,-44.235
2024-07-03 03:10:00,0.34679,-38.215,-44.235
2024-07-03 03:20:00,0.26091,-22.598,-43.821
2024-07-03 03:30:00,0.1459,-22.598,-43.821
2024-07-03 03:40:00,0.21832,-106.95,-153.43
2024-07-03 03:50:00,0.21723,-106.95,-153.43
2024-07-03 04:00:00,0.3832,-138.01,61.679
2024-07-03 04:10:00,0.21716,-138.01,61.679
2024-07-03 04:20:00,0.33986,-28.471,
2024-07-03 04:30:00,0.24517,-28.471,
2024-07-03 04:40:00,0.34203,-28.471,
2024-07-03 04:50:00,0.3287,-19.281,81.315
2024-07-03 05:00:00,0.38154,-19.281,81.315
2024-07-03 05:10:00,0.37536,-31.297,-28.166
2024-07-03 05:20:00,0.33502,-31.297,-28.166
2024-07-03 05:30:00,0.24365,-6.9614,17.237
2024-07-03 05:40:00,0.32623,-6.9614,17.237
2024-07-03 05:50:00,0.42353,-39.625,10.153
2024-07-03 06:00:00,0.33962,-41.126,-60.29
2024-07-03 06:10:00,0.30452,-41.126,-60.29
2024-07-03 06:20:00,0.17367,-21.09,
2024-07-03 12:40:00,0.97358,-92.145,
2024-07-03 12:50:00,6.0791,-92.145,
2024-07-03 13:00:00,8.1314,-45.237,-30.372
2024-07-03 13:10:00,37.913,-45.237,-30.372
2024-07-03 13:20:00,51.902,-38.715,-50.145
2024-07-03 13:30:00,17.772,-38.715,-50.145
2024-07-03 13:40:00,9.676,-38.715,-50.145
2024-07-03 13:50:00,5.4138,-25.535,-2.2494
2024-07-03 14:00:00,4.6333,-25.535,-2.2494
2024-07-03 14:10:00,2.8117,-38.566,524.52
2024-07-03 14:20:00,1.805,-38.566,524.52
2024-07-03 14:30:00,2.0909,-49.088,6.7283
2024-07-03 14:40:00,1.4354,-49.088,6.7283
2024-07-03 14:50:00,2.3512,-4.415,-31.104
2024-07-03 15:00:00,6.8891,-40.209,-17.044
2024-07-03 15:10:00,3.0913,-40.209,-17.044
2024-07-03 15:20:00,1.3061,-81.088,-28.123
2024-07-03 15:30:00,8.4395,-81.088,-28.123
2024-07-03 15:40:00,19.416,-69.243,40.469
2024-07-03 15:50:00,57.108,-69.243,40.469
2024-07-03 16:00:00,2.7384,-26.388,-35.874
2024-07-03 16:10:00,2.7148,-26.388,-35.874
2024-07-03 16:20:00,3.9077,-30.012,-19.438
2024-07-03 16:30:00,7.0471,-30.012,-19.438
2024-07-03 16:40:00,14.729,-30.012,-19.438
2024-07-03 16:50:00,14.41,-15.989,-57.741
2024-07-03 17:00:00,9.1759,-15.989,-57.741
2024-07-03 17:10:00,11.693,-17.348,-38.945
2024-07-03 17:20:00,7.2974,-17.348,-38.945
2024-07-03 17:30:00,7.1257,-23.631,-77.225
2024-07-03 17:40:00,32.289,-23.631,-77.225
2024-07-03 17:50:00,6.4848,-34.728,-29.357
2024-07-03 18:00:00,6.1161,-35.243,49.332
2024-07-03 18:10:00,2.584,-35.243,49.332
2024-07-03 18:20:00,8.388,-37.228,-26.028
2024-07-03 18:30:00,7.6817,-37.228,-26.028
2024-07-03 18:40:00,8.8654,-74.693,167.72
2024-07-03 18:50:00,34.315,-74.693,167.72
2024-07-03 19:00:00,11.981,-45.289,-73.693
2024-07-03 19:10:00,1.6967,-45.289,-73.693
2024-07-03 19:20:00,1.7391,-41.616,67.301
2024-07-03 19:30:00,2.2373,-41.616,67.301
2024-07-03 19:40:00,3.437,-41.616,67.301
2024-07-03 19:50:00,6.307,-40.91,-95.839
2024-07-03 20:00:00,2.7734,-40.91,-95.839
2024-07-03 20:10:00,3.9622,-48.852,-43.52
2024-07-03 20:20:00,3.7285,-48.852,-43.52
2024-07-03 20:30:00,4.1161,-77.013,-234.49
2024-07-03 20:40:00,7.1902,-77.013,-234.49
2024-07-03 20:50:00,10.051,-158.45,151.22
2024-07-03 21:00:00,7.804,-415.44,-27.112
2024-07-03 21:10:00,6.5466,-415.44,-27.112
2024-07-03 21:20:00,4.2449,-1058.8,-226.68
2024-07-03 21:30:00,4.5389,-1058.8,-226.68
2024-07-03 21:40:00,2.9965,-1022.7,-65.552
2024-07-03 21:50:00,6.3973,-1022.7,-65.552
2024-07-03 22:00:00,3.8495,-505.15,-212.91
2024-07-03 22:10:00,9.1403,-505.15,-212.91
2024-07-03 22:20:00,3.057,1630.9,631.11
2024-07-03 22:30:00,0.8028,1630.9,631.11
2024-07-03 22:40:00,1.5055,1630.9,631.11
2024-07-03 22:50:00,0.55762,1004.4,123.8
2024-07-03 23:00:00,2.5012,1004.4,123.8
2024-07-03 23:10:00,2.279,366.93,1146.9
2024-07-03 23:20:00,0.72805,366.93,1146.9
2024-07-03 23:30:00,0.87726,271.41,53.905
2024-07-03 23:40:00,0.76403,271.41,53.905
2024-07-03 23:50:00,1.0149,191,54.431
2024-07-04 00:00:00,0.55574,253.09,25.561
2024-07-04 00:10:00,0.85296,253.09,25.561
2024-07-04 00:20:00,0.48938,153.43,15.731
2024-07-04 00:30:00,0.73031,153.43,15.731
2024-07-04 00:40:00,0.18681,205.44,19.557
2024-07-04 00:50:00,0.4893,205.44,19.557
2024-07-04 01:00:00,0.32903,147.43,16.481
2024-07-04 01:10:00,1.3771,147.43,16.481
2024-07-04 01:20:00,0.30461,143.75,137.7
2024-07-04 01:30:00,1.2654,143.75,137.7
2024-07-04 01:40:00,0.88097,143.75,137.7
2024-07-04 01:50:00,0.3601,329.01,22.652
2024-07-04 02:00:00,0.43542,329.01,22.652
2024-07-04 02:10:00,0.5222,98.889,29.553
2024-07-04 02:20:00,1.0145,98.889,29.553
2024-07-04 02:30:00,1.4801,128.25,29.46
2024-07-04 04:10:00,0.15279,127.67,50.7
2024-07-04 04:30:00,0.28683,114.75,43.905
2024-07-04 10:30:00,0.079833,141.66,87.51
2024-07-04 10:40:00,0.32236,141.66,87.51
2024-07-04 10:50:00,0.16658,109.33,47.534
2024-07-04 11:00:00,0.75556,109.33,47.534
2024-07-04 11:10:00,0.93295,93.494,32.119
2024-07-04 11:20:00,1.0222,93.494,32.119
2024-07-04 11:30:00,0.74059,70.175,28.711
2024-07-04 11:40:00,0.43086,70.175,28.711
2024-07-04 11:50:00,0.40031,69.636,12.801
2024-07-04 12:00:00,0.32404,84.036,20.865
2024-07-04 12:10:00,0.33888,84.036,20.865
2024-07-04 12:20:00,0.39628,66.489,18.623
2024-07-04 12:30:00,0.47169,66.489,18.623
2024-07-04 12:40:00,0.78311,77.758,21.586
2024-07-04 12:50:00,0.619,77.758,21.586
2024-07-04 13:00:00,0.70665,120.68,39.451
2024-07-04 13:10:00,0.24226,120.68,39.451
2024-07-04 13:20:00,0.18113,206.89,54.825
2024-07-04 13:30:00,0.15119,206.89,54.825
2024-07-04 13:40:00,0.14927,206.89,54.825
2024-07-04 13:50:00,0.098585,247.22,51.918
2024-07-04 14:00:00,0.178,247.22,51.918
2024-07-04 14:10:00,0.22315,,106.41
2024-07-04 14:20:00,0.26326,,106.41
2024-07-04 14:30:00,0.26256,1683.2,102.67
2024-07-04 14:40:00,0.33845,1683.2,102.67
2024-07-04 14:50:00,0.32631,1363.1,77.159
2024-07-04 15:00:00,0.2351,,209.98
2024-07-04 15:10:00,0.13786,,209.98
2024-07-04 15:20:00,0.22109,,323.15
2024-07-04 15:30:00,0.44649,,323.15
2024-07-04 15:40:00,0.23888,,774.03
2024-07-04 15:50:00,0.26036,,774.03
2024-07-04 16:00:00,0.60121,462.99,233.36
2024-07-04 16:10:00,0.44477,462.99,233.36
2024-07-04 16:20:00,0.25464,394.05,155.87
2024-07-04 16:30:00,0.35462,394.05,155.87
2024-07-04 16:40:00,0.47623,394.05,155.87
2024-07-04 16:50:00,0.39152,310.66,178.1
2024-07-04 17:00:00,0.598,310.66,178.1
2024-07-04 17:10:00,0.49082,205.54,110.66
2024-07-04 17:20:00,0.40956,205.54,110.66
2024-07-04 17:30:00,0.69498,188.83,102.28
2024-07-04 17:40:00,1.2022,188.83,102.28
2024-07-04 17:50:00,0.63974,265.05,113.84
2024-07-04 18:00:00,1.2857,216.54,98.535
2024-07-04 18:10:00,0.64424,216.54,98.535
2024-07-04 18:20:00,0.64879,213.75,133.42
2024-07-04 18:30:00,0.45765,213.75,133.42
2024-07-04 18:40:00,0.35355,134.79,224.44
2024-07-04 18:50:00,0.47788,134.79,224.44
2024-07-04 19:00:00,0.51044,131.84,101.82
2024-07-04 19:10:00,0.27681,131.84,101.82
2024-07-04 19:20:00,0.36276,121.26,91.001
2024-07-04 19:30:00,0.25559,121.26,91.001
2024-07-04 19:40:00,0.12464,121.26,91.001
2024-07-04 19:50:00,0.17471,91.924,102.42
2024-07-04 20:00:00,0.26718,91.924,102.42
2024-07-04 20:10:00,0.3035,81.149,45.047
2024-07-04 20:20:00,0.1651,81.149,45.047
2024-07-04 20:30:00,0.089571,111.42,62.696
2024-07-04 20:40:00,0.2148,111.42,62.696
2024-07-04 20:50:00,2.4169,90.719,85.067
2024-07-04 21:00:00,7.2863,76.729,39.706
2024-07-04 21:10:00,5.0364,76.729,39.706
2024-07-04 21:20:00,6.162,67.502,40.74
2024-07-04 21:30:00,6.8871,67.502,40.74
2024-07-04 21:40:00,2.3842,63.924,39.83
2024-07-04 21:50:00,1.889,63.924,39.83
2024-07-04 22:00:00,1.3929,84.689,22.247
2024-07-04 22:10:00,0.92351,84.689,22.247
2024-07-04 22:20:00,0.61868,50.764,34.475
2024-07-04 22:30:00,1.3632,50.764,34.475
2024-07-04 22:40:00,8.2421,50.764,34.475
2024-07-04 22:50:00,6.7495,64.998,23.615
2024-07-04 23:00:00,4.5849,64.998,23.615
2024-07-04 23:10:00,2.4357,52.561,21.373
2024-07-04 23:20:00,5.1407,52.561,21.373
2024-07-04 23:30:00,3.7357,63.054,29.951
2024-07-04 23:40:00,1.9467,63.054,29.951
2024-07-04 23:50:00,2.6414,110.3,33.615
2024-07-05 00:00:00,5.4637,73.611,35.302
2024-07-05 00:10:00,2.6174,73.611,35.302
2024-07-05 00:20:00,1.3038,88.81,39.833
2024-07-05 00:30:00,0.73496,88.81,39.833
2024-07-05 00:40:00,1.2237,77.261,23.972
2024-07-05 00:50:00,1.8087,77.261,23.972
2024-07-05 01:00:00,7.6435,105.46,44.182
2024-07-05 01:10:00,10.942,105.46,44.182
2024-07-05 01:20:00,3.7633,75.652,40.048
2024-07-05 01:30:00,3.2971,75.652,40.048
2024-07-05 01:40:00,6.2672,75.652,40.048
2024-07-05 01:50:00,2.6086,48.405,25.171
2024-07-05 02:00:00,1.7895,48.405,25.171
2024-07-05 02:10:00,0.85006,62.863,28.844
2024-07-05 02:20:00,0.31509,62.863,28.844
2024-07-05 02:30:00,0.3785,62.676,10.686
2024-07-05 02:40:00,0.90064,62.676,10.686
2024-07-05 02:50:00,0.45491,61.193,19.819
2024-07-05 03:00:00,0.78139,58.124,22.621
2024-07-05 03:10:00,0.27121,58.124,22.621
2024-07-05 03:20:00,0.21112,64.47,23.324
2024-07-05 03:30:00,0.25626,64.47,23.324
2024-07-05 03:40:00,0.50885,74.591,30.728
2024-07-05 03:50:00,0.6138,74.591,30.728
2024-07-05 04:00:00,0.50065,61.688,26.495
2024-07-05 04:10:00,0.16132,61.688,26.495
2024-07-05 04:20:00,0.49493,79.373,35.782
2024-07-05 04:30:00,5.1972,79.373,35.782
2024-07-05 04:40:00,5.0265,79.373,35.782
2024-07-05 04:50:00,8.3283,79.654,40.865
2024-07-05 05:00:00,6.791,79.654,40.865
2024-07-05 05:10:00,0.75579,66.478,29.299
2024-07-05 05:20:00,0.26987,66.478,29.299
2024-07-05 05:30:00,0.21599,63.9,35.432
2024-07-05 05:40:00,0.18375,63.9,35.432
2024-07-05 05:50:00,0.12565,60.705,41.779
2024-07-05 06:00:00,0.1207,61.513,42.993
2024-07-05 06:10:00,0.18103,61.513,42.993
2024-07-05 06:20:00,0.21037,83.108,52.181
2024-07-05 06:30:00,0.19481,83.108,52.181
2024-07-05 06:40:00,0.27049,71.21,57.784
2024-07-05 06:50:00,0.30906,71.21,57.784
2024-07-05 07:00:00,0.24894,63.607,62.222
2024-07-05 07:10:00,0.3475,63.607,62.222
2024-07-05 07:20:00,0.34798,65.794,45.017
2024-07-05 07:30:00,0.57922,65.794,45.017
2024-07-05 07:40:00,0.57991,65.794,45.017
2024-07-05 07:50:00,0.77344,65.605,40.283
2024-07-05 08:00:00,0.4382,65.605,40.283
2024-07-05 08:10:00,0.44404,52.825,34.58
2024-07-05 08:20:00,0.50955,52.825,34.58
2024-07-05 08:30:00,0.44556,52.295,31.093
2024-07-05 08:40:00,0.47463,52.295,31.093
2024-07-05 08:50:00,0.87531,66.692,49.987
2024-07-05 09:00:00,1.5043,75.837,41.224
2024-07-05 09:10:00,0.63952,75.837,41.224
2024-07-05 09:20:00,0.7157,78.863,35.781
2024-07-05 09:30:00,1.0025,78.863,35.781
2024-07-05 09:40:00,1.1043,65.131,40.434
2024-07-05 09:50:00,1.2921,65.131,40.434
2024-07-05 10:00:00,0.82471,73.662,41.923
2024-07-05 10:10:00,0.81108,73.662,41.923
2024-07-05 10:20:00,0.55722,60.713,44.359
2024-07-05 10:30:00,0.36943,60.713,44.359
2024-07-05 10:40:00,0.46476,60.713,44.359
2024-07-05 10:50:00,0.51026,57.558,26.071
2024-07-05 11:00:00,0.64949,57.558,26.071
2024-07-05 11:10:00,0.43399,58.267,36.888
2024-07-05 11:20:00,0.24618,58.267,36.888
2024-07-05 11:30:00,0.16365,67.148,37.403
2024-07-05 11:40:00,0.090957,67.148,37.403
2024-07-05 11:50:00,0.25506,56.727,25.286
2024-07-05 12:00:00,0.46708,50.356,29.054
2024-07-05 12:10:00,0.36202,50.356,29.054
2024-07-05 12:20:00,0.15148,53.957,48.317
2024-07-05 12:30:00,0.20203,53.957,48.317
2024-07-05 12:40:00,0.15507,59.961,45.441
2024-07-05 12:50:00,0.13441,59.961,45.441
2024-07-05 13:00:00,0.26963,51.992,37.19
2024-07-05 13:10:00,0.25339,51.992,37.19
2024-07-05 13:20:00,0.17379,56.831,31.243
2024-07-05 13:30:00,0.11779,56.831,31.243
2024-07-05 13:40:00,0.12533,56.831,31.243
2024-07-05 13:50:00,0.1538,47,38.238
2024-07-05 14:00:00,0.14244,47,38.238
2024-07-05 14:10:00,0.12517,51.816,29.912
2024-07-05 14:20:00,0.094164,51.816,29.912
2024-07-05 14:30:00,0.13245,74.25,63.251
2024-07-05 14:40:00,0.16489,74.25,63.251
2024-07-05 14:50:00,0.13897,50.997,59.491
2024-07-05 15:00:00,0.14375,57.617,36.517
2024-07-05 15:10:00,0.14013,57.617,36.517
2024-07-05 15:20:00,0.21592,66.681,29.94
2024-07-05 15:30:00,0.27624,66.681,29.94
2024-07-05 15:40:00,0.23602,59.635,22.825
2024-07-05 15:50:00,0.27455,59.635,22.825
2024-07-05 16:00:00,0.23565,68.209,27.039
2024-07-05 16:10:00,0.25899,68.209,27.039
2024-07-05 16:20:00,0.20486,60.059,39.21
2024-07-05 16:30:00,0.18015,60.059,39.21
2024-07-05 16:40:00,0.23611,60.059,39.21
2024-07-05 16:50:00,0.39481,63.179,38.376
2024-07-05 17:00:00,0.28147,63.179,38.376
2024-07-05 17:10:00,0.38191,70.673,40.486
2024-07-05 17:20:00,0.35942,70.673,40.486
2024-07-05 17:30:00,0.2858,65.185,34.633
2024-07-05 17:40:00,0.28588,65.185,34.633
2024-07-05 17:50:00,0.48906,64.49,23.903
2024-07-05 18:00:00,0.412,65.658,30.949
2024-07-05 18:10:00,0.54056,65.658,30.949
2024-07-05 18:20:00,1.2172,75.348,36.713
2024-07-05 18:30:00,4.6003,75.348,36.713
2024-07-05 18:40:00,4.566,71.03,30.266
2024-07-05 18:50:00,8.9909,71.03,30.266
2024-07-05 19:00:00,1.0319,84.466,41.647
2024-07-05 19:10:00,0.99761,84.466,41.647
2024-07-05 19:20:00,0.90981,76.964,64.894
2024-07-05 19:30:00,0.8336,76.964,64.894
2024-07-05 19:40:00,1.1504,76.964,64.894
2024-07-05 19:50:00,0.53579,65.832,39.919
2024-07-05 20:00:00,0.4201,65.832,39.919
2024-07-05 20:10:00,0.23687,85.58,44.647
2024-07-05 20:20:00,0.21578,85.58,44.647
2024-07-05 20:30:00,0.42121,79.57,46.177
2024-07-05 20:40:00,0.30002,79.57,46.177
2024-07-05 20:50:00,0.18335,67.159,43.078
2024-07-05 21:00:00,0.1298,72.451,45.227
2024-07-05 21:10:00,0.24239,72.451,45.227
2024-07-05 21:20:00,0.14586,83.563,54.501
2024-07-05 21:30:00,0.16491,83.563,54.501
2024-07-05 21:40:00,0.1489,78.976,50.112
2024-07-05 21:50:00,0.13569,78.976,50.112
2024-07-05 22:00:00,0.16636,93.007,49.228
2024-07-05 22:10:00,0.19662,93.007,49.228
2024-07-05 22:20:00,0.26474,82.57,45.421
2024-07-05 22:30:00,0.25845,82.57,45.421
2024-07-05 22:40:00,0.46865,82.57,45.421
2024-07-05 23:00:00,0.29239,111.4,46.389
2024-07-05 23:20:00,0.43862,136.18,60.718
2024-07-05 23:50:00,0.23568,121.57,71.71
2024-07-06 00:20:00,0.15165,103.46,71.569
2024-07-06 00:30:00,0.12962,103.46,71.569
2024-07-06 00:40:00,0.05905,113.15,69.128
2024-07-06 01:00:00,0.12369,108.32,71.93
2024-07-06 01:10:00,0.12628,108.32,71.93
2024-07-06 01:50:00,0.21592,112.03,58.447
2024-07-06 02:00:00,0.14401,112.03,58.447
2024-07-06 02:20:00,0.23536,104,62.78
2024-07-06 02:30:00,0.18223,117.32,58.598
2024-07-06 02:40:00,0.17454,117.32,58.598
2024-07-06 02:50:00,0.19398,96.925,65.738
2024-07-06 03:00:00,0.14407,293.17,69.042
2024-07-06 03:10:00,0.16994,293.17,69.042
2024-07-06 03:20:00,0.15637,99.978,62.389
2024-07-06 03:30:00,0.19515,99.978,62.389
2024-07-06 03:40:00,0.14666,103.82,65.606
2024-07-06 03:50:00,0.10357,103.82,65.606
2024-07-06 04:00:00,0.12457,104.59,52.065
2024-07-06 04:10:00,0.29148,104.59,52.065
2024-07-06 04:20:00,0.19779,83.816,47.978
2024-07-06 04:30:00,0.13713,83.816,47.978
2024-07-06 04:40:00,0.15497,83.816,47.978
2024-07-06 04:50:00,0.12537,84.589,52.671
2024-07-06 05:00:00,0.12759,84.589,52.671
2024-07-06 05:10:00,0.13517,77.914,55.527
2024-07-06 05:20:00,0.10758,77.914,55.527
2024-07-06 05:30:00,0.10431,82.741,56.224
2024-07-06 06:00:00,0.13868,85.269,55.151
2024-07-06 07:00:00,0.22881,66.896,56.603
2024-07-06 07:10:00,0.20792,66.896,56.603
2024-07-06 13:00:00,0.11954,90.304,59.076
2024-07-06 13:20:00,0.15202,88.989,49.076
2024-07-06 13:40:00,0.12264,88.989,49.076
2024-07-06 14:30:00,0.11144,96.831,71.172
2024-07-06 14:40:00,0.12766,96.831,71.172
2024-07-06 14:50:00,0.11461,90.317,58.18
2024-07-06 15:00:00,0.094869,89.13,54.623
2024-07-06 15:10:00,0.12233,89.13,54.623
2024-07-06 15:20:00,0.12565,79.869,60.28
2024-07-06 15:30:00,0.11224,79.869,60.28
2024-07-06 16:50:00,0.10384,64.919,34.891
2024-07-06 17:00:00,0.12746,64.919,34.891
2024-07-06 17:20:00,0.15877,82.564,58.34
2024-07-06 17:30:00,0.13443,86.266,67.864
2024-07-06 18:00:00,0.23337,92.527,59.339
2024-07-06 18:10:00,0.18292,92.527,59.339
2024-07-06 18:20:00,0.19678,91.468,51.444
2024-07-07 15:40:00,207.28,28.529,129.27
2024-07-07 15:50:00,9.6064,28.529,129.27
2024-07-07 16:00:00,190.27,467.15,28.892
2024-07-07 16:10:00,277.07,467.15,28.892
2024-07-07 16:20:00,6.6905,174.29,-25.623
2024-07-07 16:40:00,201.83,174.29,-25.623
2024-07-07 16:50:00,4.1597,35.259,-20.067
2024-07-07 17:00:00,6.3514,35.259,-20.067
2024-07-07 17:20:00,26.556,16.905,4.5632
2024-07-07 17:30:00,1.5274,19.637,-4.9413
2024-07-07 17:40:00,1.5649,19.637,-4.9413
2024-07-07 17:50:00,12.277,14.196,5.1587
2024-07-07 18:00:00,10.268,33.31,37.834
2024-07-07 18:10:00,1.735,33.31,37.834
2024-07-07 18:20:00,2.2678,,
2024-07-07 18:30:00,7.3762,,
2024-07-07 18:40:00,4.5662,54.411,28.911
2024-07-07 18:50:00,0.72975,54.411,28.911
2024-07-07 19:00:00,0.72264,-9.2573,-15.298
2024-07-07 19:10:00,0.39942,-9.2573,-15.298
2024-07-07 19:20:00,0.21546,-14.475,32.351
2024-07-07 19:30:00,0.17114,-14.475,32.351
2024-07-07 19:40:00,0.35803,-14.475,32.351
2024-07-07 19:50:00,0.16962,-3.4273,
2024-07-07 20:00:00,0.3415,-3.4273,
2024-07-07 20:10:00,0.25904,-2.3385,
2024-07-07 20:20:00,0.1344,-2.3385,
2024-07-07 20:30:00,0.11485,-2.8006,-4.4994
2024-07-07 20:40:00,0.31316,-2.8006,-4.4994
2024-07-07 20:50:00,0.45995,-7.3425,
2024-07-08 11:40:00,1.5193,-252.64,-18.2
2024-07-08 12:10:00,0.18483,-2.2798,-45.531
2024-07-08 12:40:00,0.44381,-45.494,0.24671
2024-07-08 12:50:00,0.43516,-45.494,0.24671
2024-07-08 13:00:00,0.3261,-26.154,7.2028
2024-07-08 13:20:00,0.59278,-4.5609,18.845
2024-07-08 13:30:00,1.0861,-4.5609,18.845
2024-07-08 13:50:00,1.8651,-4.8693,3.7924
2024-07-08 14:00:00,0.98734,-4.8693,3.7924
2024-07-08 14:10:00,1.6868,-23.825,-23.57
2024-07-08 14:20:00,0.49604,-23.825,-23.57
2024-07-08 14:30:00,0.14364,-4.7987,68.409
2024-07-08 14:40:00,-0.11374,-4.7987,68.409
2024-07-08 14:50:00,0.9638,-24.724,-46.244
2024-07-08 15:00:00,2.5525,-50.971,-35.646
2024-07-08 15:10:00,0.21517,-50.971,-35.646
2024-07-08 15:20:00,-2.7157,-5.5475,13.812
2024-07-08 15:30:00,-1.4599,-5.5475,13.812
2024-07-08 15:40:00,10.737,-7.9492,-1.6008
2024-07-08 15:50:00,4.1971,-7.9492,-1.6008
2024-07-08 16:00:00,24.097,-66.725,-22.585
2024-07-08 16:10:00,13.37,-66.725,-22.585
2024-07-08 16:20:00,35.829,464.63,186.41
2024-07-08 16:30:00,4.2477,464.63,186.41
2024-07-08 16:40:00,5.0295,464.63,186.41
2024-07-08 16:50:00,11.859,-40.702,2.2196
2024-07-08 17:00:00,12.277,-40.702,2.2196
2024-07-08 17:10:00,12.303,-122.28,19.417
2024-07-08 17:20:00,21.278,-122.28,19.417
2024-07-08 17:30:00,10.241,83.044,-26.763
2024-07-08 17:40:00,171.88,83.044,-26.763
2024-07-08 17:50:00,6.9025,-10.836,12.793
2024-07-08 18:00:00,1.5094,-23.045,
2024-07-08 18:10:00,1.1041,-23.045,
2024-07-08 18:20:00,1.1789,-14.906,-41.306
2024-07-08 18:30:00,2.8044,-14.906,-41.306
2024-07-08 18:40:00,1.9363,-22.216,-187.16
2024-07-08 18:50:00,1.7724,-22.216,-187.16
2024-07-08 19:00:00,3.9327,-10.445,-12.746
2024-07-08 19:10:00,2.4506,-10.445,-12.746
2024-07-08 19:20:00,2.3448,-79.436,129.29
2024-07-08 19:30:00,4.6683,-79.436,129.29
2024-07-08 19:40:00,25.128,-79.436,129.29
2024-07-08 19:50:00,10.307,-730.7,-31.945
2024-07-08 20:20:00,19.292,88.047,205.75
2024-07-09 13:00:00,-1.5602,35.786,55.825
2024-07-09 13:10:00,9.7873,35.786,55.825
2024-07-09 13:20:00,16.476,60.804,188.44
2024-07-09 13:30:00,3.2283,60.804,188.44
2024-07-09 13:40:00,5.1004,60.804,188.44
2024-07-09 13:50:00,3.4138,597.61,130.41
2024-07-09 15:40:00,2.5891,,-4.7819
2024-07-09 15:50:00,2.0142,,-4.7819
2024-07-09 16:00:00,9.1779,-606.94,-78.202
2024-07-09 16:10:00,0.70983,-606.94,-78.202
2024-07-09 16:20:00,0.26971,,81.989
2024-07-09 16:30:00,-0.23157,,81.989
2024-07-09 16:40:00,0.20582,,81.989
2024-07-09 16:50:00,1.0669,-31.82,-24.391
2024-07-09 17:00:00,1.5585,-31.82,-24.391
2024-07-09 17:10:00,-0.35315,-37.27,3.2918
2024-07-09 17:20:00,0.40727,-37.27,3.2918
2024-07-09 17:30:00,7.0653,-67.798,29.958
2024-07-09 17:40:00,1.437,-67.798,29.958
2024-07-09 17:50:00,5.5782,-272.94,7.1055
2024-07-09 18:00:00,12.544,-81.619,-23.264
2024-07-09 18:10:00,3.9414,-81.619,-23.264
2024-07-09 18:20:00,2.667,-48.455,291.91
2024-07-09 18:30:00,5.3042,-48.455,291.91
2024-07-09 18:40:00,3.6186,,233.83
2024-07-09 18:50:00,1.9972,,233.83
2024-07-09 19:00:00,1.4396,90.068,28.721
2024-07-09 19:10:00,1.5551,90.068,28.721
2024-07-09 19:20:00,2.6376,,
2024-07-09 19:30:00,5.0384,,
2024-07-09 19:40:00,2.0798,,
2024-07-09 19:50:00,1.3048,-371.98,85.162
2024-07-09 20:00:00,-2.7589,-371.98,85.162
2024-07-09 20:10:00,-0.9165,154.74,-36.856
2024-07-09 20:20:00,-4.5121,154.74,-36.856
2024-07-09 20:30:00,-0.38048,106.61,82.655
2024-07-09 20:40:00,0.76841,106.61,82.655
2024-07-09 20:50:00,-3.9804,88.5,68.652
2024-07-09 21:20:00,-4.0275,126.5,43.407
2024-07-10 13:10:00,0.32484,65.365,28.452
2024-07-10 13:20:00,0.36474,87.087,42.723
2024-07-10 13:30:00,0.37828,87.087,42.723
2024-07-10 13:40:00,0.40233,87.087,42.723
2024-07-10 13:50:00,0.3807,81.118,49.781
2024-07-10 14:00:00,0.37301,81.118,49.781
2024-07-10 14:10:00,0.31966,81.148,46.485
2024-07-10 14:20:00,0.35322,81.148,46.485
2024-07-10 14:30:00,0.26883,68.507,44.555
2024-07-10 14:40:00,0.3146,68.507,44.555
2024-07-10 14:50:00,0.30124,78.364,48.339
2024-07-10 15:00:00,0.22812,79.643,61.938
2024-07-10 15:10:00,0.19792,79.643,61.938
2024-07-10 15:20:00,0.24419,99.877,64.671
2024-07-10 15:30:00,0.19295,99.877,64.671
2024-07-10 15:40:00,0.21386,109.06,57.605
2024-07-10 15:50:00,0.20527,109.06,57.605
2024-07-10 16:00:00,0.43796,108.82,57.292
2024-07-10 16:10:00,0.22673,108.82,57.292
2024-07-10 16:20:00,0.20545,100.19,65.951
2024-07-10 16:30:00,0.17343,100.19,65.951
2024-07-10 16:40:00,0.20194,100.19,65.951
2024-07-10 16:50:00,0.20324,119.47,46.947
2024-07-10 17:00:00,0.29536,119.47,46.947
2024-07-10 17:10:00,0.2769,112.82,56.56
2024-07-10 17:20:00,0.235,112.82,56.56
2024-07-10 17:30:00,0.23371,95.39,84.663
2024-07-10 17:40:00,0.18173,95.39,84.663
2024-07-10 17:50:00,0.14444,117.02,66.162
2024-07-10 18:00:00,0.20864,112.72,58.237
2024-07-10 18:10:00,0.13183,112.72,58.237
2024-07-10 18:20:00,0.20329,98.083,55.592
2024-07-10 18:30:00,0.16755,98.083,55.592
2024-07-10 18:40:00,0.22175,98.257,67.455
2024-07-10 18:50:00,0.16608,98.257,67.455
2024-07-10 19:00:00,0.21343,124.07,51.369
2024-07-10 19:10:00,0.2208,124.07,51.369
2024-07-10 19:20:00,0.20806,108.89,56.921
2024-07-10 19:30:00,0.12656,108.89,56.921
2024-07-10 19:40:00,0.20897,108.89,56.921
2024-07-10 19:50:00,0.18848,131.11,63.542
2024-07-10 20:00:00,0.21247,131.11,63.542
2024-07-10 20:10:00,0.17439,111.69,63.351
2024-07-10 20:20:00,0.17032,111.69,63.351
2024-07-10 20:30:00,0.16972,119.22,74.233
2024-07-10 20:40:00,0.17889,119.22,74.233
2024-07-10 20:50:00,0.2071,113.35,48.246
2024-07-10 21:00:00,0.13547,140.82,67.507
2024-07-10 21:10:00,0.17635,140.82,67.507
2024-07-12 08:10:00,1.7188,23.385,10.533
2024-07-12 08:20:00,1.7205,23.385,10.533
2024-07-12 09:50:00,2.7955,23.917,21.07
2024-07-12 11:20:00,-0.12923,-920.79,93.57
2024-07-12 11:30:00,-0.046452,160.1,103.53
2024-07-12 11:40:00,-0.08058,160.1,103.53
2024-07-12 11:50:00,0.082574,62.883,-311.71
2024-07-12 12:00:00,0.17299,224.23,161.92
2024-07-12 12:10:00,0.12558,224.23,161.92
2024-07-12 12:20:00,0.093291,80.486,27.301
2024-07-12 12:30:00,0.093829,80.486,27.301
2024-07-12 12:40:00,0.13722,41.375,118.36
2024-07-12 12:50:00,-0.11004,41.375,118.36
2024-07-12 13:00:00,0.11212,48.092,26.024
2024-07-12 13:10:00,0.13922,48.092,26.024
2024-07-12 13:20:00,0.18962,60.553,27.611
2024-07-12 13:30:00,0.14011,60.553,27.611
2024-07-12 13:40:00,0.23421,60.553,27.611
2024-07-12 13:50:00,0.17884,62.914,36.707
2024-07-12 14:00:00,0.19532,62.914,36.707
2024-07-12 14:10:00,0.17525,56.49,22.363
2024-07-12 14:20:00,0.13137,56.49,22.363
2024-07-12 14:30:00,0.14736,63.566,29.107
2024-07-12 14:40:00,0.31974,63.566,29.107
2024-07-12 14:50:00,0.37562,80.194,36.549
2024-07-12 15:00:00,0.52285,69.277,32.545
2024-07-12 15:10:00,0.030904,69.277,32.545
2024-07-12 15:20:00,0.92509,55.858,29.581
2024-07-12 15:30:00,0.38534,55.858,29.581
2024-07-12 15:40:00,0.30472,60.187,35.021
2024-07-12 15:50:00,0.27491,60.187,35.021
2024-07-12 16:00:00,0.1708,67.628,39.203
2024-07-12 16:10:00,0.1638,67.628,39.203
2024-07-12 16:20:00,0.22479,64.833,32.185
2024-07-12 16:30:00,0.21089,64.833,32.185
2024-07-12 16:40:00,0.11873,64.833,32.185
2024-07-12 16:50:00,0.20177,59.934,28.838
2024-07-12 17:00:00,0.26556,59.934,28.838
2024-07-12 17:10:00,0.22525,57.705,36.461
2024-07-12 17:20:00,0.19312,57.705,36.461
2024-07-12 17:30:00,0.16202,58.369,31.488
2024-07-12 17:40:00,0.16923,58.369,31.488
2024-07-12 17:50:00,0.13928,58.253,34.503
2024-07-12 18:00:00,0.15366,53.249,28.601
2024-07-12 18:10:00,0.14523,53.249,28.601
2024-07-12 18:20:00,0.15253,51.131,29.808
2024-07-12 18:30:00,0.17078,51.131,29.808
2024-07-12 18:40:00,0.18789,48.82,29.514
2024-07-12 18:50:00,0.19425,48.82,29.514
2024-07-12 19:00:00,0.16635,35.039,27.691
2024-07-12 19:10:00,0.17015,35.039,27.691
2024-07-12 19:20:00,0.16085,63.176,38.02
2024-07-12 19:30:00,0.27497,63.176,38.02
2024-07-12 19:40:00,0.35545,63.176,38.02
2024-07-12 19:50:00,0.31961,54.164,32.832
2024-07-12 20:00:00,0.21004,54.164,32.832
2024-07-12 20:10:00,0.17475,47.858,31.716
2024-07-12 20:20:00,0.15388,47.858,31.716
2024-07-12 20:30:00,0.13531,61.733,33.006
2024-07-12 20:40:00,0.17718,61.733,33.006
2024-07-12 20:50:00,0.2399,69.255,28.416
2024-07-12 21:00:00,0.22764,64.081,29.218
2024-07-12 21:10:00,0.19211,64.081,29.218
2024-07-12 21:20:00,0.1015,55.32,29.833
2024-07-12 21:30:00,0.065896,55.32,29.833
2024-07-12 21:40:00,-0.28848,55.172,29.029
2024-07-12 21:50:00,0.14585,55.172,29.029
2024-07-12 22:00:00,-0.24732,49.814,29.329
2024-07-12 22:10:00,-0.045331,49.814,29.329
2024-07-12 22:20:00,-0.27358,51.847,25.935
2024-07-12 22:40:00,0.059486,51.847,25.935
2024-07-12 22:50:00,0.14633,49.33,27.155
2024-07-12 23:00:00,-0.021291,49.33,27.155
2024-07-12 23:10:00,0.13449,57.266,30.412
2024-07-12 23:20:00,0.16291,57.266,30.412
2024-07-12 23:30:00,0.1681,50.725,30.586
2024-07-12 23:40:00,0.18616,50.725,30.586
2024-07-12 23:50:00,0.26578,60.999,23.596
2024-07-13 00:00:00,0.34069,52.859,37.857
2024-07-13 00:10:00,0.33506,52.859,37.857
2024-07-13 00:20:00,0.19913,45.673,24.294
2024-07-13 00:30:00,0.1551,45.673,24.294
2024-07-13 00:40:00,0.16888,45.693,32.603
2024-07-13 00:50:00,0.20648,45.693,32.603
2024-07-13 01:00:00,0.33177,67.97,41.639
2024-07-13 01:10:00,0.2352,67.97,41.639
2024-07-13 01:20:00,0.17712,52.672,38.658
2024-07-13 01:30:00,0.33587,52.672,38.658
2024-07-13 01:40:00,0.32632,52.672,38.658
2024-07-13 01:50:00,0.14079,55.472,30.186
2024-07-13 02:00:00,0.27646,55.472,30.186
2024-07-13 02:10:00,0.26674,42.005,25.103
2024-07-13 02:20:00,0.2224,42.005,25.103
2024-07-13 02:30:00,0.18437,44.795,21.455
2024-07-13 02:40:00,0.18879,44.795,21.455
2024-07-13 02:50:00,0.18802,37.087,27.677
2024-07-13 03:00:00,0.17695,48.667,37.881
2024-07-13 03:10:00,0.24555,48.667,37.881
2024-07-13 03:20:00,0.21914,45.384,27.972
2024-07-13 03:30:00,0.18564,45.384,27.972
2024-07-13 03:40:00,0.16772,58.797,34.941
2024-07-13 03:50:00,0.15759,58.797,34.941
2024-07-13 04:00:00,0.20185,54.537,35.455
2024-07-13 04:10:00,0.19955,54.537,35.455
2024-07-13 04:20:00,0.14325,51.964,27.217
2024-07-13 04:30:00,0.18112,51.964,27.217
2024-07-13 04:40:00,0.1611,51.964,27.217
2024-07-13 04:50:00,0.10264,35.832,29.216
2024-07-13 05:00:00,0.16651,35.832,29.216
2024-07-13 05:10:00,0.10734,36.377,31.232
2024-07-13 05:20:00,0.083022,36.377,31.232
2024-07-13 05:30:00,0.10786,42.098,30.424
2024-07-13 05:40:00,0.11919,42.098,30.424
2024-07-13 05:50:00,0.1528,47.818,49.673
2024-07-13 06:00:00,0.18686,50.623,46.569
2024-07-13 06:10:00,0.14072,50.623,46.569
2024-07-13 06:20:00,0.15152,55.244,40.261
2024-07-13 06:30:00,0.17358,55.244,40.261
2024-07-13 06:40:00,0.084191,44.982,30.371
2024-07-13 06:50:00,-0.24542,44.982,30.371
2024-07-13 07:00:00,0.024994,62.459,26.013
2024-07-13 07:10:00,0.019874,62.459,26.013
2024-07-13 07:20:00,0.017529,50.611,24.269
2024-07-13 07:30:00,-0.064838,50.611,24.269
2024-07-13 07:40:00,0.045013,50.611,24.269
2024-07-13 07:50:00,-0.017241,39.188,38.573
2024-07-13 08:00:00,0.0080016,39.188,38.573
2024-07-13 08:10:00,0.062818,38.434,51.522
2024-07-13 08:20:00,0.11836,38.434,51.522
2024-07-13 08:30:00,0.18741,47.821,20.043
2024-07-13 08:40:00,0.11244,47.821,20.043
2024-07-13 08:50:00,0.15457,49.748,24.982
2024-07-13 09:00:00,0.14503,48.068,30.56
2024-07-13 09:10:00,0.2044,48.068,30.56
2024-07-13 09:20:00,0.21408,42.233,23.939
2024-07-13 09:30:00,0.18263,42.233,23.939
2024-07-13 09:40:00,0.25326,43.516,26.47
2024-07-13 09:50:00,0.35511,43.516,26.47
2024-07-13 10:00:00,0.11655,41.835,20.475
2024-07-13 10:10:00,0.085315,41.835,20.475
2024-07-13 10:20:00,0.040918,33.901,87.715
2024-07-13 10:30:00,0.19718,33.901,87.715
2024-07-13 10:40:00,0.13179,33.901,87.715
2024-07-13 10:50:00,0.1173,22.826,9.5617
2024-07-13 11:00:00,0.043374,22.826,9.5617
2024-07-13 11:10:00,-0.016904,26.134,18.761
2024-07-13 11:20:00,0.12699,26.134,18.761
2024-07-13 11:30:00,0.051148,29.482,19.211
2024-07-13 11:40:00,0.035441,29.482,19.211
2024-07-13 11:50:00,0.064431,33.479,13.128
2024-07-13 12:00:00,0.046694,46.563,39.627
2024-07-13 12:10:00,0.043639,46.563,39.627
2024-07-13 12:20:00,0.038408,48.044,23.967
2024-07-13 12:30:00,0.019109,48.044,23.967
2024-07-13 12:40:00,7.1647e-05,43.27,20.018
2024-07-13 12:50:00,-0.0066713,43.27,20.018
2024-07-13 13:00:00,0.08982,34.421,12.806
2024-07-13 13:10:00,0.069761,34.421,12.806
2024-07-13 13:20:00,0.081887,39.117,18.452
2024-07-13 13:30:00,-0.017288,39.117,18.452
2024-07-13 13:40:00,-0.20024,39.117,18.452
2024-07-13 13:50:00,0.05335,43.572,37.208
2024-07-13 14:00:00,0.51702,43.572,37.208
2024-07-13 14:10:00,0.55563,44.796,12.162
2024-07-13 14:20:00,0.39059,44.796,12.162
2024-07-13 14:30:00,0.45825,51.181,21.955
2024-07-13 14:40:00,-0.11277,51.181,21.955
2024-07-13 14:50:00,0.053409,53.053,30.707
2024-07-13 15:00:00,0.27021,41.91,32.43
2024-07-13 15:10:00,0.40092,41.91,32.43
2024-07-13 15:20:00,0.52545,40.228,23.973
2024-07-13 15:30:00,0.47714,40.228,23.973
2024-07-13 15:40:00,0.48189,40.916,25.733
2024-07-13 15:50:00,0.29859,40.916,25.733
2024-07-13 16:00:00,0.60532,35.829,21.901
2024-07-13 16:10:00,0.52639,35.829,21.901
2024-07-13 20:50:00,0.3353,133.41,34.873
2024-07-13 21:00:00,0.38166,119.33,158.04
2024-07-13 21:10:00,-0.44918,119.33,158.04
2024-07-13 21:20:00,-0.80905,130.62,152.03
2024-07-13 21:30:00,-2.5264,130.62,152.03
2024-07-13 21:40:00,-1.8967,275.75,39.298
2024-07-13 21:50:00,-1.457,275.75,39.298
2024-07-13 22:00:00,0.22768,84.625,39.367
2024-07-13 22:10:00,0.29783,84.625,39.367
2024-07-13 22:20:00,0.23678,75.56,55.924
2024-07-13 22:30:00,0.096354,75.56,55.924
2024-07-13 22:40:00,0.10744,75.56,55.924
2024-07-13 22:50:00,0.46292,67.295,27.023
2024-07-13 23:00:00,0.34873,67.295,27.023
2024-07-13 23:10:00,0.25542,56.617,34.585
2024-07-13 23:30:00,0.66861,46.558,13.921
2024-07-13 23:40:00,0.26604,46.558,13.921
2024-07-13 23:50:00,0.2648,48.544,13.718
2024-07-14 00:00:00,-0.058719,98.819,21.889
2024-07-14 00:10:00,1.0171,98.819,21.889
2024-07-14 00:20:00,0.46874,43.055,95.227
2024-07-14 00:30:00,0.45611,43.055,95.227
2024-07-14 00:40:00,0.41206,41.954,69.493
2024-07-14 00:50:00,0.4161,41.954,69.493
2024-07-14 01:00:00,0.22085,27.585,7.1646
2024-07-14 01:10:00,0.1616,27.585,7.1646
2024-07-14 01:20:00,0.54384,34.761,29.726
2024-07-14 01:30:00,0.24719,34.761,29.726
2024-07-14 01:40:00,-0.36341,34.761,29.726
2024-07-14 02:40:00,0.097331,28.096,25.298
2024-07-14 02:50:00,0.11737,46.953,33.222
2024-07-14 03:00:00,-1.3498,128.82,33.78
2024-07-14 03:10:00,-1.0883,128.82,33.78
2024-07-14 03:30:00,-0.82517,20.982,16.784
2024-07-14 03:40:00,-0.28497,1.0681,95.865
2024-07-14 03:50:00,-11.314,1.0681,95.865
2024-07-14 04:00:00,-7.2129,140.42,115.75
2024-07-14 04:10:00,-3.5438,140.42,115.75
2024-07-14 04:20:00,-2.6936,75.649,38.579
2024-07-14 04:30:00,-0.45621,75.649,38.579
2024-07-14 04:40:00,-6.7762,75.649,38.579
2024-07-14 04:50:00,-0.55601,66.027,255.3
2024-07-14 05:00:00,-0.11187,66.027,255.3
2024-07-14 05:10:00,0.0017844,81.217,31.525
2024-07-14 05:20:00,1.8031,81.217,31.525
2024-07-14 05:30:00,3.4145,98.902,45.15
2024-07-14 05:40:00,2.4836,98.902,45.15
2024-07-14 05:50:00,5.034,-2068.2,1084.7
2024-07-14 06:00:00,9.9297,3477.3,-47.72
2024-07-14 06:10:00,0.17225,3477.3,-47.72
2024-07-14 06:20:00,0.090023,,-1047.7
2024-07-14 06:30:00,-14.892,,-1047.7
2024-07-14 06:40:00,-4.6099,-3415.3,785.88
2024-07-14 06:50:00,1.8497,-3415.3,785.88
2024-07-14 07:00:00,9.2731,-537.74,-1890.4
2024-07-14 07:10:00,45.035,-537.74,-1890.4
2024-07-14 07:20:00,11.537,501.83,-236.97
2024-07-14 07:30:00,-44.416,501.83,-236.97
2024-07-14 07:40:00,0.099636,501.83,-236.97
2024-07-14 07:50:00,36.628,-1910,-575.24
2024-07-14 08:00:00,4.1694,-1910,-575.24
2024-07-14 08:10:00,7.3615,-453.38,-803.53
2024-07-14 08:20:00,20.101,-453.38,-803.53
2024-07-14 08:30:00,2.0702,-188.91,-180.42
2024-07-14 09:10:00,0.73219,-301.65,273.27
2024-07-14 09:20:00,0.56645,-167.6,-132.21
2024-07-14 09:30:00,0.86789,-167.6,-132.21
2024-07-14 09:40:00,0.18368,-119.9,-104.92
2024-07-14 10:40:00,0.22055,-222.85,84.481
2024-07-14 10:50:00,0.38456,-468.46,
2024-07-14 11:00:00,0.75459,-468.46,
2024-07-14 11:10:00,0.51585,-322.61,779.4
2024-07-14 13:20:00,0.20005,-18.034,-57.642
2024-07-14 13:40:00,0.14109,-18.034,-57.642
2024-07-14 17:10:00,268.64,-6.3025,-1.6302
2024-07-14 17:20:00,19.831,-6.3025,-1.6302
2024-07-14 17:30:00,1.2057,-4.2397,-19.544
2024-07-14 17:40:00,1.7657,-4.2397,-19.544
2024-07-14 17:50:00,7.5946,-4.7351,-9.643
2024-07-14 18:00:00,5.1352,-70.026,54.765
2024-07-14 18:10:00,1.7772,-70.026,54.765
2024-07-14 18:20:00,1.4701,-13.31,985.68
2024-07-14 18:30:00,0.6155,-13.31,985.68
2024-07-14 18:40:00,0.82807,-14.5,-12.116
2024-07-14 18:50:00,0.74839,-14.5,-12.116
2024-07-14 19:00:00,0.77189,-23.097,-16.906
2024-07-14 19:10:00,0.263,-23.097,-16.906
2024-07-14 19:20:00,0.27005,-33.856,33.029
2024-07-14 19:30:00,0.29649,-33.856,33.029
2024-07-14 19:40:00,0.19446,-33.856,33.029
2024-07-14 19:50:00,0.16276,-49.593,-4.897
2024-07-14 20:00:00,0.17098,-49.593,-4.897
2024-07-14 20:10:00,0.28732,-110.34,-39.891
2024-07-14 20:20:00,0.21168,-110.34,-39.891
2024-07-14 20:30:00,0.27374,-174.9,-169.22
2024-07-14 20:40:00,0.41567,-174.9,-169.22
2024-07-14 20:50:00,0.29099,-531.17,615.33
2024-07-14 21:00:00,0.36643,1585,159.82
2024-07-14 21:10:00,0.31887,1585,159.82
2024-07-14 21:20:00,0.20455,1921.9,120.86
2024-07-14 21:30:00,0.23643,1921.9,120.86
2024-07-14 21:40:00,0.22006,486.03,105.76
2024-07-14 21:50:00,0.226,486.03,105.76
2024-07-14 22:00:00,0.32174,279.59,79.879
2024-07-14 22:10:00,0.32336,279.59,79.879
2024-07-14 22:20:00,0.36874,269.03,76.343
2024-07-14 22:30:00,0.46192,269.03,76.343
2024-07-14 22:40:00,0.34474,269.03,76.343
2024-07-14 22:50:00,0.45869,213.94,52.651
2024-07-14 23:00:00,0.41843,213.94,52.651
2024-07-14 23:10:00,1.5126,103.12,56.043
2024-07-14 23:20:00,1.5164,103.12,56.043
2024-07-14 23:30:00,0.78238,84.474,37.554
2024-07-14 23:40:00,1.5472,84.474,37.554
2024-07-14 23:50:00,1.3287,69.44,16.484
2024-07-15 00:00:00,0.43315,64.32,28.328
2024-07-15 00:10:00,0.32381,64.32,28.328
2024-07-15 00:20:00,0.47654,92.094,188.64
2024-07-15 00:30:00,0.83315,92.094,188.64
2024-07-15 00:40:00,0.50059,175.73,97.642
2024-07-15 00:50:00,0.59677,175.73,97.642
2024-07-15 01:00:00,0.62502,158.2,124.16
2024-07-15 01:10:00,0.38812,158.2,124.16
2024-07-15 03:00:00,0.26461,112.13,133.5
2024-07-15 03:10:00,0.71895,112.13,133.5
2024-07-15 12:20:00,0.17983,138.01,67.733
2024-07-15 12:30:00,0.2849,138.01,67.733
2024-07-15 12:40:00,0.36648,133.48,39.928
2024-07-15 12:50:00,0.34081,133.48,39.928
2024-07-15 13:00:00,0.26722,130.6,71.136
2024-07-15 13:10:00,0.29909,130.6,71.136
2024-07-15 13:20:00,0.23548,101.51,73.088
2024-07-15 13:30:00,0.3683,101.51,73.088
2024-07-15 13:40:00,0.40875,101.51,73.088
2024-07-15 13:50:00,0.34214,100.66,78.25
2024-07-15 14:00:00,0.12738,100.66,78.25
2024-07-15 14:10:00,0.18165,100.49,56.532
2024-07-15 14:20:00,0.16984,100.49,56.532
2024-07-15 14:30:00,0.18811,82.987,61.018
2024-07-15 14:40:00,0.3551,82.987,61.018
2024-07-15 14:50:00,1.177,78.38,15.693
2024-07-15 15:00:00,5.901,78.804,41.058
2024-07-15 15:10:00,19.288,78.804,41.058
2024-07-15 15:20:00,3.0581,68.985,26.917
2024-07-15 15:30:00,1.3894,68.985,26.917
2024-07-15 15:40:00,1.0869,70.371,26.776
2024-07-15 15:50:00,0.576,70.371,26.776
2024-07-15 16:00:00,1.4844,135.62,48.87
2024-07-15 16:10:00,1.1488,135.62,48.87
2024-07-15 16:20:00,1.3651,129.41,60.783
2024-07-15 16:30:00,1.1343,129.41,60.783
2024-07-15 16:40:00,0.54387,129.41,60.783
2024-07-15 16:50:00,0.25143,92.597,50.46
2024-07-15 17:00:00,0.31849,92.597,50.46
2024-07-15 17:10:00,0.24294,67.621,31.335
2024-07-15 17:20:00,0.34825,67.621,31.335
2024-07-15 17:30:00,0.39328,63.97,31.809
2024-07-15 17:40:00,0.42426,63.97,31.809
2024-07-15 17:50:00,0.35156,91.843,41.499
2024-07-15 18:00:00,0.69422,71.466,53.322
2024-07-15 18:10:00,0.77609,71.466,53.322
2024-07-15 18:20:00,12.91,65.432,38.921
2024-07-15 18:30:00,0.87152,65.432,38.921
2024-07-15 18:40:00,1.1478,65.125,66.258
2024-07-15 18:50:00,0.26693,65.125,66.258
2024-07-15 19:00:00,0.22602,90.317,83.892
2024-07-15 19:10:00,0.21851,90.317,83.892
2024-07-15 19:20:00,0.30878,79.433,40.125
2024-07-15 19:30:00,0.38944,79.433,40.125
2024-07-15 19:40:00,0.35893,79.433,40.125
2024-07-15 19:50:00,0.22567,57.531,39.215
2024-07-15 20:00:00,0.2045,57.531,39.215
2024-07-15 20:10:00,0.20067,42.438,25.177
2024-07-15 20:20:00,0.18489,42.438,25.177
2024-07-15 20:30:00,0.21532,49.384,53.752
2024-07-15 20:40:00,0.16152,49.384,53.752
2024-07-15 20:50:00,0.21386,51.683,38.294
2024-07-15 21:00:00,0.33505,64.275,29.621
2024-07-15 21:10:00,0.32454,64.275,29.621
2024-07-15 21:20:00,0.51077,69.395,36.95
2024-07-15 21:30:00,0.42271,69.395,36.95
2024-07-15 21:40:00,0.35397,69.382,36.794
2024-07-15 21:50:00,0.32421,69.382,36.794
2024-07-15 22:00:00,0.41376,64.33,41.772
2024-07-15 22:10:00,0.36952,64.33,41.772
2024-07-15 22:20:00,0.41769,65.781,40.385
2024-07-15 22:30:00,0.32368,65.781,40.385
2024-07-15 22:40:00,0.26914,65.781,40.385
2024-07-15 22:50:00,0.36468,77.805,55.077
2024-07-15 23:00:00,0.30076,77.805,55.077
2024-07-15 23:10:00,0.24018,90.989,60.318
2024-07-15 23:20:00,0.22472,90.989,60.318
2024-07-15 23:30:00,0.28875,102.67,60.09
2024-07-15 23:40:00,0.37958,102.67,60.09
2024-07-15 23:50:00,0.30125,102.86,62.365
2024-07-16 00:00:00,0.28747,77.988,40.004
2024-07-16 00:10:00,0.37332,77.988,40.004
2024-07-16 00:20:00,0.31034,86.806,44.035
2024-07-16 00:30:00,0.32527,86.806,44.035
2024-07-16 00:40:00,0.27848,78.33,58.421
2024-07-16 00:50:00,0.30558,78.33,58.421
2024-07-16 01:00:00,0.037178,72.006,123.97
2024-07-16 01:10:00,0.033533,72.006,123.97
2024-07-16 01:20:00,0.14799,62.375,39.189
2024-07-16 01:30:00,0.17158,62.375,39.189
2024-07-16 01:40:00,0.30128,62.375,39.189
2024-07-16 01:50:00,0.4336,55.043,38.771
2024-07-16 02:00:00,0.42988,55.043,38.771
2024-07-16 02:10:00,0.64821,48.921,45.388
2024-07-16 02:20:00,0.54126,48.921,45.388
2024-07-16 02:30:00,0.47814,70.726,41.865
2024-07-16 02:40:00,0.33277,70.726,41.865
2024-07-16 02:50:00,0.38018,73.715,59.307
2024-07-16 03:00:00,0.057902,111.6,47.758
2024-07-16 03:10:00,0.11404,111.6,47.758
2024-07-16 03:20:00,0.44296,121.94,54.783
2024-07-16 03:30:00,0.10999,121.94,54.783
2024-07-16 03:40:00,0.060774,119.5,66.44
2024-07-16 03:50:00,0.2512,119.5,66.44
2024-07-16 04:00:00,0.30399,117.71,56.969
2024-07-16 04:10:00,0.38531,117.71,56.969
2024-07-16 04:20:00,0.47712,127.2,51.033
2024-07-16 04:30:00,0.37654,127.2,51.033
2024-07-16 04:40:00,0.38965,127.2,51.033
2024-07-16 04:50:00,0.31196,126.37,49.485
2024-07-16 05:00:00,0.29865,126.37,49.485
2024-07-16 05:10:00,0.27147,104.17,52.681
2024-07-16 05:20:00,0.50363,104.17,52.681
2024-07-16 05:30:00,0.3164,140.06,48.591
2024-07-16 05:40:00,0.30392,140.06,48.591
2024-07-16 05:50:00,0.35735,133.46,54.12
2024-07-16 06:00:00,0.34941,146.63,65.798
2024-07-16 06:10:00,0.58131,146.63,65.798
2024-07-16 10:00:00,0.24126,116.36,63.456
2024-07-16 10:10:00,0.18969,116.36,63.456
2024-07-16 10:20:00,0.42179,245.06,60.433
2024-07-16 10:30:00,0.19873,245.06,60.433
2024-07-16 10:40:00,0.57877,245.06,60.433
2024-07-16 10:50:00,0.59607,172.24,57.877
2024-07-16 11:00:00,0.43059,172.24,57.877
2024-07-16 11:10:00,0.46516,140,68.293
2024-07-16 11:20:00,0.65286,140,68.293
2024-07-16 11:30:00,0.46394,176.56,63.035
2024-07-16 11:40:00,0.42774,176.56,63.035
2024-07-16 11:50:00,0.33351,125.76,66.586
2024-07-16 12:00:00,0.22487,136.64,74.862
2024-07-16 12:10:00,0.29754,136.64,74.862
2024-07-16 12:20:00,0.32835,116.88,64.37
2024-07-16 12:30:00,0.32802,116.88,64.37
2024-07-16 12:40:00,0.28874,153.37,55.111
2024-07-16 12:50:00,0.2793,153.37,55.111
2024-07-16 13:00:00,0.30351,124.52,88.1
2024-07-16 13:10:00,0.40044,124.52,88.1
2024-07-16 13:20:00,0.37179,71.363,75.833
2024-07-16 13:30:00,0.685,71.363,75.833
2024-07-16 13:40:00,1.0235,71.363,75.833
2024-07-16 13:50:00,1.1659,97.776,90.481
2024-07-16 14:00:00,1.5335,97.776,90.481
2024-07-16 14:10:00,1.9802,126.53,51.642
2024-07-16 14:20:00,0.9483,126.53,51.642
2024-07-16 14:30:00,0.99644,141.75,49.736
2024-07-16 14:40:00,3.0901,141.75,49.736
2024-07-16 14:50:00,1.88,104.12,65.898
2024-07-16 15:00:00,0.48291,139.71,51.247
2024-07-16 15:10:00,0.30075,139.71,51.247
2024-07-16 15:20:00,0.33437,127.98,76.717
2024-07-16 15:30:00,0.40476,127.98,76.717
2024-07-16 15:40:00,0.56568,143.24,58.221
2024-07-16 15:50:00,1.2353,143.24,58.221
2024-07-16 16:00:00,0.47794,255.65,59.755
2024-07-16 16:10:00,0.41615,255.65,59.755
2024-07-16 16:20:00,1.3183,154.33,73.134
2024-07-16 16:30:00,1.7086,154.33,73.134
2024-07-16 16:40:00,1.7688,154.33,73.134
2024-07-16 16:50:00,1.1616,192.57,95.319
2024-07-16 17:00:00,1.087,192.57,95.319
2024-07-16 17:10:00,0.81799,568.78,225.43
2024-07-16 17:20:00,3.2722,568.78,225.43
2024-07-16 17:30:00,0.43218,202.01,67.985
2024-07-16 17:40:00,0.19958,202.01,67.985
2024-07-16 17:50:00,0.42301,215.71,138.21
2024-07-16 18:00:00,0.42715,192.3,97.279
2024-07-16 18:10:00,0.57478,192.3,97.279
2024-07-16 18:20:00,0.34758,169.63,100.98
2024-07-16 18:30:00,0.34124,169.63,100.98
2024-07-16 18:40:00,0.34982,221.2,97.859
2024-07-16 18:50:00,0.38979,221.2,97.859
2024-07-16 19:00:00,0.68251,163.68,53.025
2024-07-16 19:10:00,0.37075,163.68,53.025
2024-07-16 19:20:00,0.32748,165.66,71.451
2024-07-16 19:30:00,0.54641,165.66,71.451
2024-07-16 19:40:00,0.51861,165.66,71.451
2024-07-16 19:50:00,0.28289,172.64,62.268
2024-07-16 20:00:00,0.25107,172.64,62.268
2024-07-16 20:10:00,0.37233,218.65,66.905
2024-07-16 20:20:00,0.32553,218.65,66.905
2024-07-16 20:30:00,0.43488,233.57,93.327
2024-07-16 20:40:00,0.70014,233.57,93.327
2024-07-16 20:50:00,0.33805,187.61,86.52
2024-07-16 21:00:00,0.36399,189.08,81.133
2024-07-16 21:10:00,0.29363,189.08,81.133
2024-07-16 21:20:00,0.30716,218.76,78.071
2024-07-16 21:30:00,0.35635,218.76,78.071
2024-07-16 21:40:00,0.37313,188.99,94.036
2024-07-16 21:50:00,0.28438,188.99,94.036
2024-07-16 22:00:00,0.30533,166.23,74.482
2024-07-16 22:10:00,0.33065,166.23,74.482
2024-07-16 22:20:00,0.35896,177.37,75.259
2024-07-16 22:30:00,0.33285,177.37,75.259
2024-07-16 22:40:00,0.28458,177.37,75.259
2024-07-16 22:50:00,0.3126,138.1,52.744
2024-07-16 23:00:00,0.32052,138.1,52.744
2024-07-16 23:10:00,0.2838,174.98,69.119
2024-07-16 23:20:00,0.27276,174.98,69.119
2024-07-16 23:30:00,0.21058,185.24,84.758
2024-07-18 08:30:00,1.2248,114.08,44.862
2024-07-18 08:40:00,1.0528,114.08,44.862
2024-07-18 08:50:00,0.71233,119.78,-34.04
2024-07-18 09:00:00,0.49449,89.809,73.566
2024-07-18 09:10:00,0.14845,89.809,73.566
2024-07-18 09:20:00,0.64219,138.54,48.093
2024-07-18 09:30:00,0.32469,138.54,48.093
2024-07-18 09:40:00,0.93105,123.6,47.118
2024-07-18 09:50:00,1.203,123.6,47.118
2024-07-18 10:00:00,1.1326,128.33,160.32
2024-07-18 10:10:00,0.56263,128.33,160.32
2024-07-18 10:20:00,0.38246,136.51,47.725
2024-07-18 10:30:00,0.47656,136.51,47.725
2024-07-18 10:40:00,0.48094,136.51,47.725
2024-07-18 10:50:00,0.28219,115.45,40.069
2024-07-18 11:00:00,0.028263,115.45,40.069
2024-07-18 11:10:00,0.19548,141.41,54.52
2024-07-18 11:20:00,0.19061,141.41,54.52
2024-07-18 11:30:00,0.36056,138.74,55.362
2024-07-18 11:40:00,-0.023775,138.74,55.362
2024-07-18 11:50:00,0.023993,120.39,42.928
2024-07-18 12:00:00,-0.19609,100.26,97.395
2024-07-18 12:10:00,-0.26565,100.26,97.395
2024-07-18 12:20:00,0.76087,124.11,86.407
2024-07-18 12:30:00,0.81658,124.11,86.407
2024-07-18 12:40:00,0.86428,148.58,48.391
2024-07-18 12:50:00,8.1531,148.58,48.391
2024-07-18 13:00:00,2.7564,334.49,101.09
2024-07-18 13:10:00,-11.429,334.49,101.09
2024-07-18 13:20:00,1.7517,774.72,-896.25
2024-07-18 13:30:00,0.66921,774.72,-896.25
2024-07-18 13:40:00,7.2905,774.72,-896.25
2024-07-18 13:50:00,1.0191,-130.06,451.33
2024-07-18 14:00:00,0.87758,-130.06,451.33
2024-07-18 14:10:00,0.51159,-67.764,275.02
2024-07-18 14:20:00,0.56871,-67.764,275.02
2024-07-18 14:30:00,1.3585,-6.0183,
2024-07-18 14:40:00,2.4853,-6.0183,
2024-07-18 14:50:00,1.6085,-21.122,849.72
2024-07-18 15:00:00,0.92918,-20.123,-42.941
2024-07-18 15:10:00,1.0465,-20.123,-42.941
2024-07-18 15:20:00,0.70694,-26.651,-98.006
2024-07-18 15:30:00,1.3716,-26.651,-98.006
2024-07-18 15:40:00,0.16163,-73.395,-555.39
2024-07-18 15:50:00,0.96288,-73.395,-555.39
2024-07-18 16:10:00,-19.011,-322.81,-1327.6
2024-07-18 16:20:00,0.71155,-183.52,-3.4974
2024-07-18 16:30:00,0.31533,-183.52,-3.4974
2024-07-18 16:40:00,0.73054,-183.52,-3.4974
2024-07-18 16:50:00,7.9037,-129.5,727.82
2024-07-18 17:00:00,9.8329,-129.5,727.82
2024-07-18 17:10:00,2.1452,-92.053,97.64
2024-07-18 17:20:00,2.6066,-92.053,97.64
2024-07-18 17:30:00,1.4913,-119.08,112.44
2024-07-18 17:40:00,1.9671,-119.08,112.44
2024-07-18 17:50:00,1.336,-73.403,29.863
2024-07-18 18:00:00,1.1861,-25.132,46.198
2024-07-18 18:10:00,0.43626,-25.132,46.198
2024-07-18 18:20:00,0.46071,-284.47,39.268
2024-07-18 18:30:00,1.0104,-284.47,39.268
2024-07-18 18:40:00,1.0761,288.83,55.331
2024-07-18 18:50:00,2.8744,288.83,55.331
2024-07-18 19:00:00,5.6898,287.89,162.03
2024-07-18 19:10:00,2.8638,287.89,162.03
2024-07-18 19:20:00,7.0604,349.94,
2024-07-18 19:30:00,1.6652,349.94,
2024-07-18 19:40:00,0.8378,349.94,
2024-07-18 19:50:00,0.88034,395.92,117.6
2024-07-18 20:00:00,0.91637,395.92,117.6
2024-07-18 20:10:00,1.931,404.73,148.24
2024-07-18 20:20:00,2.0662,404.73,148.24
2024-07-18 20:30:00,2.6085,474.93,171.59
2024-07-18 20:40:00,0.76037,474.93,171.59
2024-07-18 20:50:00,2.1574,986.64,225.46
2024-07-18 21:00:00,1.3179,607.14,
2024-07-18 21:10:00,1.5974,607.14,
2024-07-18 21:20:00,0.93851,391.83,186.36
2024-07-18 21:30:00,2.6587,391.83,186.36
2024-07-18 21:40:00,2.4268,330.16,117.33
2024-07-18 21:50:00,1.4519,330.16,117.33
2024-07-18 22:00:00,1.5844,264.77,104.29
2024-07-18 22:10:00,1.0783,264.77,104.29
2024-07-18 22:20:00,0.52588,177.09,64.237
2024-07-18 22:30:00,1.068,177.09,64.237
2024-07-18 22:40:00,1.2677,177.09,64.237
2024-07-18 22:50:00,0.8887,110.87,135.7
2024-07-18 23:00:00,0.65923,110.87,135.7
2024-07-18 23:10:00,0.94307,153.58,82.955
2024-07-18 23:20:00,4.3221,153.58,82.955
2024-07-18 23:30:00,1.6024,113.29,51.442
2024-07-18 23:40:00,2.4661,113.29,51.442
2024-07-18 23:50:00,1.3371,,
2024-07-19 00:00:00,1.5099,47.761,53.27
2024-07-19 00:20:00,5.0812,106.84,37.096
2024-07-19 00:30:00,25.398,106.84,37.096
2024-07-19 00:40:00,3.5696,130.79,37.629
2024-07-19 00:50:00,13.922,130.79,37.629
2024-07-19 01:00:00,1.617,100.82,49.243
2024-07-19 01:10:00,3.2045,100.82,49.243
2024-07-19 01:20:00,3.4392,78.55,91.441
2024-07-19 01:30:00,1.0802,78.55,91.441
2024-07-19 01:40:00,4.9024,78.55,91.441
2024-07-19 01:50:00,9.2661,146.34,90.276
2024-07-19 02:00:00,4.9852,146.34,90.276
2024-07-19 02:10:00,0.23575,161.5,68.218
2024-07-19 02:20:00,0.26134,161.5,68.218
2024-07-19 02:30:00,0.17852,225.98,88.253
2024-07-19 02:40:00,0.4057,225.98,88.253
2024-07-19 02:50:00,0.24788,255.89,65.311
2024-07-19 03:00:00,0.14559,562.84,80.282
2024-07-19 03:10:00,0.33241,562.84,80.282
2024-07-19 03:20:00,0.78789,276.6,41.181
2024-07-19 03:30:00,3.3482,276.6,41.181
2024-07-19 03:40:00,0.64929,262.6,94.073
2024-07-19 03:50:00,0.50014,262.6,94.073
2024-07-19 04:00:00,0.28048,729.71,65.528
2024-07-19 04:10:00,0.52435,729.71,65.528
2024-07-19 04:20:00,0.33289,965.31,89.577
2024-07-19 04:30:00,0.73153,965.31,89.577
2024-07-19 04:40:00,0.6394,965.31,89.577
2024-07-19 04:50:00,0.3051,913.39,156.85
2024-07-19 05:00:00,0.38508,913.39,156.85
2024-07-19 05:10:00,0.25797,607.44,95.172
2024-07-19 05:20:00,0.35036,607.44,95.172
2024-07-19 05:30:00,0.26925,540.98,96.078
2024-07-19 05:40:00,0.24343,540.98,96.078
2024-07-19 05:50:00,0.36306,532.28,145.39
2024-07-19 06:00:00,0.31659,911.68,262.04
2024-07-19 06:10:00,0.21645,911.68,262.04
2024-07-19 06:20:00,0.2183,1770.1,500.31
2024-07-19 06:30:00,0.31479,1770.1,500.31
2024-07-19 06:40:00,0.35256,-2435.7,3811.2
2024-07-19 06:50:00,0.68729,-2435.7,3811.2
2024-07-19 07:00:00,0.53465,1157.9,657.27
2024-07-19 07:10:00,0.26921,1157.9,657.27
2024-07-19 07:20:00,0.3987,-944.49,-560.44
2024-07-19 07:30:00,4.2453,-944.49,-560.44
2024-07-19 07:40:00,1.7397,-944.49,-560.44
2024-07-19 07:50:00,0.98138,-879.59,976.78
2024-07-19 08:00:00,1.0863,-879.59,976.78
2024-07-19 08:10:00,1.1731,-442.62,-273.5
2024-07-19 08:20:00,2.5698,-442.62,-273.5
2024-07-19 08:30:00,0.33083,-2376.7,-291.91
2024-07-19 08:40:00,0.64621,-2376.7,-291.91
2024-07-19 08:50:00,0.25033,-2685.6,-241.82
2024-07-19 09:00:00,0.85416,-2156.9,-232.11
2024-07-19 09:10:00,0.54956,-2156.9,-232.11
2024-07-19 09:20:00,0.30994,,
2024-07-19 09:30:00,0.53897,,
2024-07-19 09:40:00,5.3783,-2446,-205.22
2024-07-19 09:50:00,0.92827,-2446,-205.22
2024-07-19 10:00:00,-0.099314,-1060.7,-184.56
2024-07-19 10:10:00,0.82466,-1060.7,-184.56
2024-07-19 10:20:00,5.5372,-782.6,-366.07
2024-07-19 10:30:00,0.53263,-782.6,-366.07
2024-07-19 10:40:00,6.3494,-782.6,-366.07
2024-07-19 10:50:00,-8.2758,-511.1,-273.64
2024-07-19 11:00:00,-1.8658,-511.1,-273.64
2024-07-19 11:10:00,0.75083,-420.72,-205.64
2024-07-19 11:20:00,0.41967,-420.72,-205.64
2024-07-19 11:30:00,-0.43544,-344.91,-148.82
2024-07-19 11:40:00,1.9998,-344.91,-148.82
2024-07-19 11:50:00,-0.65197,-292.6,-120.45
2024-07-19 12:00:00,1.0565,-248.06,-40.918
2024-07-19 12:10:00,-2.6435,-248.06,-40.918
2024-07-19 12:20:00,1.0386,-194.93,-87.642
2024-07-19 12:30:00,1.4944,-194.93,-87.642
2024-07-19 12:40:00,6.6134,-166.58,-77.604
2024-07-19 12:50:00,-0.35876,-166.58,-77.604
2024-07-19 13:00:00,0.88365,-138.03,-99.44
2024-07-19 13:10:00,-19.917,-138.03,-99.44
2024-07-19 13:20:00,5.812,-94.909,-23.205
2024-07-19 13:30:00,-2.721,-94.909,-23.205
2024-07-19 13:40:00,0.59236,-94.909,-23.205
2024-07-19 13:50:00,6.8483,-75.757,-43.896
2024-07-19 14:00:00,2.1641,-75.757,-43.896
2024-07-19 14:10:00,0.26211,-52.381,-36.823
2024-07-19 14:20:00,2.9128,-52.381,-36.823
2024-07-19 14:30:00,-0.34512,-70.419,-30.842
2024-07-19 14:40:00,3.3605,-70.419,-30.842
2024-07-19 14:50:00,1.5488,-34.483,-17.839
2024-07-19 15:00:00,4.8073,-24.497,-10.251
2024-07-19 15:10:00,-0.22618,-24.497,-10.251
2024-07-19 15:20:00,9.2988,-16.273,-47.246
2024-07-19 15:30:00,12.821,-16.273,-47.246
2024-07-19 15:40:00,-3.3509,-26.195,-43.834
2024-07-19 15:50:00,17.023,-26.195,-43.834
2024-07-19 16:00:00,1.941,-18.811,-31.028
2024-07-19 16:10:00,26.502,-18.811,-31.028
2024-07-19 16:20:00,3.9785,-26.192,-27.72
2024-07-19 16:30:00,4.4202,-26.192,-27.72
2024-07-19 16:40:00,6.1328,-26.192,-27.72
2024-07-19 16:50:00,16.053,-14.958,-6.1104
2024-07-19 17:00:00,17.789,-14.958,-6.1104
2024-07-19 17:10:00,25.439,-16.717,-19.437
2024-07-19 17:20:00,15.494,-16.717,-19.437
2024-07-19 17:30:00,27.202,-8.018,-10.654
2024-07-19 17:40:00,42.206,-8.018,-10.654
2024-07-19 17:50:00,41.363,-11.626,-0.97181
2024-07-19 18:00:00,6.8934,-0.28474,-11.075
2024-07-19 18:10:00,21.909,-0.28474,-11.075
2024-07-19 18:20:00,155.83,-5.4208,-21.84
2024-07-19 18:30:00,18.945,-5.4208,-21.84
2024-07-19 18:40:00,121.03,-0.19362,-28.322
2024-07-19 18:50:00,9.534,-0.19362,-28.322
2024-07-19 19:00:00,55.135,-10.548,-1.8888
2024-07-19 19:10:00,1816,-10.548,-1.8888
2024-07-19 19:20:00,90.858,-3.3044,-8.3078
2024-07-19 19:30:00,1.8173,-3.3044,-8.3078
2024-07-19 19:40:00,6.6414,-3.3044,-8.3078
2024-07-19 19:50:00,220.8,-7.7472,-20.936
2024-07-19 20:00:00,6.028,-7.7472,-20.936
2024-07-19 20:10:00,21.562,-10.851,-11.143
2024-07-19 20:20:00,10.219,-10.851,-11.143
2024-07-19 20:30:00,70.497,-12.559,-11.186
2024-07-19 20:40:00,129.56,-12.559,-11.186
2024-07-19 20:50:00,29.015,-1.1112,-3.2493
2024-07-19 21:00:00,6.4531,-12.395,-0.17438
2024-07-19 21:10:00,18.652,-12.395,-0.17438
2024-07-19 21:20:00,33.986,-12.213,-11.126
2024-07-19 21:30:00,19.496,-12.213,-11.126
2024-07-19 21:40:00,51.85,-21.996,-50.317
2024-07-19 21:50:00,4.9382,-21.996,-50.317
2024-07-19 22:00:00,1.2035,-28.02,-53.973
2024-07-19 22:10:00,9.752,-28.02,-53.973
2024-07-19 22:20:00,1.5234,-36.345,-25.357
2024-07-19 22:30:00,6.824,-36.345,-25.357
2024-07-19 22:40:00,1.4963,-36.345,-25.357
2024-07-19 22:50:00,0.18998,-40.746,-13.91
2024-07-19 23:00:00,0.55924,-40.746,-13.91
2024-07-19 23:10:00,1.067,-26.901,-13.702
2024-07-19 23:20:00,0.53087,-26.901,-13.702
2024-07-19 23:30:00,0.79411,-38.677,-26.668
2024-07-19 23:40:00,0.40037,-38.677,-26.668
2024-07-19 23:50:00,0.072766,,
2024-07-20 00:00:00,0.41725,-56.904,-64.17
2024-07-20 00:10:00,-0.2055,-56.904,-64.17
2024-07-20 00:20:00,-0.56942,-67.907,-26.756
2024-07-20 00:30:00,0.070305,-67.907,-26.756
2024-07-20 00:40:00,0.24778,-70.547,-37.755
2024-07-20 00:50:00,0.32814,-70.547,-37.755
2024-07-20 01:00:00,-4.5119,-76.54,-60.348
2024-07-20 01:10:00,-1.2483,-76.54,-60.348
2024-07-20 01:20:00,-0.30125,-80.977,-66.936
2024-07-20 01:30:00,-1.3277,-80.977,-66.936
2024-07-20 01:40:00,-0.6954,-80.977,-66.936
2024-07-20 01:50:00,-44.947,-82.083,-13.573
2024-07-20 02:00:00,-29.341,-82.083,-13.573
2024-07-20 02:10:00,-13.558,-73.678,-60.571
2024-07-20 02:20:00,-1.8759,-73.678,-60.571
2024-07-20 02:30:00,-7.4587,-61.29,-48.982
2024-07-20 02:40:00,-47.365,-61.29,-48.982
2024-07-20 02:50:00,-13.459,-74.887,-46.177
2024-07-20 03:00:00,-56.355,-129.81,-47.393
2024-07-20 03:10:00,-13.543,-129.81,-47.393
2024-07-20 03:20:00,-73.965,-97.017,-38.131
2024-07-20 03:30:00,-1.1181,-97.017,-38.131
2024-07-20 03:40:00,-3.0759,-100.37,-27.952
2024-07-20 03:50:00,-418.37,-100.37,-27.952
2024-07-20 04:00:00,-3.7561,-85.102,-57.664
2024-07-20 04:10:00,-3.1064,-85.102,-57.664
2024-07-20 04:20:00,-184.45,-92.128,-54.481
2024-07-20 04:30:00,-1.484,-92.128,-54.481
2024-07-20 04:40:00,-3.4335,-92.128,-54.481
2024-07-20 04:50:00,-0.69776,-83.794,-94.304
2024-07-20 05:00:00,-0.3458,-83.794,-94.304
2024-07-20 05:10:00,-1.6582,-106.61,-87.311
2024-07-20 05:20:00,-0.26893,-106.61,-87.311
2024-07-20 05:30:00,0.41364,-89.558,-97.791
2024-07-20 05:40:00,-3.0541,-89.558,-97.791
2024-07-20 05:50:00,-0.37768,-81.416,-91.2
2024-07-20 06:00:00,-0.4428,-114.84,-116.66
2024-07-20 06:10:00,0.86535,-114.84,-116.66
2024-07-20 06:20:00,-0.73343,-141.17,-178.88
2024-07-20 06:30:00,-0.48471,-141.17,-178.88
2024-07-20 06:40:00,0.98934,-125.12,-166
2024-07-20 06:50:00,0.91687,-125.12,-166
2024-07-20 07:00:00,-9.9149,-89.058,-130.84
2024-07-20 07:10:00,-8.4899,-89.058,-130.84
2024-07-20 07:20:00,-2.5086,-126.67,-187.97
2024-07-20 07:30:00,-17.419,-126.67,-187.97
2024-07-20 07:40:00,-2.1763,-126.67,-187.97
2024-07-20 07:50:00,-1.2881,-272.84,-153.62
2024-07-20 08:00:00,-45.261,-272.84,-153.62
2024-07-20 08:10:00,-2.6254,-110.81,-137.45
2024-07-20 08:20:00,-0.5215,-110.81,-137.45
2024-07-20 08:30:00,-106.94,-150.83,-179.4
2024-07-20 08:40:00,-53.734,-150.83,-179.4
2024-07-20 08:50:00,-2.3172,-121.65,-170.25
2024-07-20 09:00:00,0.66098,-113.34,-72.238
2024-07-20 09:10:00,1.1903,-113.34,-72.238
2024-07-20 09:20:00,1.5646,-113.84,-146.78
2024-07-20 09:30:00,12.28,-113.84,-146.78
2024-07-20 09:40:00,-0.15196,-94.879,-107.91
2024-07-20 09:50:00,-4.3381,-94.879,-107.91
2024-07-20 10:00:00,-1.482,-138.94,-124.47
2024-07-20 10:10:00,1.7991,-138.94,-124.47
2024-07-20 10:20:00,0.2714,-146.45,-140.62
2024-07-20 10:30:00,0.52119,-146.45,-140.62
2024-07-20 10:40:00,7.4708,-146.45,-140.62
2024-07-20 10:50:00,1.8951,-106.62,-99.129
2024-07-20 11:00:00,0.79363,-106.62,-99.129
2024-07-20 11:10:00,-0.48182,-143.21,-75.417
2024-07-20 11:20:00,1.5809,-143.21,-75.417
2024-07-20 11:30:00,-0.4519,-392.47,-138.45
2024-07-20 12:00:00,-8.3821,81.196,50.713
2024-07-20 12:10:00,-0.43518,81.196,50.713
2024-07-20 12:20:00,0.011554,50.115,283.53
2024-07-20 12:30:00,0.6129,50.115,283.53
2024-07-20 12:40:00,-0.15881,31.422,26.54
2024-07-20 12:50:00,0.71705,31.422,26.54
2024-07-20 13:10:00,0.59677,27.179,-232.83
2024-07-20 13:20:00,0.50582,14.191,29.134
2024-07-20 13:30:00,0.72332,14.191,29.134
2024-07-20 13:40:00,0.91531,14.191,29.134
2024-07-20 13:50:00,0.37492,16.605,4.8391
2024-07-20 14:00:00,0.85776,16.605,4.8391
2024-07-20 14:10:00,0.56675,12.079,
2024-07-20 14:20:00,0.60913,12.079,
2024-07-20 14:30:00,0.38689,22.913,35.415
2024-07-20 14:40:00,0.8288,22.913,35.415
2024-07-20 14:50:00,1.4169,16.547,64.561
2024-07-20 15:00:00,0.45072,19.139,34.715
2024-07-20 15:10:00,0.40572,19.139,34.715
2024-07-20 15:20:00,0.71815,20.082,7.5077
2024-07-20 15:30:00,0.30725,20.082,7.5077
2024-07-20 15:40:00,0.5874,33.255,40.567
2024-07-20 15:50:00,0.57137,33.255,40.567
2024-07-20 16:00:00,0.51593,27.324,24.455
2024-07-20 16:10:00,0.79104,27.324,24.455
2024-07-20 16:20:00,0.74349,34.113,17.465
2024-07-20 16:30:00,0.54215,34.113,17.465
2024-07-20 16:40:00,0.92736,34.113,17.465
2024-07-20 16:50:00,0.78856,22.816,45.299
2024-07-20 17:00:00,1.4508,22.816,45.299
2024-07-20 17:10:00,1.1145,36.477,52.198
2024-07-20 17:20:00,0.9683,36.477,52.198
2024-07-20 17:30:00,0.97799,42.332,30.544
2024-07-20 17:40:00,0.48061,42.332,30.544
2024-07-20 17:50:00,0.53315,51.563,75.431
2024-07-20 18:00:00,0.39081,52.372,51.499
2024-07-20 18:10:00,0.87709,52.372,51.499
2024-07-20 18:20:00,0.71609,77.078,87.801
2024-07-20 18:30:00,0.28129,77.078,87.801
2024-07-20 18:40:00,0.18356,87.746,108.71
2024-07-20 18:50:00,0.15743,87.746,108.71
2024-07-20 19:00:00,0.48671,81.328,92.226
2024-07-20 19:10:00,0.65603,81.328,92.226
2024-07-20 19:20:00,-0.060857,83.803,76.912
2024-07-20 19:30:00,0.61734,83.803,76.912
2024-07-20 19:40:00,0.056639,83.803,76.912
2024-07-20 19:50:00,0.52826,102.64,91.585
2024-07-20 20:00:00,0.30607,102.64,91.585
2024-07-20 20:10:00,0.41645,128.99,97.741
2024-07-20 20:20:00,0.065688,128.99,97.741
2024-07-20 20:30:00,0.12939,160.76,183.4
2024-07-20 20:40:00,0.31486,160.76,183.4
2024-07-20 20:50:00,0.25098,106.25,397.26
2024-07-20 21:00:00,0.19673,128.77,177.03
2024-07-20 21:10:00,0.1684,128.77,177.03
2024-07-20 21:20:00,0.090386,179.28,133.98
2024-07-20 21:30:00,0.37147,179.28,133.98
2024-07-20 21:40:00,0.1831,189.15,138.12
2024-07-20 21:50:00,0.041087,189.15,138.12
2024-07-20 22:00:00,0.091711,189.18,135.21
2024-07-20 22:10:00,0.043796,189.18,135.21
2024-07-20 22:20:00,0.16896,214.55,-121.18
2024-07-20 22:30:00,-0.083928,214.55,-121.18
2024-07-20 22:40:00,0.078918,214.55,-121.18
2024-07-20 22:50:00,0.14357,181.72,174
2024-07-20 23:00:00,-0.017824,181.72,174
2024-07-20 23:10:00,0.14566,202.24,401.64
2024-07-20 23:20:00,0.38267,202.24,401.64
2024-07-20 23:30:00,0.25743,178.32,154.14
2024-07-20 23:40:00,-0.15005,178.32,154.14
2024-07-20 23:50:00,0.13495,,
2024-07-21 00:00:00,0.56778,163.22,92.622
2024-07-21 00:10:00,0.2685,163.22,92.622
2024-07-21 00:20:00,2.6338,144.91,90.955
2024-07-21 00:30:00,0.70961,144.91,90.955
2024-07-21 00:40:00,1.5379,129.5,82.653
2024-07-21 00:50:00,0.92966,129.5,82.653
2024-07-21 01:00:00,1.1888,149.18,76.991
2024-07-21 01:10:00,0.78392,149.18,76.991
2024-07-21 01:20:00,0.88952,161.67,66.462
2024-07-21 01:30:00,2.9439,161.67,66.462
2024-07-21 01:40:00,0.17131,161.67,66.462
2024-07-21 01:50:00,0.71893,174.47,99.442
2024-07-21 02:00:00,0.52232,174.47,99.442
2024-07-21 02:10:00,0.18915,192.53,172.28
2024-07-21 02:20:00,0.28334,192.53,172.28
2024-07-21 02:30:00,0.22058,148.99,91.786
2024-07-21 02:40:00,0.064036,148.99,91.786
2024-07-21 02:50:00,0.5025,201.16,111.54
2024-07-21 03:00:00,-2.0933,135.87,76.03
2024-07-21 03:10:00,-0.54695,135.87,76.03
2024-07-21 03:20:00,-0.53767,154.33,124.43
2024-07-21 03:30:00,-0.68293,154.33,124.43
2024-07-21 03:40:00,-2.6157,137.48,82.465
2024-07-21 03:50:00,1.569,137.48,82.465
2024-07-21 04:00:00,-2.6621,164.18,90.269
2024-07-21 04:10:00,-1.8242,164.18,90.269
2024-07-21 04:20:00,-1.0012,189.37,99.668
2024-07-21 04:30:00,-1.2914,189.37,99.668
2024-07-21 09:10:00,0.34293,76.1,92.316
2024-07-21 09:20:00,0.22244,51.965,14.51
2024-07-21 09:30:00,0.22741,51.965,14.51
2024-07-21 09:40:00,0.16381,51.316,42.36
2024-07-21 09:50:00,0.32657,51.316,42.36
2024-07-21 10:00:00,0.95127,48.509,28.284
2024-07-21 10:10:00,2.4417,48.509,28.284
2024-07-21 10:20:00,1.2515,50.766,49.731
2024-07-21 10:30:00,0.28571,50.766,49.731
2024-07-21 10:40:00,0.17081,50.766,49.731
2024-07-21 10:50:00,0.056248,60.975,38.818
2024-07-21 11:00:00,0.19754,60.975,38.818
2024-07-21 11:10:00,19.879,103.2,321.68
2024-07-21 11:20:00,9.5897,103.2,321.68
2024-07-21 11:30:00,2.5508,148.41,72.305
2024-07-21 11:40:00,1.1669,148.41,72.305
2024-07-21 11:50:00,70.498,4509,98.942
2024-07-21 12:00:00,1.9009,-360.76,69.268
2024-07-21 12:10:00,0.45322,-360.76,69.268
2024-07-21 12:20:00,1.1598,-97.617,84.208
2024-07-21 12:30:00,0.74576,-97.617,84.208
2024-07-21 12:40:00,2.6031,-102.17,35.466
2024-07-21 12:50:00,0.39989,-102.17,35.466
2024-07-21 13:00:00,3.0027,132.43,55.221
2024-07-21 13:10:00,0.47736,132.43,55.221
2024-07-21 13:20:00,1.0021,21.645,98.567
2024-07-21 13:30:00,21.094,21.645,98.567
2024-07-21 13:50:00,1.8929,11.758,21.582
2024-07-21 14:00:00,2.2229,11.758,21.582
2024-07-21 14:10:00,1.4204,38.426,5.9797
2024-07-21 14:20:00,0.47811,38.426,5.9797
2024-07-21 14:30:00,2.6296,26.781,-17.434
2024-07-21 14:40:00,1.1375,26.781,-17.434
2024-07-21 14:50:00,2.0006,10.764,-70.658
2024-07-21 15:00:00,3.6551,351.61,-86.723
2024-07-21 15:10:00,2.8327,351.61,-86.723
2024-07-21 15:20:00,2.0692,95.25,100.98
2024-07-21 15:30:00,4.3251,95.25,100.98
2024-07-21 15:40:00,1.4121,145.65,65.025
2024-07-21 15:50:00,15.706,145.65,65.025
2024-07-21 16:00:00,14.95,77.423,35.742
2024-07-21 16:10:00,1.6109,77.423,35.742
2024-07-21 16:20:00,1.1302,53.466,-133.91
2024-07-21 16:30:00,0.9186,53.466,-133.91
2024-07-21 16:40:00,0.788,53.466,-133.91
2024-07-21 16:50:00,0.47109,88.585,37.038
2024-07-21 17:00:00,0.25068,88.585,37.038
2024-07-21 17:10:00,0.57824,89.329,56.864
2024-07-21 17:20:00,1.1926,89.329,56.864
2024-07-21 17:30:00,0.71373,578.84,149.33
2024-07-21 17:40:00,1.547,578.84,149.33
2024-07-21 17:50:00,0.54248,295.8,131.93
2024-07-21 18:00:00,4.1661,350.33,146.04
2024-07-21 18:10:00,2.639,350.33,146.04
2024-07-21 18:20:00,0.64307,368.93,133.17
2024-07-21 18:30:00,1.0381,368.93,133.17
2024-07-21 18:40:00,0.32635,495.87,227.75
2024-07-21 18:50:00,1.3552,495.87,227.75
2024-07-21 19:00:00,0.34139,615.97,325.57
2024-07-21 19:10:00,1.1907,615.97,325.57
2024-07-21 19:20:00,0.40753,307.28,175.22
2024-07-21 19:30:00,-0.36607,307.28,175.22
2024-07-21 19:40:00,0.13571,307.28,175.22
2024-07-21 19:50:00,-0.45246,287.66,136.69
2024-07-21 20:00:00,0.57045,287.66,136.69
2024-07-21 20:10:00,-0.84181,235.15,219.92
2024-07-21 20:20:00,1.0899,235.15,219.92
2024-07-21 20:30:00,-0.76753,214.38,116.19
2024-07-21 20:40:00,-0.064081,214.38,116.19
2024-07-21 20:50:00,0.12157,192.05,109.94
2024-07-21 21:00:00,0.10648,148.68,121.54
2024-07-21 21:10:00,0.39599,148.68,121.54
2024-07-21 21:20:00,0.41548,153.49,98.885
2024-07-21 21:30:00,0.24528,153.49,98.885
2024-07-21 21:40:00,0.46219,150.81,123.71
2024-07-21 21:50:00,-0.16399,150.81,123.71
2024-07-21 22:00:00,0.70004,125.56,92.027
2024-07-21 22:10:00,0.53078,125.56,92.027
2024-07-21 22:20:00,0.3449,115.29,89.385
2024-07-21 22:30:00,0.40621,115.29,89.385
2024-07-21 22:40:00,0.70323,115.29,89.385
2024-07-21 22:50:00,0.66823,110.86,91.836
2024-07-21 23:00:00,0.66306,110.86,91.836
2024-07-21 23:10:00,0.55844,103.52,69.136
2024-07-21 23:20:00,1.508,103.52,69.136
2024-07-21 23:30:00,1.2992,95.322,163.26
2024-07-21 23:40:00,0.66369,95.322,163.26
2024-07-21 23:50:00,0.77869,,
2024-07-22 00:00:00,0.45538,96.186,95.414
2024-07-22 00:10:00,0.61051,96.186,95.414
2024-07-22 00:20:00,0.62707,106,91.919
2024-07-22 00:30:00,0.53112,106,91.919
2024-07-22 00:40:00,0.66489,104.25,93.686
2024-07-22 00:50:00,0.86745,104.25,93.686
2024-07-22 01:00:00,0.59863,120.22,89.511
2024-07-22 01:10:00,0.27948,120.22,89.511
2024-07-22 01:20:00,0.63305,119.58,109.27
2024-07-22 01:30:00,0.48908,119.58,109.27
2024-07-22 01:40:00,0.4557,119.58,109.27
2024-07-22 01:50:00,0.50809,135.62,119.48
2024-07-22 02:00:00,0.6434,135.62,119.48
2024-07-22 02:10:00,0.4718,129.34,112.04
2024-07-22 02:20:00,0.4433,129.34,112.04
2024-07-22 02:30:00,0.94409,107.32,134.62
2024-07-22 02:40:00,0.63707,107.32,134.62
2024-07-22 02:50:00,0.48163,102.15,132.53
2024-07-22 03:00:00,0.57581,140.63,144.09
2024-07-22 03:10:00,0.55905,140.63,144.09
2024-07-22 03:20:00,0.57474,134.79,138.17
2024-07-22 03:30:00,0.3697,134.79,138.17
2024-07-22 03:40:00,0.68131,164.79,114.59
2024-07-22 03:50:00,0.51878,164.79,114.59
2024-07-22 04:00:00,0.33027,160.78,167.75
2024-07-22 04:10:00,0.35139,160.78,167.75
2024-07-22 04:20:00,0.39362,176.37,185.65
2024-07-22 04:30:00,0.27443,176.37,185.65
2024-07-22 04:40:00,0.78335,176.37,185.65
2024-07-22 04:50:00,0.39667,123.49,180.3
2024-07-22 05:00:00,0.2838,123.49,180.3
2024-07-22 05:10:00,0.2447,201.3,155.06
2024-07-22 05:20:00,0.20888,201.3,155.06
2024-07-22 05:30:00,0.21823,150.6,159.42
2024-07-22 05:40:00,0.2224,150.6,159.42
2024-07-22 05:50:00,0.25614,135.51,134.58
2024-07-22 06:00:00,0.17486,177.67,146.81
2024-07-22 06:10:00,0.23288,177.67,146.81
2024-07-22 06:20:00,0.53369,180.39,151.25
2024-07-22 06:30:00,0.48744,180.39,151.25
2024-07-22 06:40:00,0.41935,167.05,136.35
2024-07-22 06:50:00,0.65581,167.05,136.35
2024-07-22 07:00:00,0.24534,125.94,115.87
2024-07-22 07:10:00,0.3262,125.94,115.87
2024-07-22 07:20:00,0.6058,108.52,109.17
2024-07-22 07:30:00,0.56006,108.52,109.17
2024-07-22 07:40:00,0.4153,108.52,109.17
2024-07-22 07:50:00,0.22963,103.04,57.703
2024-07-22 08:00:00,0.2695,103.04,57.703
2024-07-22 08:10:00,0.21934,63.213,74.395
2024-07-22 08:20:00,0.14816,63.213,74.395
2024-07-22 08:30:00,0.25261,59.152,78.583
2024-07-22 08:40:00,0.1658,59.152,78.583
2024-07-22 08:50:00,0.21121,79.147,62.734
2024-07-22 09:00:00,0.38674,77.613,73.549
2024-07-22 09:10:00,0.27935,77.613,73.549
2024-07-22 09:20:00,0.28766,67.374,89.422
2024-07-22 09:30:00,0.39454,67.374,89.422
2024-07-22 09:40:00,0.34894,77.06,76.529
2024-07-22 09:50:00,0.24731,77.06,76.529
2024-07-22 10:00:00,0.2595,108.66,101.72
2024-07-22 10:10:00,0.22119,108.66,101.72
2024-07-22 10:20:00,0.36729,57.618,73.383
2024-07-22 10:30:00,0.39556,57.618,73.383
2024-07-22 10:40:00,0.40401,57.618,73.383
2024-07-22 10:50:00,0.57818,46.62,68.676
2024-07-22 11:10:00,0.18973,26.711,25.201
2024-07-22 11:20:00,0.32797,26.711,25.201
2024-07-22 11:30:00,0.2659,163.63,392.26
2024-07-22 11:40:00,0.25376,163.63,392.26
2024-07-22 11:50:00,0.13457,50.243,83.812
2024-07-22 12:00:00,0.15199,431.24,-70.591
2024-07-22 12:10:00,0.18143,431.24,-70.591
2024-07-22 12:20:00,0.20073,32.796,35.917
2024-07-22 12:30:00,0.17804,32.796,35.917
2024-07-22 12:40:00,0.49206,41.351,23.464
2024-07-22 12:50:00,0.35955,41.351,23.464
2024-07-22 13:00:00,1.2238,30.938,53.976
2024-07-22 13:10:00,1.8532,30.938,53.976
2024-07-22 13:20:00,1.5449,54.023,28.488
2024-07-22 13:30:00,4.1709,54.023,28.488
2024-07-22 13:40:00,3.1275,54.023,28.488
2024-07-22 13:50:00,12.006,42.124,46.382
2024-07-22 14:00:00,11.281,42.124,46.382
2024-07-22 14:10:00,8.7792,45.619,18.034
2024-07-22 14:20:00,73.719,45.619,18.034
2024-07-22 14:30:00,672.16,48.293,23.4
2024-07-22 14:40:00,8.9428,48.293,23.4
2024-07-22 14:50:00,3.3026,53.591,40.746
2024-07-22 15:00:00,4.7496,88.77,28.616
2024-07-22 15:10:00,20.919,88.77,28.616
2024-07-22 15:20:00,2.9988,42.402,21.193
2024-07-22 15:30:00,3.8658,42.402,21.193
2024-07-22 15:40:00,1.4876,83.426,
2024-07-22 15:50:00,1.0888,83.426,
2024-07-22 16:00:00,1.0894,84.801,32.329
2024-07-22 16:10:00,1.1577,84.801,32.329
2024-07-22 16:20:00,0.40769,77.101,27.376
2024-07-22 16:30:00,0.34175,77.101,27.376
2024-07-22 16:40:00,0.96908,77.101,27.376
2024-07-22 16:50:00,0.69048,63.942,37.887
2024-07-22 17:00:00,1.9309,63.942,37.887
2024-07-22 17:10:00,0.1035,51.486,35.809
2024-07-22 17:20:00,0.73114,51.486,35.809
2024-07-22 17:30:00,0.12733,63.307,26.779
2024-07-22 17:40:00,6.8848,63.307,26.779
2024-07-22 17:50:00,1.4695,59.509,26.676
2024-07-22 18:00:00,-1.0161,76.615,49.048
2024-07-22 18:10:00,-0.038535,76.615,49.048
2024-07-22 18:20:00,3.9645,49.308,21.085
2024-07-22 18:30:00,0.92852,49.308,21.085
2024-07-22 18:40:00,2.5204,45.696,64.022
2024-07-22 18:50:00,0.91507,45.696,64.022
2024-07-22 19:00:00,1.976,42.687,29.101
2024-07-22 19:10:00,2.2117,42.687,29.101
2024-07-22 19:20:00,1.2461,40.264,9.9009
2024-07-22 19:30:00,1.8122,40.264,9.9009
2024-07-22 19:40:00,1.6661,40.264,9.9009
2024-07-22 19:50:00,1.0709,42.034,14.755
2024-07-22 20:00:00,0.89133,42.034,14.755
2024-07-22 20:10:00,0.47134,30.548,9.7168
2024-07-22 20:20:00,0.75471,30.548,9.7168
2024-07-22 20:30:00,0.48183,33.965,16.222
2024-07-22 20:40:00,2.1083,33.965,16.222
2024-07-22 20:50:00,2.1922,36.247,12.13
2024-07-22 21:00:00,1.6497,44.676,16.313
2024-07-22 21:10:00,0.41997,44.676,16.313
2024-07-22 21:20:00,1.2937,34.445,26.679
2024-07-22 21:30:00,0.99897,34.445,26.679
2024-07-22 21:40:00,1.102,40.118,29.035
2024-07-22 21:50:00,1.3921,40.118,29.035
2024-07-22 22:00:00,-0.01959,38.995,17.916
2024-07-22 22:10:00,-1.2206,38.995,17.916
2024-07-22 22:20:00,-1.5253,39.549,16.464
2024-07-22 22:30:00,0.96105,39.549,16.464
2024-07-22 22:40:00,2.1565,39.549,16.464
2024-07-22 22:50:00,1.3388,30.689,13.804
2024-07-22 23:00:00,2.8958,30.689,13.804
2024-07-22 23:10:00,3.1789,36.391,24.149
2024-07-22 23:20:00,3.2076,36.391,24.149
2024-07-22 23:30:00,2.2787,36.736,22.267
2024-07-22 23:40:00,6.3476,36.736,22.267
2024-07-22 23:50:00,2.0389,,
2024-07-23 00:00:00,2.7378,59.004,7.1195
2024-07-23 00:10:00,2.2899,59.004,7.1195
2024-07-23 00:20:00,1.8585,69.22,36.624
2024-07-23 00:30:00,2.036,69.22,36.624
2024-07-23 00:40:00,0.76441,64.492,37.509
2024-07-23 00:50:00,1.2897,64.492,37.509
2024-07-23 01:00:00,1.8851,116.46,54.747
2024-07-23 01:10:00,0.84598,116.46,54.747
2024-07-23 01:20:00,0.2041,74.65,60.845
2024-07-23 01:30:00,0.40839,74.65,60.845
2024-07-23 01:40:00,0.37684,74.65,60.845
2024-07-23 03:00:00,1.8451,,-28.964
2024-07-23 03:10:00,4.133,,-28.964
2024-07-23 03:20:00,1.6985,52.653,20.812
2024-07-23 03:30:00,0.72061,52.653,20.812
2024-07-23 03:40:00,0.2269,65.571,30.652
2024-07-23 03:50:00,0.45375,65.571,30.652
2024-07-23 04:00:00,0.78211,65.536,37.3
2024-07-23 04:10:00,-1.8909,65.536,37.3
2024-07-23 04:20:00,-2.3951,83.775,167.23
2024-07-23 04:30:00,-1.6409,83.775,167.23
2024-07-23 04:40:00,0.2542,83.775,167.23
2024-07-23 04:50:00,-1.639,1838.8,395.45
2024-07-23 05:00:00,1.0997,1838.8,395.45
2024-07-23 05:10:00,0.46948,-524.25,363.52
2024-07-23 05:20:00,0.17509,-524.25,363.52
2024-07-23 05:30:00,1.1933,-671.14,5496.8
2024-07-23 05:40:00,0.6309,-671.14,5496.8
2024-07-23 09:20:00,0.18366,-158.22,1349.9
2024-07-23 09:30:00,1.2721,-158.22,1349.9
2024-07-23 09:40:00,0.74176,-204.71,-88.417
2024-07-23 09:50:00,0.97234,-204.71,-88.417
2024-07-23 10:00:00,0.77292,-152.53,-54.222
2024-07-23 10:10:00,0.45753,-152.53,-54.222
2024-07-23 10:20:00,0.24456,-150.58,-24.128
2024-07-23 10:30:00,0.6584,-150.58,-24.128
2024-07-23 10:40:00,0.37991,-150.58,-24.128
2024-07-23 10:50:00,0.37982,-151.64,-41.488
2024-07-23 11:00:00,0.31107,-151.64,-41.488
2024-07-23 11:10:00,0.43108,-172.83,-42.167
2024-07-23 11:20:00,1.405,-172.83,-42.167
2024-07-23 11:30:00,1.8425,-147.14,-45.042
2024-07-23 11:40:00,0.5592,-147.14,-45.042
2024-07-23 11:50:00,0.68906,-186.39,-34.691
2024-07-23 12:00:00,0.82229,-112.38,-24.963
2024-07-23 12:10:00,0.24525,-112.38,-24.963
2024-07-23 12:20:00,0.69859,-90.749,-24.702
2024-07-23 12:30:00,0.22797,-90.749,-24.702
2024-07-23 12:40:00,0.14959,-58.278,-43.181
2024-07-23 12:50:00,0.17128,-58.278,-43.181
2024-07-23 13:00:00,0.12703,-58.805,-24.298
2024-07-23 13:10:00,0.22925,-58.805,-24.298
2024-07-23 13:20:00,0.1235,-85.487,5.2273
2024-07-23 13:30:00,0.11541,-85.487,5.2273
2024-07-23 13:40:00,0.18112,-85.487,5.2273
2024-07-23 13:50:00,0.16142,-44.264,-79.414
2024-07-23 14:00:00,0.11941,-44.264,-79.414
2024-07-23 14:10:00,0.10428,-48.392,-39.717
2024-07-23 14:20:00,0.20562,-48.392,-39.717
2024-07-23 14:30:00,0.18104,-31.629,-28.477
2024-07-23 14:40:00,0.27771,-31.629,-28.477
2024-07-23 14:50:00,0.16615,-27.516,-31.465
2024-07-23 15:00:00,0.23288,-23.524,-65.918
2024-07-23 15:10:00,0.39595,-23.524,-65.918
2024-07-23 15:20:00,0.20722,-35.112,-13.086
2024-07-23 15:30:00,0.22611,-35.112,-13.086
2024-07-23 15:40:00,0.37076,-37.1,
2024-07-23 15:50:00,0.60705,-37.1,
2024-07-23 16:00:00,0.33414,-39.565,-46.25
2024-07-23 16:10:00,0.25962,-39.565,-46.25
2024-07-23 16:20:00,0.32371,-48.277,-42.905
2024-07-23 16:30:00,0.51502,-48.277,-42.905
2024-07-23 16:40:00,0.39887,-48.277,-42.905
2024-07-23 16:50:00,1.1074,-40.481,-25.792
2024-07-23 17:00:00,0.87051,-40.481,-25.792
2024-07-23 17:10:00,-0.2118,-64.83,-123.38
2024-07-23 17:20:00,0.74032,-64.83,-123.38
2024-07-23 17:30:00,1.8973,-76.685,-61.679
2024-07-23 17:40:00,0.15264,-76.685,-61.679
2024-07-23 17:50:00,3.2776,-88.681,-51.496
2024-07-23 18:00:00,1.1582,-75.466,-41.408
2024-07-23 18:10:00,1.1624,-75.466,-41.408
2024-07-23 18:20:00,2.2898,-80.828,-30.466
2024-07-23 18:30:00,6.2304,-80.828,-30.466
2024-07-23 18:40:00,18.087,-85.052,-29.632
2024-07-23 18:50:00,-3.4831,-85.052,-29.632
2024-07-23 19:00:00,-2.5924,-76.877,-44.48
2024-07-23 19:10:00,5.7188,-76.877,-44.48
2024-07-23 19:20:00,-70.098,-86.268,-85.827
2024-07-23 19:30:00,-0.59022,-86.268,-85.827
2024-07-23 19:40:00,1.7198,-86.268,-85.827
2024-07-23 19:50:00,22.232,-75.132,-25.589
2024-07-23 20:00:00,5.6197,-75.132,-25.589
2024-07-23 20:10:00,3.5567,-106.32,-38.07
2024-07-23 20:20:00,12.838,-106.32,-38.07
2024-07-23 20:30:00,23.471,-79.989,-15.836
2024-07-23 20:40:00,69.68,-79.989,-15.836
2024-07-23 20:50:00,7.3516,-89.586,-27.265
2024-07-23 21:00:00,232.53,-83.256,-75.587
2024-07-23 21:10:00,187.71,-83.256,-75.587
2024-07-23 21:20:00,128.56,-53.513,-22.01
2024-07-23 21:30:00,52.803,-53.513,-22.01
2024-07-23 21:40:00,66.024,-44.352,-21.59
2024-07-23 21:50:00,7.6655,-44.352,-21.59
2024-07-23 22:00:00,10.596,-28.233,-12.819
2024-07-23 22:10:00,1.6157,-28.233,-12.819
2024-07-23 22:20:00,0.59274,-44.487,-18.849
2024-07-23 22:30:00,0.8984,-44.487,-18.849
2024-07-23 22:40:00,12.332,-44.487,-18.849
2024-07-23 22:50:00,-15.071,-51.308,-43.365
2024-07-23 23:00:00,-3.9215,-51.308,-43.365
2024-07-23 23:10:00,5.6829,-44.868,-15.137
2024-07-23 23:20:00,97.013,-44.868,-15.137
2024-07-23 23:30:00,5.1519,-78.925,-30.057
2024-07-23 23:40:00,71.803,-78.925,-30.057
2024-07-23 23:50:00,220.87,,
2024-07-24 00:00:00,3.8322,-45.504,-17.547
2024-07-24 00:10:00,1.5476,-45.504,-17.547
2024-07-24 00:20:00,3.3141,,
2024-07-24 00:30:00,18.705,,
2024-07-24 00:40:00,7.9423,-61.136,-34.227
2024-07-24 00:50:00,5.3489,-61.136,-34.227
2024-07-24 01:00:00,14.659,-48.316,-7.3629
2024-07-24 01:10:00,96.563,-48.316,-7.3629
2024-07-24 01:20:00,38.026,-48.106,-39.596
2024-07-24 01:30:00,326.51,-48.106,-39.596
2024-07-24 01:40:00,15.763,-48.106,-39.596
2024-07-24 01:50:00,24.26,-36.561,-27.584
2024-07-24 02:00:00,1.3977,-36.561,-27.584
2024-07-24 02:10:00,0.66161,-55.736,-23.535
2024-07-24 02:20:00,0.94756,-55.736,-23.535
2024-07-24 02:30:00,2.09,-28.559,-1.3694
2024-07-24 02:40:00,10.059,-28.559,-1.3694
2024-07-24 02:50:00,1.8706,-33.89,-10.635
2024-07-24 03:00:00,0.48606,-111.72,-37.039
2024-07-24 03:10:00,0.34648,-111.72,-37.039
2024-07-24 03:20:00,0.25894,-301.37,-29.717
2024-07-24 03:30:00,1.0197,-301.37,-29.717
2024-07-24 03:40:00,8.4823,-44.099,-8.6302
2024-07-24 03:50:00,15.469,-44.099,-8.6302
2024-07-24 04:00:00,293.34,-56.908,-17.783
2024-07-24 04:10:00,0.48077,-56.908,-17.783
2024-07-24 04:20:00,1.2089,-57.884,-26.868
2024-07-24 04:30:00,0.29643,-57.884,-26.868
2024-07-24 04:40:00,0.15474,-57.884,-26.868
2024-07-24 04:50:00,0.12244,-64.835,-45.409
2024-07-24 05:00:00,0.1047,-64.835,-45.409
2024-07-24 05:10:00,0.28926,-59.329,-91.395
2024-07-24 05:20:00,0.78049,-59.329,-91.395
2024-07-24 05:30:00,0.58545,-81.688,-40.607
2024-07-24 05:40:00,0.65801,-81.688,-40.607
2024-07-24 05:50:00,0.42512,-65.245,-25.935
2024-07-24 06:00:00,0.015609,-122.89,-54.417
2024-07-24 06:10:00,0.025814,-122.89,-54.417
2024-07-24 06:20:00,0.040904,-121.5,-48.379
2024-07-24 06:30:00,0.010401,-121.5,-48.379
2024-07-24 06:40:00,-0.11778,-179.28,14.304
2024-07-24 06:50:00,0.01638,-179.28,14.304
2024-07-24 07:00:00,0.01186,-280.98,72.737
2024-07-24 07:10:00,0.0059734,-280.98,72.737
2024-07-24 07:20:00,0.015004,-266.21,-76.673
2024-07-24 07:30:00,0.019466,-266.21,-76.673
2024-07-24 07:40:00,0.025544,-266.21,-76.673
2024-07-24 07:50:00,0.16959,-98.323,-23.849
2024-07-24 08:00:00,0.18401,-98.323,-23.849
2024-07-24 08:10:00,0.8511,-85.663,-12.521
2024-07-24 08:20:00,0.15286,-85.663,-12.521
2024-07-24 08:30:00,0.091992,-89.421,-49.181
2024-07-24 08:40:00,0.1478,-89.421,-49.181
2024-07-24 08:50:00,0.11768,-111.46,-14.696
2024-07-24 09:00:00,0.063693,-97.95,-194.51
2024-07-24 09:10:00,0.13619,-97.95,-194.51
2024-07-24 09:20:00,0.13768,-112.81,-88.936
2024-07-24 09:30:00,0.065761,-112.81,-88.936
2024-07-24 09:50:00,0.26032,-130.74,-52.377
2024-07-24 10:40:00,0.22229,-131.27,-181.89
2024-07-24 11:00:00,0.19314,-128.93,-217.29
2024-07-24 13:00:00,0.068653,-165.72,-174.32
2024-07-24 13:10:00,0.089174,-165.72,-174.32
2024-07-24 13:40:00,0.06062,-228.5,-223.16
2024-07-24 13:50:00,0.068837,-533.99,199.21
2024-07-24 14:00:00,0.068578,-533.99,199.21
2024-07-24 14:20:00,0.11331,-1055.1,88.863
2024-07-24 14:30:00,0.10268,-306.16,-32.603
2024-07-24 14:40:00,0.19962,-306.16,-32.603
2024-07-24 14:50:00,0.082226,,175.26
2024-07-24 15:00:00,-0.040952,-232.98,390.92
2024-07-24 15:10:00,-0.006802,-232.98,390.92
2024-07-24 15:20:00,0.15739,144.43,83.868
2024-07-24 15:30:00,-0.018445,144.43,83.868
2024-07-24 15:40:00,-0.054265,183.72,59.874
2024-07-24 15:50:00,-0.15596,183.72,59.874
2024-07-24 16:00:00,0.46434,329.2,42.544
2024-07-24 16:10:00,1.2221,329.2,42.544
2024-07-24 16:20:00,0.20269,210.19,58.994
2024-07-24 17:10:00,0.016291,,7.5856
2024-07-24 17:30:00,-0.11324,133.19,0.17796
2024-07-24 17:40:00,-0.081212,133.19,0.17796
2024-07-24 17:50:00,-0.048611,233.14,16.153
2024-07-24 18:00:00,-0.052005,397.76,60.14
2024-07-24 18:10:00,0.02527,397.76,60.14
2024-07-24 18:20:00,-0.088311,62.136,9.8118
2024-07-24 18:30:00,-0.081529,62.136,9.8118
2024-07-24 19:10:00,-0.1233,-78.838,31.045
2024-07-24 19:20:00,-0.2724,135.35,31.315
2024-07-24 19:30:00,-0.48961,135.35,31.315
2024-07-24 19:40:00,-1.2504,135.35,31.315
2024-07-24 19:50:00,-2.0139,58.06,12.195
2024-07-24 20:00:00,-4.9651,58.06,12.195
2024-07-24 20:10:00,-4.6642,84.21,-0.99999
2024-07-24 20:20:00,-0.86922,84.21,-0.99999
2024-07-24 20:30:00,-2.7823,41.162,11.82
2024-07-24 20:40:00,2.0577,41.162,11.82
2024-07-24 20:50:00,3.2607,30.805,52.269
2024-07-24 21:00:00,4.5342,41.537,2.81
2024-07-24 21:10:00,73.964,41.537,2.81
2024-07-24 21:20:00,2.6032,60.253,-35.651
2024-07-24 21:40:00,6.5544,128.13,-11.276
2024-07-24 21:50:00,1.164,128.13,-11.276
2024-07-24 22:00:00,-0.55044,162.95,8.1613
2024-07-24 22:10:00,-0.39863,162.95,8.1613
2024-07-24 22:20:00,-0.64063,200.04,15.791
2024-07-24 22:30:00,-1.6776,200.04,15.791
2024-07-24 22:40:00,-3.0977,200.04,15.791
2024-07-24 22:50:00,6.9541,111.59,79.684
2024-07-24 23:00:00,6.107,111.59,79.684
2024-07-24 23:10:00,2.1618,43.671,36.288
2024-07-24 23:20:00,1.0252,43.671,36.288
2024-07-24 23:30:00,1.2122,38.675,25.052
2024-07-24 23:40:00,0.18617,38.675,25.052
2024-07-24 23:50:00,0.74072,,
2024-07-25 00:00:00,1.1371,39.794,
2024-07-25 00:10:00,0.31607,39.794,
2024-07-25 00:20:00,0.49086,49.571,54.217
2024-07-25 00:30:00,0.45876,49.571,54.217
2024-07-25 00:40:00,0.72568,3.7433,424.26
2024-07-25 00:50:00,0.56765,3.7433,424.26
2024-07-25 01:00:00,1.0304,76.442,30.474
2024-07-25 01:10:00,0.47875,76.442,30.474
2024-07-25 01:20:00,1.4303,42.266,168.14
2024-07-25 01:30:00,2.0541,42.266,168.14
2024-07-25 01:40:00,1.5482,42.266,168.14
2024-07-25 01:50:00,-3.0401,51.138,0.15137
2024-07-25 02:00:00,-2.8377,51.138,0.15137
2024-07-25 02:10:00,0.23593,31.037,24.897
2024-07-25 02:20:00,-3.3401,31.037,24.897
2024-07-25 02:30:00,3.1886,122.91,17.277
2024-07-25 02:40:00,-3.0449,122.91,17.277
2024-07-25 02:50:00,0.078792,-141.06,-9.7046
2024-07-25 03:00:00,-1.0177,-198.95,-11.13
2024-07-25 03:10:00,-1.1283,-198.95,-11.13
2024-07-25 03:20:00,-1.2112,,-9.5506
2024-07-25 03:30:00,-1.3266,,-9.5506
2024-07-25 03:40:00,-6.5356,-338.62,1.624
2024-07-25 03:50:00,-1.5251,-338.62,1.624
2024-07-25 04:00:00,-0.86983,-415.94,27.28
2024-07-25 04:10:00,-0.016087,-415.94,27.28
2024-07-25 04:20:00,0.033263,161.65,
2024-07-25 04:30:00,-0.32168,161.65,
2024-07-25 04:40:00,1.5301,161.65,
2024-07-25 04:50:00,0.92996,329.29,-9.0802
2024-07-25 05:00:00,0.78814,329.29,-9.0802
2024-07-25 05:10:00,0.58759,1548.4,-138.31
2024-07-25 05:20:00,-0.24287,1548.4,-138.31
2024-07-25 05:30:00,-0.45151,-2437.8,
2024-07-25 05:40:00,-0.35093,-2437.8,
2024-07-25 05:50:00,0.045725,-855.83,
2024-07-25 06:00:00,0.23566,-563.16,159.1
2024-07-25 06:10:00,0.091421,-563.16,159.1
2024-07-25 06:20:00,0.093237,553.15,-6.8502
2024-07-25 06:30:00,-0.218,553.15,-6.8502
2024-07-25 07:00:00,-0.2053,-168.22,
2024-07-25 07:10:00,-0.034004,-168.22,
2024-07-25 07:20:00,-0.14074,-621.5,193.98
2024-07-25 07:30:00,0.065537,-621.5,193.98
2024-07-25 07:40:00,0.053898,-621.5,193.98
2024-07-25 07:50:00,-0.091437,-299.47,-52.432
2024-07-25 08:00:00,0.018424,-299.47,-52.432
2024-07-25 08:10:00,-1.5954,-159.84,-12.733
2024-07-25 08:20:00,-0.13136,-159.84,-12.733
2024-07-25 08:30:00,-0.17422,-1683.8,-59.614
2024-07-25 08:40:00,0.39641,-1683.8,-59.614
2024-07-25 08:50:00,0.62346,-229.68,4.4001
2024-07-25 09:00:00,1.8486,,-29.949
2024-07-25 09:10:00,0.77754,,-29.949
2024-07-25 10:10:00,0.11655,-21.108,-16.717
2024-07-25 10:20:00,0.05869,-14.637,42.36
2024-07-25 12:40:00,0.88805,-70.248,
2024-07-25 12:50:00,10.988,-70.248,
2024-07-25 13:00:00,-0.86278,-29.101,4.4761
2024-07-25 13:10:00,1.9846,-29.101,4.4761
2024-07-25 13:20:00,1.2066,-20.811,2.3235
2024-07-25 13:30:00,2.4137,-20.811,2.3235
2024-07-25 13:40:00,2.4777,-20.811,2.3235
2024-07-25 13:50:00,2.5229,-19.893,8.781
2024-07-25 14:00:00,3.8307,-19.893,8.781
2024-07-25 14:10:00,5.5117,-118.02,-15.864
2024-07-25 14:20:00,1.0547,-118.02,-15.864
2024-07-25 14:30:00,1.0401,,-11.072
2024-07-25 14:40:00,0.50488,,-11.072
2024-07-25 14:50:00,0.35844,141.76,20.849
2024-07-25 15:00:00,-0.17792,168.67,-11.833
2024-07-25 15:10:00,-0.32078,168.67,-11.833
2024-07-25 15:20:00,-0.28289,135.53,42.399
2024-07-25 15:30:00,-0.21361,135.53,42.399
2024-07-25 15:40:00,-0.51387,41.743,53.535
2024-07-25 15:50:00,-0.832,41.743,53.535
2024-07-25 16:00:00,-0.81565,47.948,35.021
2024-07-25 16:10:00,-0.50268,47.948,35.021
2024-07-25 16:20:00,1.1852,45.988,15.77
2024-07-25 16:30:00,1.1171,45.988,15.77
2024-07-25 16:40:00,1.2725,45.988,15.77
2024-07-25 16:50:00,0.76437,37.851,33.426
2024-07-25 17:00:00,-0.43435,37.851,33.426
2024-07-25 17:10:00,-0.79254,59.802,203.05
2024-07-25 17:20:00,-0.96956,59.802,203.05
2024-07-25 17:30:00,-0.39035,340.3,35.373
2024-07-25 17:40:00,-0.31407,340.3,35.373
2024-07-25 17:50:00,-0.36309,65.21,40.674
2024-07-25 18:00:00,0.50495,68.329,15.229
2024-07-25 18:10:00,-0.18767,68.329,15.229
2024-07-25 18:20:00,-0.37398,96.007,147.74
2024-07-25 18:30:00,-0.37243,96.007,147.74
2024-07-25 18:40:00,-0.76854,58.932,527.72
2024-07-25 18:50:00,-1.4808,58.932,527.72
2024-07-25 19:00:00,-14.474,47.524,12.412
2024-07-25 19:10:00,-5.221,47.524,12.412
2024-07-25 19:20:00,-0.72362,48.992,35.773
2024-07-25 19:30:00,-1.9845,48.992,35.773
2024-07-25 19:40:00,-0.41405,48.992,35.773
2024-07-25 19:50:00,0.11192,61.873,99.558
2024-07-25 20:00:00,0.61469,61.873,99.558
2024-07-25 20:10:00,0.46702,80.898,50.008
2024-07-25 20:20:00,0.42507,80.898,50.008
2024-07-25 20:30:00,-0.080917,94.102,102.02
2024-07-25 20:40:00,-0.0086901,94.102,102.02
2024-07-25 20:50:00,-0.1387,103.74,83.119
2024-07-25 21:00:00,-0.13837,124.91,126.02
2024-07-25 21:20:00,0.16461,149.42,114.82
2024-07-25 21:30:00,-0.069223,149.42,114.82
2024-07-25 21:40:00,-0.19109,159.82,122.56
2024-07-25 21:50:00,-0.23673,159.82,122.56
2024-07-25 22:00:00,0.44201,149.91,104.79
2024-07-25 22:10:00,0.26815,149.91,104.79
2024-07-25 22:20:00,0.2007,145.65,104.23
2024-07-25 22:30:00,0.068592,145.65,104.23
2024-07-25 22:40:00,0.083297,145.65,104.23
2024-07-25 22:50:00,0.046772,115.28,91.148
2024-07-25 23:00:00,0.053592,115.28,91.148
2024-07-25 23:10:00,0.008882,136.55,84.135
2024-07-25 23:20:00,0.035928,136.55,84.135
2024-07-25 23:30:00,0.22526,118.03,67.7
2024-07-25 23:40:00,0.019744,118.03,67.7
2024-07-25 23:50:00,0.3389,,
2024-07-26 00:00:00,0.24686,111.23,78.829
2024-07-26 00:10:00,0.27037,111.23,78.829
2024-07-26 00:20:00,0.29024,144.96,109.97
2024-07-26 00:30:00,0.16632,144.96,109.97
2024-07-26 00:40:00,0.16021,125.17,88.52
2024-07-26 00:50:00,0.19704,125.17,88.52
2024-07-26 01:00:00,0.16082,163.46,53.669
2024-07-26 01:10:00,0.14344,163.46,53.669
2024-07-26 01:20:00,0.1896,197.56,139.17
2024-07-26 01:30:00,0.24117,197.56,139.17
2024-07-26 01:40:00,0.23968,197.56,139.17
2024-07-26 01:50:00,0.20749,168.72,117.35
2024-07-26 02:00:00,0.26506,168.72,117.35
2024-07-26 02:10:00,0.18395,389.09,122.02
2024-07-26 02:20:00,0.38816,389.09,122.02
2024-07-26 02:30:00,0.18735,296.43,121.85
2024-07-26 02:40:00,0.27721,296.43,121.85
2024-07-26 02:50:00,0.17338,537.79,146.86
2024-07-26 03:00:00,0.20723,1187.7,112.5
2024-07-26 03:10:00,0.1443,1187.7,112.5
2024-07-26 03:20:00,0.11328,-14378,238.97
2024-07-26 03:30:00,0.31503,-14378,238.97
2024-07-26 03:40:00,0.24648,16010,217.86
2024-07-26 03:50:00,0.18951,16010,217.86
2024-07-26 04:00:00,0.3289,-30546,221.62
2024-07-26 04:10:00,0.25513,-30546,221.62
2024-07-26 04:20:00,0.76708,2479.3,109.51
2024-07-26 04:30:00,0.7528,2479.3,109.51
2024-07-26 04:40:00,0.18369,2479.3,109.51
2024-07-26 04:50:00,0.24691,1596,238.67
2024-07-26 05:00:00,0.37226,1596,238.67
2024-07-26 05:10:00,0.08343,1255.7,335.1
2024-07-26 05:20:00,0.18456,1255.7,335.1
2024-07-26 05:30:00,0.12132,19720,446.81
2024-07-26 05:40:00,0.077147,19720,446.81
2024-07-26 05:50:00,-0.016045,29082,341.52
2024-07-26 06:00:00,-0.15007,-4360.3,1848.4
2024-07-26 06:10:00,0.05358,-4360.3,1848.4
2024-07-26 06:20:00,0.10448,-775.79,-751.24
2024-07-26 06:30:00,-0.10703,-775.79,-751.24
2024-07-26 06:40:00,0.24092,-688.85,-2233.8
2024-07-26 06:50:00,0.066205,-688.85,-2233.8
2024-07-26 07:00:00,0.018865,-710.65,-1058.3
2024-07-26 07:10:00,0.66947,-710.65,-1058.3
2024-07-26 07:20:00,0.14236,-517.89,-803.15
2024-07-26 07:30:00,0.236,-517.89,-803.15
2024-07-26 07:40:00,0.14537,-517.89,-803.15
2024-07-26 07:50:00,0.0089389,-494.72,-360.13
2024-07-26 08:00:00,-0.15419,-494.72,-360.13
2024-07-26 08:10:00,0.32688,-387.52,-524.18
2024-07-26 08:20:00,0.52937,-387.52,-524.18
2024-07-26 08:30:00,0.43479,-345.14,-304.68
2024-07-26 08:40:00,-0.85321,-345.14,-304.68
2024-07-26 08:50:00,0.038488,-319.59,-187.82
2024-07-26 09:00:00,0.12238,-228.05,-288.45
2024-07-26 09:10:00,1.3466,-228.05,-288.45
2024-07-26 09:20:00,0.050908,-315.81,-241.1
2024-07-26 09:30:00,-0.097334,-315.81,-241.1
2024-07-26 09:40:00,-0.9512,-247.59,-233.7
2024-07-26 09:50:00,3.6683,-247.59,-233.7
2024-07-26 10:00:00,3.5098,-228.96,-104.81
2024-07-26 10:10:00,-0.61157,-228.96,-104.81
2024-07-26 10:20:00,-1.3059,-306.82,-154.06
2024-07-26 10:30:00,-1.8991,-306.82,-154.06
2024-07-26 10:40:00,-12.191,-306.82,-154.06
2024-07-26 10:50:00,-7.6195,-269.18,-249.12
2024-07-26 11:00:00,-3.7797,-269.18,-249.12
2024-07-26 11:10:00,-5.9708,-268.2,-136.56
2024-07-26 11:20:00,-56.264,-268.2,-136.56
2024-07-26 11:30:00,-4.5763,-291.37,-102.71
2024-07-26 11:40:00,-23.27,-291.37,-102.71
2024-07-26 11:50:00,-17.457,-304.44,-102.63
2024-07-26 12:00:00,-9.6806,-271.74,-135.9
2024-07-26 12:10:00,-2.4718,-271.74,-135.9
2024-07-26 12:20:00,-9.9141,-226.83,-28.774
2024-07-26 12:30:00,-705.01,-226.83,-28.774
2024-07-26 12:40:00,-5.0361,-237.71,-83.594
2024-07-26 12:50:00,-5.7078,-237.71,-83.594
2024-07-26 13:00:00,2.9466,-219.46,-85.383
2024-07-26 13:10:00,-1.5953,-219.46,-85.383
2024-07-26 13:20:00,-5.3428,-152.5,-50.557
2024-07-26 13:30:00,-97.844,-152.5,-50.557
2024-07-26 13:40:00,-8.8419,-152.5,-50.557
2024-07-26 13:50:00,-219.53,-131.24,-57.169
2024-07-26 14:00:00,-30.365,-131.24,-57.169
2024-07-26 14:10:00,-5.4971,-82.854,-10.437
2024-07-26 14:20:00,-0.84467,-82.854,-10.437
2024-07-26 14:30:00,0.52795,-94.173,-16.278
2024-07-26 14:40:00,-15.514,-94.173,-16.278
2024-07-26 14:50:00,-4.915,-93.011,-40.007
2024-07-26 15:00:00,-82.014,-75.303,-44.072
2024-07-26 15:10:00,-10.238,-75.303,-44.072
2024-07-26 15:20:00,-5.3647,-68.564,-56.786
2024-07-26 15:30:00,-44.26,-68.564,-56.786
2024-07-26 15:40:00,-17.116,-40.893,-18.791
2024-07-26 15:50:00,5.8909,-40.893,-18.791
2024-07-26 16:00:00,199.97,-59.3,-28.039
2024-07-26 16:10:00,-9.5967,-59.3,-28.039
2024-07-26 16:20:00,28.687,-46.276,-44.789
2024-07-26 16:40:00,-30.241,-46.276,-44.789
2024-07-26 16:50:00,9.2697,-58.033,-33.689
2024-07-26 17:00:00,-38.187,-58.033,-33.689
2024-07-26 17:10:00,-22.451,-55.662,-7.2348
2024-07-26 17:20:00,2.3214,-55.662,-7.2348
2024-07-26 17:30:00,-16.931,-51.285,-23.393
2024-07-26 17:40:00,-5.5045,-51.285,-23.393
2024-07-26 17:50:00,-25.711,-29.513,-12.832
2024-07-26 18:00:00,1.8431,-18.876,-12.315
2024-07-26 18:10:00,0.349,-18.876,-12.315
2024-07-26 18:20:00,2.9905,-29.294,-27.475
2024-07-26 18:30:00,0.22203,-29.294,-27.475
2024-07-26 18:40:00,2.5016,-23.584,-39.879
2024-07-26 18:50:00,26.456,-23.584,-39.879
2024-07-26 19:00:00,1.7923,-26.786,-23.859
2024-07-26 19:10:00,0.92959,-26.786,-23.859
2024-07-26 19:20:00,2.5808,-14.858,-15.199
2024-07-26 19:30:00,1.4196,-14.858,-15.199
2024-07-26 19:40:00,1.6956,-14.858,-15.199
2024-07-26 19:50:00,4.8159,-31.455,-27.559
2024-07-26 20:00:00,2.1816,-31.455,-27.559
2024-07-26 20:10:00,4.4139,-38.66,-52.826
2024-07-26 20:20:00,2.4782,-38.66,-52.826
2024-07-26 20:30:00,3.5477,-29.24,-80.354
2024-07-26 20:40:00,2.0846,-29.24,-80.354
2024-07-26 20:50:00,0.44143,-29.417,-37.133
2024-07-26 21:00:00,0.34344,-35.276,-16.786
2024-07-26 21:10:00,1.3123,-35.276,-16.786
2024-07-26 21:20:00,0.78838,-29.654,-18.599
2024-07-26 21:30:00,0.71119,-29.654,-18.599
2024-07-26 21:40:00,0.81334,-32.075,-51.897
2024-07-26 21:50:00,1.5948,-32.075,-51.897
2024-07-26 22:00:00,2.5156,-52.042,-45.636
2024-07-26 22:10:00,1.9511,-52.042,-45.636
2024-07-26 22:20:00,1.3188,-44.597,-30.484
2024-07-26 22:30:00,0.82578,-44.597,-30.484
2024-07-26 22:40:00,1.0616,-44.597,-30.484
2024-07-26 22:50:00,2.0247,-54.619,-36.382
2024-07-26 23:00:00,0.57775,-54.619,-36.382
2024-07-26 23:10:00,0.76575,-63.61,-102.6
2024-07-26 23:20:00,0.41024,-63.61,-102.6
2024-07-26 23:30:00,0.43035,-64.272,-30.926
2024-07-26 23:40:00,1.2041,-64.272,-30.926
2024-07-26 23:50:00,0.3465,,
2024-07-27 00:00:00,0.31342,-123.8,-46.227
2024-07-27 00:10:00,0.26758,-123.8,-46.227
2024-07-27 00:20:00,0.2963,-96.041,-198.94
2024-07-27 00:30:00,0.81028,-96.041,-198.94
2024-07-27 00:40:00,22.762,132.09,
2024-07-27 00:50:00,1.0774,132.09,
2024-07-27 01:00:00,0.79575,130.22,1037.7
2024-07-27 01:10:00,0.4184,130.22,1037.7
2024-07-27 01:20:00,0.2834,61.722,1515.5
2024-07-27 01:30:00,0.32081,61.722,1515.5
2024-07-27 01:40:00,0.35572,61.722,1515.5
2024-07-27 01:50:00,0.45224,149.01,60.046
2024-07-27 02:00:00,0.79088,149.01,60.046
2024-07-27 02:10:00,2.6025,255.39,110.01
2024-07-27 02:20:00,1.183,255.39,110.01
2024-07-27 02:30:00,0.39361,-2053.1,
2024-07-27 02:40:00,0.22938,-2053.1,
2024-07-27 02:50:00,0.35081,-115.22,34.861
2024-07-27 03:00:00,0.55743,-630.09,116.73
2024-07-27 03:10:00,0.26947,-630.09,116.73
2024-07-27 03:20:00,0.40312,-523.45,114.53
2024-07-27 03:30:00,0.37745,-523.45,114.53
2024-07-27 03:40:00,0.28777,947.69,224.8
2024-07-27 03:50:00,1.0159,947.69,224.8
2024-07-27 04:00:00,0.61997,753.52,88.444
2024-07-27 04:10:00,0.82939,753.52,88.444
2024-07-27 04:20:00,2.2773,375.43,51.396
2024-07-27 04:30:00,1.6381,375.43,51.396
2024-07-27 04:40:00,1.4596,375.43,51.396
2024-07-27 04:50:00,3.6388,,78.112
2024-07-27 05:00:00,8.4045,,78.112
2024-07-27 05:10:00,38.898,-92.25,-141.75
2024-07-27 05:20:00,6.2735,-92.25,-141.75
2024-07-27 05:30:00,6.1057,-47.654,-114.66
2024-07-27 05:40:00,4.508,-47.654,-114.66
2024-07-27 05:50:00,3.9499,-224.81,
2024-07-27 06:00:00,13.76,-53.272,
2024-07-27 06:10:00,6.3395,-53.272,
2024-07-27 06:20:00,1.3275,-66.9,
2024-07-27 06:30:00,0.80252,-66.9,
2024-07-27 06:40:00,1.7336,-111.19,21.307
2024-07-27 06:50:00,1.891,-111.19,21.307
2024-07-27 07:00:00,0.13124,-105.82,17.244
2024-07-27 10:20:00,1.688,-202.97,155.54
2024-07-27 10:30:00,2.1989,-202.97,155.54
2024-07-27 10:40:00,2.9059,-202.97,155.54
2024-07-27 10:50:00,1.1754,-164.27,-683.45
2024-07-27 11:00:00,0.70243,-164.27,-683.45
2024-07-27 11:10:00,1.2207,-107.29,247.28
2024-07-27 11:20:00,0.28942,-107.29,247.28
2024-07-27 11:30:00,0.94651,-67.139,-318.16
2024-07-27 11:40:00,0.52802,-67.139,-318.16
2024-07-27 11:50:00,0.64382,-63.264,-95.988
2024-07-27 12:00:00,1.7923,-89.478,-1290.7
2024-07-27 12:10:00,0.8563,-89.478,-1290.7
2024-07-27 12:20:00,2.9825,-42.962,-92.374
2024-07-27 12:30:00,0.51478,-42.962,-92.374
2024-07-27 12:40:00,0.84744,-29.714,-186.05
2024-07-27 12:50:00,1.3911,-29.714,-186.05
2024-07-27 13:00:00,1.16,,
2024-07-27 13:10:00,2.4647,,
2024-07-27 13:20:00,1.363,-32.323,-180.94
2024-07-27 13:30:00,2.2311,-32.323,-180.94
2024-07-27 13:40:00,1.7185,-32.323,-180.94
2024-07-27 13:50:00,1.0685,-18.962,-20.993
2024-07-27 14:00:00,1.2742,-18.962,-20.993
2024-07-27 14:10:00,1.4826,,
2024-07-27 14:20:00,0.84493,,
2024-07-27 14:30:00,0.34181,-32.587,-30.244
2024-07-27 14:40:00,0.30358,-32.587,-30.244
2024-07-27 14:50:00,0.4286,-27.328,-73.925
2024-07-27 15:00:00,0.78961,-19.108,-103.48
2024-07-27 15:10:00,0.55824,-19.108,-103.48
2024-07-27 15:20:00,0.30782,-17.277,-52.5
2024-07-27 15:30:00,0.28766,-17.277,-52.5
2024-07-27 15:40:00,0.35168,-20.376,-40.159
2024-07-27 15:50:00,0.34595,-20.376,-40.159
2024-07-27 16:00:00,0.36725,-22.676,-5.9688
2024-07-27 16:10:00,0.20355,-22.676,-5.9688
2024-07-27 16:20:00,0.27986,-24.96,-2.6864
2024-07-27 16:30:00,0.30023,-24.96,-2.6864
2024-07-27 16:40:00,0.31763,-24.96,-2.6864
2024-07-27 16:50:00,0.29208,-23.73,-6.2765
2024-07-27 17:00:00,0.32579,-23.73,-6.2765
2024-07-27 17:10:00,0.39667,-32.049,-24.285
2024-07-27 17:20:00,0.33555,-32.049,-24.285
2024-07-27 17:30:00,0.43106,-25.637,-8.6942
2024-07-27 17:40:00,0.51124,-25.637,-8.6942
2024-07-27 17:50:00,0.48923,-19.219,-8.4014
2024-07-27 18:00:00,0.26039,-13.619,-24.774
2024-07-27 18:10:00,0.2294,-13.619,-24.774
2024-07-27 18:20:00,0.21327,-5.1254,-7.94
2024-07-27 18:30:00,0.48996,-5.1254,-7.94
2024-07-27 18:40:00,0.56923,-5.6738,-19.238
2024-07-27 18:50:00,0.28936,-5.6738,-19.238
2024-07-27 19:00:00,0.33116,-1.4127,-14.871
2024-07-27 19:10:00,0.61891,-1.4127,-14.871
2024-07-27 19:20:00,0.96526,-1.2242,-3.1685
2024-07-27 19:30:00,0.90408,-1.2242,-3.1685
2024-07-27 19:40:00,0.63223,-1.2242,-3.1685
2024-07-27 19:50:00,0.86746,-9.3833,-5.6646
2024-07-27 20:00:00,1.4604,-9.3833,-5.6646
2024-07-27 20:10:00,0.62124,-2.5206,-18.111
2024-07-27 20:20:00,0.98926,-2.5206,-18.111
2024-07-27 20:30:00,1.477,-3.3467,-21.693
2024-07-27 20:40:00,2.599,-3.3467,-21.693
2024-07-27 20:50:00,0.65025,-1.6951,-0.94658
2024-07-27 21:00:00,1.2251,-0.95097,-4.917
2024-07-27 21:10:00,7.6906,-0.95097,-4.917
2024-07-27 21:20:00,1.9226,-14.909,-35.606
2024-07-27 21:30:00,9.6624,-14.909,-35.606
2024-07-27 21:40:00,22.937,-7.331,-5.7738
2024-07-27 21:50:00,3.6212,-7.331,-5.7738
2024-07-27 22:00:00,6.7696,-7.497,-82.717
2024-07-27 22:10:00,2.3203,-7.497,-82.717
2024-07-27 22:20:00,0.88147,-6.8788,-30.834
2024-07-27 22:30:00,1.2137,-6.8788,-30.834
2024-07-27 22:40:00,1.2723,-6.8788,-30.834
2024-07-27 22:50:00,1.8399,-20.368,-12.895
2024-07-27 23:00:00,2.166,-20.368,-12.895
2024-07-27 23:20:00,7.439,-19.848,-41.997
2024-07-27 23:30:00,3.9787,-8.0851,-23.828
2024-07-27 23:40:00,2.9378,-8.0851,-23.828
2024-07-27 23:50:00,2.972,,
2024-07-28 00:00:00,4.3225,,
2024-07-28 00:10:00,3.435,,
2024-07-28 00:20:00,2.9476,-9.2679,251.99
2024-07-28 00:30:00,4.4726,-9.2679,251.99
2024-07-28 00:40:00,4.5594,-7.3578,-10.091
2024-07-28 00:50:00,3.2224,-7.3578,-10.091
2024-07-28 01:00:00,2.9737,-70.323,-16.84
2024-07-28 01:10:00,1.5633,-70.323,-16.84
2024-07-28 01:20:00,0.89624,-89.416,-13.973
2024-07-28 01:30:00,0.31847,-89.416,-13.973
2024-07-28 01:40:00,0.12316,-89.416,-13.973
2024-07-28 01:50:00,0.69905,-633.97,-33.405
2024-07-28 02:00:00,0.51833,-633.97,-33.405
2024-07-28 02:10:00,0.378,-368.3,-36.933
2024-07-28 02:20:00,0.20094,-368.3,-36.933
2024-07-28 02:30:00,0.27353,264.95,-131.16
2024-07-28 02:40:00,0.40566,264.95,-131.16
2024-07-28 02:50:00,0.84355,-176.79,-126.64
2024-07-28 03:00:00,0.4687,-62.031,-55.29
2024-07-28 03:10:00,0.93908,-62.031,-55.29
2024-07-28 03:20:00,0.2805,-9.4086,-55.373
2024-07-28 03:50:00,1.3649,-14.097,-13.596
2024-07-28 04:00:00,0.39957,-15.487,-23.343
2024-07-28 04:10:00,44.892,-15.487,-23.343
2024-07-28 10:30:00,0.39683,-242.32,-19.007
2024-07-28 10:40:00,0.56642,-242.32,-19.007
2024-07-28 10:50:00,0.58147,-132.15,-60.043
2024-07-28 11:00:00,1.0354,-132.15,-60.043
2024-07-28 11:10:00,1.2408,-157.71,-58.122
2024-07-28 11:20:00,4.1106,-157.71,-58.122
2024-07-28 11:30:00,3.2074,-139.32,-45.028
2024-07-28 11:40:00,2.4401,-139.32,-45.028
2024-07-28 11:50:00,2.9295,-90.324,-117.69
2024-07-28 12:00:00,3.5915,-71.632,-18.284
2024-07-28 12:10:00,1.4179,-71.632,-18.284
2024-07-28 12:20:00,1.3978,-68.955,-31.045
2024-07-28 12:30:00,2.4347,-68.955,-31.045
2024-07-28 12:40:00,1.5439,-68.686,-8.1897
2024-07-28 12:50:00,0.507,-68.686,-8.1897
2024-07-28 13:00:00,0.50377,-77.936,-30.035
2024-07-28 13:10:00,0.84548,-77.936,-30.035
2024-07-28 13:20:00,0.37557,-69.935,-15.431
2024-07-28 13:30:00,0.83352,-69.935,-15.431
2024-07-28 13:40:00,0.6201,-69.935,-15.431
2024-07-28 13:50:00,0.34574,-152.01,-31.984
2024-07-28 14:00:00,0.26541,-152.01,-31.984
2024-07-28 14:10:00,0.35822,-58.478,-17.215
2024-07-28 14:20:00,0.30659,-58.478,-17.215
2024-07-28 14:30:00,0.53032,-52.71,-34.34
2024-07-28 14:40:00,0.34681,-52.71,-34.34
2024-07-28 14:50:00,0.57743,-62.991,-44.472
2024-07-28 15:00:00,0.42799,-116.26,-23.164
2024-07-28 15:10:00,0.27175,-116.26,-23.164
2024-07-28 15:20:00,0.60033,-90.379,-34.962
2024-07-28 15:30:00,0.92932,-90.379,-34.962
2024-07-28 15:40:00,0.20412,-93.388,-39.12
2024-07-28 15:50:00,0.64781,-93.388,-39.12
2024-07-28 16:00:00,4.3731,-161.64,-29.181
2024-07-28 16:10:00,0.83367,-161.64,-29.181
2024-07-28 16:20:00,0.62869,-112,-72.575
2024-07-28 16:30:00,4.0906,-112,-72.575
2024-07-28 16:40:00,14.347,-112,-72.575
2024-07-28 16:50:00,0.84218,-199.37,-78.188
2024-07-28 17:00:00,1.2027,-199.37,-78.188
2024-07-28 17:10:00,1.3486,-177.81,-61.12
2024-07-28 17:20:00,1.6053,-177.81,-61.12
2024-07-28 17:30:00,1.0852,-117.83,-94.661
2024-07-28 17:40:00,1.1128,-117.83,-94.661
2024-07-28 17:50:00,3.5564,-150.5,-98.195
2024-07-28 18:00:00,5.7359,-135.59,-77.472
2024-07-28 18:10:00,1.4293,-135.59,-77.472
2024-07-28 18:20:00,-5.6261,-119.36,-18.402
2024-07-28 18:30:00,-48.553,-119.36,-18.402
2024-07-28 18:40:00,4.9087,-89.745,-87.792
2024-07-28 18:50:00,5.4497,-89.745,-87.792
2024-07-28 19:00:00,0.20363,-278.12,-127.7
2024-07-28 19:10:00,1.8784,-278.12,-127.7
2024-07-28 19:20:00,0.96189,-555.29,-158.18
2024-07-28 19:30:00,0.23369,-555.29,-158.18
2024-07-28 19:40:00,0.25578,-555.29,-158.18
2024-07-28 19:50:00,0.2808,-416.14,-113.08
2024-07-28 20:00:00,0.39058,-416.14,-113.08
2024-07-28 20:10:00,-0.36999,-508.28,-146
2024-07-28 20:20:00,-2.8435,-508.28,-146
2024-07-28 20:30:00,-9.169,-500.01,-189.91
2024-07-28 20:40:00,-2.6598,-500.01,-189.91
2024-07-28 20:50:00,-0.94759,-579.45,-164.66
2024-07-28 21:00:00,-0.74869,-381.62,-258.8
2024-07-28 21:10:00,-1.3022,-381.62,-258.8
2024-07-28 21:20:00,-1.7975,-296.89,-99.336
2024-07-28 21:30:00,1.2644,-296.89,-99.336
2024-07-28 21:40:00,2.5718,-428.54,-239.18
2024-07-28 21:50:00,4.5888,-428.54,-239.18
2024-07-28 22:00:00,2.1857,-265.14,-174.46
2024-07-28 22:10:00,22.982,-265.14,-174.46
2024-07-28 22:20:00,13.623,-543.96,-9035.1
2024-07-28 22:30:00,-5.1728,-543.96,-9035.1
2024-07-28 22:40:00,-30.141,-543.96,-9035.1
2024-07-28 22:50:00,-25.63,-559.28,-146.28
2024-07-28 23:00:00,-123.95,-559.28,-146.28
2024-07-28 23:10:00,-14.818,-672.1,-2046
2024-07-28 23:20:00,-0.4096,-672.1,-2046
2024-07-28 23:30:00,-1.3753,-772.81,182.91
2024-07-28 23:40:00,-955.45,-772.81,182.91
2024-07-28 23:50:00,-212.62,,
2024-07-29 00:20:00,-21.764,-118.93,-34.911
2024-07-29 00:30:00,-937.28,-118.93,-34.911
2024-07-29 00:40:00,-144.28,-231.59,-133.14
2024-07-29 02:40:00,-4.9775,-202.61,-125.02
2024-07-29 02:50:00,-1.3473,-164.86,-157.43
2024-07-29 03:00:00,0.72649,,
2024-07-29 03:10:00,-0.23403,,
2024-07-29 03:20:00,-0.062687,-71.673,-11.511
2024-07-29 03:30:00,0.11313,-71.673,-11.511
2024-07-29 03:40:00,-0.37692,-125.31,-30.454
2024-07-29 03:50:00,-27.986,-125.31,-30.454
2024-07-29 04:00:00,-6.7845,-130.96,-50.438
2024-07-29 04:10:00,-10.884,-130.96,-50.438
2024-07-29 04:20:00,0.35195,,
2024-07-29 04:30:00,-11.807,,
2024-07-29 04:40:00,-3.6612,,
2024-07-29 04:50:00,2.2841,-170.66,-138.78
2024-07-29 05:00:00,-340.75,-170.66,-138.78
2024-07-29 05:10:00,7.513,-179.41,-26.113
2024-07-29 05:20:00,-1.8022,-179.41,-26.113
2024-07-29 05:30:00,-2.5353,-234.83,-61.083
2024-07-29 05:40:00,-1.096,-234.83,-61.083
2024-07-29 05:50:00,-3.737,-192.88,-38.964
2024-07-29 06:00:00,-9.923,-113.89,-83.541
2024-07-29 06:10:00,-2.3346,-113.89,-83.541
2024-07-29 06:20:00,-28.661,-73.228,-36.053
2024-07-29 06:30:00,-1.8269,-73.228,-36.053
2024-07-29 06:40:00,-6.5326,-79.678,-91.317
2024-07-29 06:50:00,-54.986,-79.678,-91.317
2024-07-29 07:00:00,-1.6373,-75.463,-34.633
2024-07-29 07:10:00,-0.43874,-75.463,-34.633
2024-07-29 07:20:00,-0.66461,-102.7,-44.609
2024-07-29 07:30:00,0.3375,-102.7,-44.609
2024-07-29 07:40:00,-1.0096,-102.7,-44.609
2024-07-29 07:50:00,-1.845,-102.11,-12.193
2024-07-29 08:00:00,9.9609,-102.11,-12.193
2024-07-29 08:10:00,-0.38936,-67.717,-18.173
2024-07-29 08:20:00,6.3974,-67.717,-18.173
2024-07-29 08:30:00,-10.504,-59.278,-39.892
2024-07-29 08:40:00,-22.326,-59.278,-39.892
2024-07-29 08:50:00,1.4462,-115.15,-136.26
2024-07-29 09:00:00,-77.542,-103.7,-82.055
2024-07-29 09:10:00,-78.775,-103.7,-82.055
2024-07-29 09:20:00,-0.9941,-100.51,-99.26
2024-07-29 09:30:00,-46.271,-100.51,-99.26
2024-07-29 09:40:00,-0.36721,-167.81,604.97
2024-07-29 09:50:00,-19.595,-167.81,604.97
2024-07-29 10:00:00,-3.4339,-117.01,-425.46
2024-07-29 10:10:00,-15.738,-117.01,-425.46
2024-07-29 10:20:00,-4.4039,-85.382,2385.7
2024-07-29 10:30:00,-2.9399,-85.382,2385.7
2024-07-29 10:40:00,-3.6676,-85.382,2385.7
2024-07-29 10:50:00,-1654,-115.03,-116.54
2024-07-29 11:00:00,29.634,-115.03,-116.54
2024-07-29 11:10:00,-2.6398,-13.472,-35.721
2024-07-29 11:20:00,-0.51965,-13.472,-35.721
2024-07-29 11:30:00,39.172,-168.21,-75.613
2024-07-29 11:40:00,-1.0611,-168.21,-75.613
2024-07-29 11:50:00,-12.56,-89.775,-125.39
2024-07-29 12:00:00,-24.918,-85.28,-114.69
2024-07-29 12:10:00,-0.6994,-85.28,-114.69
2024-07-29 12:20:00,-10.027,-66.046,-33.304
2024-07-29 12:30:00,-633.65,-66.046,-33.304
2024-08-02 12:30:00,2.0496,107.33,-281.92
2024-08-02 12:50:00,1.0097,112.96,40.847
2024-08-02 13:00:00,3.195,31.796,18.246
2024-08-02 13:10:00,2.1288,31.796,18.246
2024-08-02 13:20:00,1.4384,258.16,22.21
2024-08-02 13:30:00,0.80371,258.16,22.21
2024-08-02 13:40:00,0.66989,258.16,22.21
2024-08-02 13:50:00,0.71874,60.482,20.104
2024-08-02 14:00:00,0.85005,60.482,20.104
2024-08-02 14:10:00,0.69547,35.559,27.877
2024-08-02 14:20:00,0.93502,35.559,27.877
2024-08-02 14:30:00,1.9569,69.395,30.522
2024-08-02 14:40:00,0.91754,69.395,30.522
2024-08-02 14:50:00,2.2675,208.93,200.88
2024-08-02 15:00:00,1.3139,53.815,127.23
2024-08-02 15:10:00,0.67041,53.815,127.23
2024-08-02 15:20:00,1.2887,255.79,13.883
2024-08-02 15:30:00,3.2981,255.79,13.883
2024-08-02 15:40:00,3.6272,66.807,23.143
2024-08-02 15:50:00,0.55911,66.807,23.143
2024-08-02 16:00:00,0.35465,49.795,17.81
2024-08-02 16:10:00,0.66024,49.795,17.81
2024-08-02 16:20:00,0.44661,279.83,22.514
2024-08-02 16:30:00,0.48496,279.83,22.514
2024-08-02 16:40:00,0.73398,279.83,22.514
2024-08-02 16:50:00,0.77043,117.37,68.27
2024-08-02 17:00:00,0.52516,117.37,68.27
2024-08-02 17:10:00,0.38572,69.253,71.699
2024-08-02 17:20:00,0.85316,69.253,71.699
2024-08-02 17:30:00,0.55351,78.487,44.133
2024-08-02 17:40:00,0.30644,78.487,44.133
2024-08-02 17:50:00,1.355,68.697,44.366
2024-08-02 18:00:00,0.4274,67.427,41.396
2024-08-02 18:10:00,0.85939,67.427,41.396
2024-08-02 18:20:00,0.40803,90.339,56.223
2024-08-02 18:30:00,0.64442,90.339,56.223
2024-08-02 18:40:00,0.79428,112.52,52.535
2024-08-02 18:50:00,0.71458,112.52,52.535
2024-08-02 19:00:00,0.9642,74.434,36.989
2024-08-02 19:10:00,0.68334,74.434,36.989
2024-08-02 19:20:00,0.42799,64.15,35.508
2024-08-02 19:30:00,0.35039,64.15,35.508
2024-08-02 19:40:00,1.1206,64.15,35.508
2024-08-02 19:50:00,2.7558,41.587,28.488
2024-08-02 20:10:00,2.3685,56.311,31.189
2024-08-02 20:20:00,0.35993,56.311,31.189
2024-08-02 20:30:00,0.30946,74.211,45.445
2024-08-02 20:40:00,0.36357,74.211,45.445
2024-08-03 15:00:00,0.26799,179.63,110.99
2024-08-03 15:10:00,0.35985,179.63,110.99
2024-08-03 15:20:00,0.30701,225.16,100.39
2024-08-03 15:30:00,0.35462,225.16,100.39
2024-08-03 16:00:00,0.88734,276.48,127.15
2024-08-03 16:10:00,0.58612,276.48,127.15
2024-08-03 16:20:00,0.33521,213.48,103.48
2024-08-03 16:30:00,0.35998,213.48,103.48
2024-08-03 16:40:00,0.34133,213.48,103.48
2024-08-03 16:50:00,0.39538,263.9,69.009
2024-08-03 17:00:00,0.4911,263.9,69.009
2024-08-03 17:10:00,0.232,352.55,118.14
2024-08-03 17:20:00,0.25663,352.55,118.14
2024-08-03 17:30:00,0.33448,266.34,120.61
2024-08-03 17:40:00,0.33179,266.34,120.61
2024-08-03 17:50:00,0.27141,306.82,171.32
2024-08-03 18:00:00,0.32564,276.24,170.92
2024-08-03 18:10:00,0.2794,276.24,170.92
2024-08-03 18:20:00,0.29463,226.87,119.33
2024-08-03 18:30:00,0.34275,226.87,119.33
2024-08-03 18:40:00,0.34519,281.19,129.57
2024-08-03 18:50:00,0.29541,281.19,129.57
2024-08-03 19:00:00,0.29548,325.5,98.182
2024-08-03 19:20:00,0.22759,288.73,124.42
2024-08-03 19:30:00,0.26693,288.73,124.42
2024-08-04 16:10:00,0.082624,151.31,54.494
2024-08-04 16:20:00,0.12412,136.53,86.136
2024-08-04 16:30:00,0.14992,136.53,86.136
2024-08-04 16:40:00,0.082302,136.53,86.136
2024-08-04 16:50:00,0.096608,169.04,101.77
2024-08-04 17:00:00,0.29875,169.04,101.77
2024-08-04 17:10:00,0.075653,125.75,53.24
2024-08-04 17:20:00,0.13227,125.75,53.24
2024-08-04 17:50:00,0.17999,142.2,80.81
2024-08-04 18:10:00,0.35732,143.81,53.465
2024-08-04 18:20:00,0.13136,166.92,62.77
2024-08-04 18:30:00,0.16421,166.92,62.77
2024-08-04 18:40:00,0.14518,140.23,51.646
2024-08-04 18:50:00,0.10546,140.23,51.646
2024-08-05 12:10:00,0.70035,5946.1,264.33
2024-08-05 12:20:00,0.49599,,
2024-08-05 12:30:00,0.70282,,
2024-08-05 12:40:00,0.64631,-678.84,225.66
2024-08-05 12:50:00,0.75896,-678.84,225.66
2024-08-05 13:00:00,0.37337,,
2024-08-05 13:10:00,0.53491,,
2024-08-05 13:20:00,1.1144,-88.675,
2024-08-05 13:30:00,1.5052,-88.675,
2024-08-05 13:40:00,0.91536,-88.675,
2024-08-05 13:50:00,0.57061,-46.981,-136.88
2024-08-05 14:00:00,0.75614,-46.981,-136.88
2024-08-05 14:10:00,1.2529,-73.584,-259.02
2024-08-05 14:20:00,0.80723,-73.584,-259.02
2024-08-05 14:30:00,0.82239,-117.27,-45.418
2024-08-05 14:40:00,0.81425,-117.27,-45.418
2024-08-05 14:50:00,0.5725,-83.686,-323.33
2024-08-05 15:00:00,0.7296,-140.93,-122.02
2024-08-05 15:10:00,1.1452,-140.93,-122.02
2024-08-05 15:20:00,2.181,-86.992,-149.57
2024-08-05 15:30:00,5.1808,-86.992,-149.57
2024-08-05 15:40:00,2.4786,-122.44,-211.81
2024-08-05 15:50:00,2.4002,-122.44,-211.81
2024-08-05 16:00:00,0.96803,-88.956,-152.56
2024-08-05 16:10:00,1.059,-88.956,-152.56
2024-08-05 16:20:00,1.5563,-53.633,-49.563
2024-08-05 16:30:00,0.57394,-53.633,-49.563
2024-08-05 16:40:00,0.40139,-53.633,-49.563
2024-08-05 16:50:00,0.66789,-40.314,-84.996
2024-08-05 17:00:00,2.1056,-40.314,-84.996
2024-08-05 17:10:00,0.80486,-52.904,-51.328
2024-08-05 17:20:00,0.62414,-52.904,-51.328
2024-08-05 17:30:00,0.56122,-50.576,-47.086
2024-08-05 17:40:00,0.65044,-50.576,-47.086
2024-08-05 17:50:00,0.84841,-34.154,-37.215
2024-08-05 18:00:00,0.91209,-48.996,-22.719
2024-08-05 18:10:00,1.1257,-48.996,-22.719
2024-08-05 18:20:00,0.79308,-54.05,-28.102
2024-08-05 18:30:00,0.59623,-54.05,-28.102
2024-08-05 18:40:00,0.95558,-69.465,-78.962
2024-08-05 18:50:00,1.1811,-69.465,-78.962
2024-08-05 19:00:00,0.73477,-76.432,48.47
2024-08-05 19:10:00,0.82523,-76.432,48.47
2024-08-05 19:20:00,0.95078,-93.012,
2024-08-05 19:30:00,0.51022,-93.012,
2024-08-05 19:40:00,0.76423,-93.012,
2024-08-05 19:50:00,0.80311,4395.4,78.974
2024-08-05 20:00:00,0.62119,4395.4,78.974
2024-08-05 20:10:00,0.78108,-191.42,-287.87
2024-08-05 20:20:00,0.60482,-191.42,-287.87
2024-08-05 20:30:00,0.60926,2406.2,562.16
2024-08-05 20:40:00,0.26243,2406.2,562.16
2024-08-05 20:50:00,0.20843,,110.8
2024-08-05 21:00:00,0.17313,424.69,
2024-08-05 21:10:00,0.18287,424.69,
2024-08-05 21:20:00,0.21977,424.9,252.64
2024-08-05 21:30:00,0.22786,424.9,252.64
2024-08-05 21:40:00,0.37286,359.33,-74.223
2024-08-23 06:00:00,0.32523,-32.786,-27.291
2024-08-23 06:10:00,0.35153,-32.786,-27.291
2024-08-23 06:20:00,0.28585,-32.786,-27.291
2024-08-23 06:30:00,0.90751,-32.786,-27.291
2024-08-23 06:40:00,2.2004,-32.786,-27.291
2024-08-23 06:50:00,1.3615,-32.786,-27.291
2024-08-23 07:00:00,1.762,-32.786,-27.291
2024-08-23 07:10:00,1.383,-32.786,-27.291
2024-08-23 07:20:00,3.8858,42.192,59.041
2024-08-23 07:30:00,11.613,42.192,59.041
2024-08-23 07:40:00,2.2765,42.192,59.041
2024-08-23 07:50:00,1.7853,27.42,104.83
2024-08-23 08:00:00,0.9728,27.42,104.83
2024-08-23 08:10:00,2.3167,36.366,43.714
2024-08-23 08:20:00,1.8539,36.366,43.714
2024-08-23 08:30:00,0.3787,234.49,198.23
2024-08-23 08:40:00,0.10182,234.49,198.23
2024-08-23 08:50:00,0.15199,1683,288.75
2024-08-23 09:00:00,0.42916,278.52,242.39
2024-08-23 09:10:00,1.1816,278.52,242.39
2024-08-23 09:20:00,1.6197,72.366,29.017
2024-08-23 09:30:00,2.2226,72.366,29.017
2024-08-23 09:40:00,1.2102,-5141.9,-1089.1
2024-08-23 09:50:00,0.56318,-5141.9,-1089.1
2024-08-23 10:00:00,0.98985,571.05,106.38
2024-08-23 10:20:00,0.70997,-241.03,37.278
2024-08-23 10:30:00,8.5808,-241.03,37.278
2024-08-23 10:40:00,1.1682,-241.03,37.278
2024-08-23 10:50:00,1.441,687.29,97.535
2024-08-23 11:00:00,0.28781,687.29,97.535
2024-08-23 11:10:00,0.3459,-6820.2,-1591.6
2024-08-23 11:20:00,0.59884,-6820.2,-1591.6
2024-08-23 11:30:00,0.35327,-28.94,-126.38
2024-08-23 11:40:00,0.37536,-28.94,-126.38
2024-08-23 11:50:00,0.39389,-135.63,-97.058
2024-08-23 12:00:00,0.43024,-1212.6,-52.209
2024-08-23 12:10:00,0.50666,-1212.6,-52.209
2024-08-23 12:20:00,0.39818,-50.936,-7573
2024-08-23 12:30:00,0.33208,-50.936,-7573
2024-08-23 12:40:00,0.55452,-423.56,3119.6
2024-08-23 12:50:00,2.7771,-423.56,3119.6
2024-08-23 13:00:00,3.3758,-165.47,-424
2024-08-23 13:10:00,2.2051,-165.47,-424
2024-08-23 13:20:00,0.87767,-208.89,-58.833
2024-08-23 13:30:00,0.24774,-208.89,-58.833
2024-08-23 13:40:00,0.39556,-208.89,-58.833
2024-08-23 13:50:00,0.35154,-121.89,-2604.8
2024-08-23 14:00:00,0.40112,-121.89,-2604.8
2024-08-23 14:10:00,0.37674,-973.33,-433.82
2024-08-23 14:20:00,0.76361,-973.33,-433.82
2024-08-23 14:30:00,0.48191,-97.258,-167.66
2024-08-23 14:40:00,0.8003,-97.258,-167.66
2024-08-23 14:50:00,0.44632,-474.61,-122.96
2024-08-23 15:00:00,1.606,-201.51,-396.02
2024-08-23 15:10:00,239.5,-201.51,-396.02
2024-08-23 15:20:00,11.627,217.42,586.94
2024-08-23 15:30:00,1.5873,217.42,586.94
2024-08-23 15:40:00,0.43343,-98.602,-172.95
2024-08-23 15:50:00,0.26516,-98.602,-172.95
2024-08-23 16:00:00,0.33586,-159.38,-140.9
2024-08-23 16:10:00,0.55421,-159.38,-140.9
2024-08-23 16:20:00,0.5158,-111.39,-48.861
2024-08-23 16:30:00,2.2979,-111.39,-48.861
2024-08-23 16:40:00,2.8491,-111.39,-48.861
2024-08-23 16:50:00,0.57502,-132.48,-153.81
2024-08-23 17:00:00,1.9568,-132.48,-153.81
2024-08-23 17:10:00,1.5434,-78.492,-129.76
2024-08-23 17:20:00,0.59444,-78.492,-129.76
2024-08-23 17:30:00,0.59668,-111.54,-151.62
2024-08-23 17:40:00,0.80893,-111.54,-151.62
2024-08-23 17:50:00,0.81658,-140.63,214.06
2024-08-23 18:00:00,1.1119,-74.886,1281.3
2024-08-23 18:10:00,2.2307,-74.886,1281.3
2024-08-23 18:20:00,0.81078,-177.38,-898.51
2024-08-23 18:30:00,1.5091,-177.38,-898.51
2024-08-23 18:40:00,1.8104,-199.58,-1859.5
2024-08-23 18:50:00,1.1554,-199.58,-1859.5
2024-08-23 19:00:00,1.0154,-227.94,-604.09
2024-08-23 19:10:00,3.238,-227.94,-604.09
2024-08-23 19:20:00,2.8669,-183.93,146.21
2024-08-23 19:30:00,1.8806,-183.93,146.21
2024-08-23 19:40:00,1.1875,-183.93,146.21
2024-08-23 19:50:00,0.92699,-632.42,60.854
2024-08-23 20:00:00,2.5334,-632.42,60.854
2024-08-23 20:10:00,3.1612,-349.63,130.56
2024-08-23 20:20:00,1.3102,-349.63,130.56
2024-08-23 20:30:00,1.3323,680.76,57.938
2024-08-23 20:40:00,1.2617,680.76,57.938
2024-08-23 20:50:00,1.3559,295.12,123.63
2024-08-23 21:00:00,0.69351,,
2024-08-23 21:10:00,0.55869,,
2024-08-23 21:20:00,0.64494,835.23,157.66
2024-08-23 21:30:00,0.26398,835.23,157.66
2024-08-23 21:40:00,0.37502,616.02,122.35
2024-08-23 21:50:00,0.51575,616.02,122.35
2024-08-23 22:00:00,0.94302,688.99,398.83
2024-08-23 22:10:00,0.67832,688.99,398.83
2024-08-23 22:20:00,0.63492,922.85,
2024-08-23 22:30:00,0.76781,922.85,
2024-08-23 22:40:00,0.30506,922.85,
2024-08-23 22:50:00,0.38793,1118.8,92.233
2024-08-23 23:00:00,0.2714,1118.8,92.233
2024-08-23 23:10:00,0.26461,1339.1,178.71
2024-08-23 23:20:00,0.72545,1339.1,178.71
2024-08-23 23:30:00,2.1662,502.04,104.38
2024-08-23 23:40:00,5.0318,502.04,104.38
2024-08-23 23:50:00,9.5281,,
2024-08-24 00:00:00,4.7346,287.19,101.12
2024-08-24 00:10:00,2.1583,287.19,101.12
2024-08-24 00:20:00,1.1965,196.44,115.11
2024-08-24 00:30:00,0.97977,196.44,115.11
2024-08-24 00:40:00,3.5206,148.12,142.37
2024-08-24 00:50:00,88.731,148.12,142.37
2024-08-24 01:00:00,135.72,102.9,53.004
2024-08-24 01:10:00,15.829,102.9,53.004
2024-08-24 01:20:00,26.37,148.36,79.926
2024-08-24 01:30:00,4.5107,148.36,79.926
2024-08-24 01:40:00,1.4152,148.36,79.926
2024-08-24 01:50:00,0.96206,127.51,56.386
2024-08-24 02:00:00,1.39,127.51,56.386
2024-08-24 02:10:00,0.62096,138.95,47.763
2024-08-24 02:20:00,0.9027,138.95,47.763
2024-08-24 02:30:00,1.6588,89.639,36.422
2024-08-24 02:40:00,2.218,89.639,36.422
2024-08-24 02:50:00,1.2519,93.226,25.74
2024-08-24 03:00:00,1.0318,147.97,1372.2
2024-08-24 03:10:00,0.76467,147.97,1372.2
2024-08-24 03:20:00,2.3306,122.99,22.08
2024-08-24 03:30:00,2.8546,122.99,22.08
2024-08-24 03:40:00,1.5687,130.8,-680.6
2024-08-24 03:50:00,1.7723,130.8,-680.6
2024-08-24 04:00:00,0.99783,110.85,45.054
2024-08-24 04:10:00,0.72224,110.85,45.054
2024-08-24 04:30:00,0.58565,111.59,78.464
2024-08-24 13:10:00,4.7483,1047.6,-94.681
2024-08-24 13:20:00,1.6802,,118.81
2024-08-24 13:30:00,4.2068,,118.81
2024-08-24 13:40:00,3.0886,,118.81
2024-08-24 13:50:00,5.7448,-357.39,37.129
2024-08-24 14:00:00,11.22,-357.39,37.129
2024-08-24 14:10:00,12.321,-212.87,56.213
2024-08-24 14:20:00,7.0662,-212.87,56.213
2024-08-24 14:30:00,11.83,-65.232,55.434
2024-08-24 14:40:00,9.7023,-65.232,55.434
2024-08-24 14:50:00,7.2807,-131.96,107.36
2024-08-24 15:00:00,18.079,-90.257,73.284
2024-08-24 15:10:00,50.009,-90.257,73.284
2024-08-24 15:20:00,5.802,-74.411,205.06
2024-08-24 15:30:00,8.7053,-74.411,205.06
2024-08-24 15:40:00,9.89,-55.81,169.94
2024-08-24 15:50:00,0.65771,-55.81,169.94
2024-08-24 16:00:00,0.97222,-27.939,-49.25
2024-08-24 16:10:00,9.3293,-27.939,-49.25
2024-08-24 16:20:00,10.697,-43.756,-970.9
2024-08-24 16:30:00,6.4973,-43.756,-970.9
2024-08-24 16:40:00,8.4739,-43.756,-970.9
2024-08-24 16:50:00,9.2315,-28.846,-51.228
2024-08-24 17:00:00,16.156,-28.846,-51.228
2024-08-24 17:10:00,13.557,-78.138,-194.78
2024-08-24 17:20:00,1.5436,-78.138,-194.78
2024-08-24 17:30:00,1.2471,-34.553,-37.205
2024-08-24 17:40:00,2.9063,-34.553,-37.205
2024-08-24 17:50:00,9.9681,-38.524,-11.544
2024-08-24 18:00:00,22.531,-48.611,153.92
2024-08-24 18:10:00,13.67,-48.611,153.92
2024-08-24 18:20:00,53.467,-219.81,
2024-08-24 18:30:00,52.783,-219.81,
2024-08-24 18:40:00,22.426,-94.333,-611.88
2024-08-24 18:50:00,25.545,-94.333,-611.88
2024-08-24 19:00:00,120.57,-97.763,-230.99
2024-08-24 19:10:00,95.498,-97.763,-230.99
2024-08-24 19:20:00,69.997,-121.74,-237.69
2024-08-24 19:30:00,38.48,-121.74,-237.69
2024-08-24 19:40:00,36.399,-121.74,-237.69
2024-08-24 19:50:00,16.635,-220.23,528.39
2024-08-24 20:00:00,16.04,-220.23,528.39
2024-08-24 20:10:00,24.707,-167.06,349.67
2024-08-24 20:20:00,10.967,-167.06,349.67
2024-08-24 20:30:00,11.51,-264.03,-350.18
2024-08-24 20:40:00,12.057,-264.03,-350.18
2024-08-24 20:50:00,5.4485,-566.21,188.83
2024-08-24 21:00:00,5.6187,,139.39
2024-08-24 21:10:00,3.9398,,139.39
2024-08-24 21:20:00,5.9951,758.26,159.14
2024-08-24 21:30:00,7.9032,758.26,159.14
2024-08-24 21:40:00,3.9324,319.74,155.62
2024-08-24 21:50:00,1.5666,319.74,155.62
2024-08-24 22:00:00,1.4249,233.22,178.59
2024-08-24 22:10:00,1.6614,233.22,178.59
2024-08-24 22:20:00,0.97895,139.42,110.43
2024-08-24 22:30:00,1.9667,139.42,110.43
2024-08-24 22:40:00,2.1919,139.42,110.43
2024-08-24 22:50:00,1.2291,124.34,28.62
2024-08-24 23:00:00,1.1189,124.34,28.62
2024-08-24 23:10:00,1.5361,119.1,28.779
2024-08-24 23:20:00,1.8388,119.1,28.779
2024-08-24 23:30:00,1.3215,150.03,51.877
2024-08-24 23:40:00,1.3284,150.03,51.877
2024-08-24 23:50:00,2.3639,,
2024-08-25 00:00:00,1.1555,164.37,36.481
2024-08-25 00:10:00,1.0382,164.37,36.481
2024-08-25 00:20:00,0.49348,149.03,47.765
2024-08-25 00:30:00,0.33956,149.03,47.765
2024-08-25 00:40:00,0.31239,267.51,33.168
2024-08-25 00:50:00,0.5999,267.51,33.168
2024-08-25 01:00:00,1.145,280.49,32.731
2024-08-25 14:30:00,0.76169,146.27,18.135
2024-08-25 14:40:00,1.071,146.27,18.135
2024-08-25 14:50:00,0.73455,275.21,121.72
2024-08-25 15:00:00,1.3647,228.5,32.68
2024-08-25 15:10:00,1.0263,228.5,32.68
2024-08-25 15:20:00,1.569,184.5,43.548
2024-08-25 15:30:00,2.5533,184.5,43.548
2024-08-25 15:40:00,7.0736,396.33,24.531
2024-08-25 15:50:00,7.6317,396.33,24.531
2024-08-25 16:00:00,2.5478,,38.578
2024-08-25 16:10:00,1.0693,,38.578
2024-08-25 16:20:00,2.6573,-424.33,32.261
2024-08-25 16:30:00,4.8349,-424.33,32.261
2024-08-25 16:40:00,0.75364,-424.33,32.261
2024-08-25 16:50:00,0.47795,,18.483
2024-08-25 17:00:00,0.51945,,18.483
2024-08-25 17:10:00,0.47947,-1543.1,7.9173
2024-08-25 17:20:00,0.62408,-1543.1,7.9173
2024-08-25 17:30:00,1.2149,217.09,15.899
2024-08-25 17:40:00,1.0938,217.09,15.899
2024-08-25 17:50:00,0.76216,667.46,24.918
2024-08-25 18:00:00,3.0154,455.42,15.285
2024-08-25 18:10:00,16.412,455.42,15.285
2024-08-25 18:20:00,7.9834,329.88,26.079
2024-08-25 18:30:00,33.106,329.88,26.079
2024-08-25 18:40:00,21.3,676.46,41.919
2024-08-25 18:50:00,16.193,676.46,41.919
2024-08-25 19:00:00,5.445,845.6,203.91
2024-08-25 19:10:00,4.8439,845.6,203.91
2024-08-25 19:20:00,7.5457,291.94,74.346
2024-08-25 19:30:00,13.426,291.94,74.346
2024-08-25 19:40:00,10.414,291.94,74.346
2024-08-25 19:50:00,5.3591,277.67,76.436
2024-08-25 20:00:00,4.1225,277.67,76.436
2024-08-25 20:10:00,3.8644,172.52,62.392
2024-08-25 20:20:00,3.7847,172.52,62.392
2024-08-25 20:30:00,4.7584,186.09,86.446
2024-08-25 20:40:00,4.8024,186.09,86.446
2024-08-25 20:50:00,2.9182,152.59,100.48
2024-08-25 21:00:00,2.6405,154.23,51.002
2024-08-25 21:10:00,1.3102,154.23,51.002
2024-08-25 21:20:00,0.85732,142.5,35.891
2024-08-25 21:30:00,1.4376,142.5,35.891
2024-08-25 21:40:00,1.2098,107.32,48.56
2024-08-25 21:50:00,1.7109,107.32,48.56
2024-08-25 22:00:00,2.1154,103.2,31.158
2024-08-25 22:10:00,1.8607,103.2,31.158
2024-08-25 22:20:00,2.122,105.77,29.3
2024-08-25 22:30:00,1.5922,105.77,29.3
2024-08-25 22:40:00,1.2461,105.77,29.3
2024-08-25 22:50:00,0.97751,106.19,49.6
2024-08-25 23:00:00,0.91306,106.19,49.6
2024-08-25 23:10:00,0.71948,81.454,25.43
2024-08-25 23:20:00,0.94793,81.454,25.43
2024-08-25 23:30:00,0.62811,84.584,23.922
2024-08-25 23:40:00,0.82203,84.584,23.922
2024-08-25 23:50:00,0.84737,,
2024-08-26 00:00:00,0.70337,87.555,23.309
2024-08-26 00:10:00,0.97041,87.555,23.309
2024-08-26 14:20:00,0.68497,46.31,4.1348
2024-08-26 14:30:00,0.76553,48.6,55.098
2024-08-26 14:40:00,0.58714,48.6,55.098
2024-08-26 14:50:00,0.71321,127.97,50.722
2024-08-26 15:00:00,0.55406,240.42,93.502
2024-08-26 15:10:00,0.2266,240.42,93.502
2024-08-26 15:50:00,1.329,174.58,68.34
2024-08-26 16:00:00,5.1603,249.42,86.969
2024-08-26 16:10:00,3.9021,249.42,86.969
2024-08-26 16:20:00,1.9708,512.56,70.448
2024-08-26 16:30:00,5.2024,512.56,70.448
2024-08-26 16:40:00,16.421,512.56,70.448
2024-08-26 16:50:00,9.8501,-164.88,-98.465
2024-08-26 17:00:00,11.616,-164.88,-98.465
2024-08-26 17:10:00,5.773,1120.7,138
2024-08-26 17:20:00,4.5891,1120.7,138
2024-08-26 17:40:00,3.2796,996.41,194.6
2024-08-26 17:50:00,16.766,1289.2,240.23
2024-08-26 18:00:00,34.798,,191.92
2024-08-26 18:10:00,43.105,,191.92
2024-08-26 18:20:00,13.259,-257.58,59.107
2024-08-26 18:30:00,19.938,-257.58,59.107
2024-08-26 18:40:00,47.446,-246.77,159.35
2024-08-26 18:50:00,41.131,-246.77,159.35
2024-08-26 19:00:00,8.3969,-325.24,297.74
2024-08-26 19:10:00,14.013,-325.24,297.74
2024-08-26 19:20:00,10.983,-90.895,160.65
2024-08-26 19:50:00,-1.8692,-556.76,284.76
2024-08-26 20:00:00,0.024447,-556.76,284.76
2024-08-26 20:10:00,2.9668,,
2024-08-26 20:20:00,2.0994,,
2024-08-26 20:30:00,1.0829,-315.07,11.344
2024-08-26 20:40:00,0.40847,-315.07,11.344
2024-08-26 20:50:00,1.4202,-756.29,83.051
2024-08-26 21:00:00,0.92896,,16.589
2024-08-26 21:10:00,0.24884,,16.589
2024-08-26 21:20:00,1.2412,-840.14,37.178
2024-08-27 13:00:00,5.9098,-7.7284,-4.5543
2024-08-27 13:10:00,117.8,-7.7284,-4.5543
2024-08-27 13:20:00,15.995,-5.115,-25.682
2024-08-27 13:30:00,30.982,-5.115,-25.682
2024-08-27 14:10:00,18.171,-9.8646,-15.045
2024-08-27 14:20:00,4478.1,-9.8646,-15.045
2024-08-27 14:30:00,139.73,-11.438,-2.8476
2024-08-27 14:40:00,27.286,-11.438,-2.8476
2024-08-27 14:50:00,57.79,-9.5879,-23.986
2024-08-27 15:00:00,31.819,-8.2129,-20.238
2024-08-27 15:10:00,12.3,-8.2129,-20.238
2024-08-27 15:40:00,7.9516,-1.5279,-134.46
2024-08-27 15:50:00,53.592,-1.5279,-134.46
2024-08-27 16:00:00,15.422,-0.19665,-5.7027
2024-08-27 16:10:00,26.034,-0.19665,-5.7027
2024-08-27 16:20:00,110.32,-2.9501,-39.838
2024-08-27 16:30:00,134.71,-2.9501,-39.838
2024-08-27 16:40:00,141.59,-2.9501,-39.838
2024-08-27 16:50:00,186.5,-2.9636,-12.598
2024-08-27 19:00:00,40.498,-41.447,-9.0447
2024-08-27 19:10:00,101.02,-41.447,-9.0447
2024-08-27 19:20:00,690.78,-51.737,-15.868
2024-08-27 19:30:00,13.785,-51.737,-15.868
2024-08-27 19:40:00,24.815,-51.737,-15.868
2024-08-27 19:50:00,39.399,-50.4,-38.761
2024-08-27 20:00:00,585.12,-50.4,-38.761
2024-08-27 20:10:00,33.166,-36.238,-38.8
2024-08-27 20:40:00,60.924,-30.963,-70.701
2024-08-27 20:50:00,22.065,-45.564,-51.648
2024-08-27 21:00:00,68.364,-59.867,-102.98
2024-08-27 21:10:00,12.241,-59.867,-102.98
2024-08-27 21:20:00,6.0037,-101.14,-298.37
2024-08-27 21:30:00,32.861,-101.14,-298.37
2024-08-27 21:40:00,56.294,-110.43,-180.99
2024-08-27 21:50:00,26.14,-110.43,-180.99
2024-08-27 22:10:00,131.36,-142.52,-1194.7
2024-08-27 22:20:00,11.749,-392.61,-198.4
2024-08-27 22:30:00,6.5142,-392.61,-198.4
2024-08-27 22:40:00,6.7567,-392.61,-198.4
2024-08-27 22:50:00,10.097,,100.91
2024-08-27 23:00:00,9.0042,,100.91
2024-08-27 23:10:00,6.2939,,-114.11
2024-08-27 23:20:00,4.5717,,-114.11
2024-08-27 23:30:00,8.5184,769.76,108.49
2024-08-27 23:50:00,24.139,,
2024-08-28 00:00:00,35.313,349.25,158.41
2024-08-28 00:10:00,16.069,349.25,158.41
2024-08-28 00:20:00,10.897,251.08,146.53
2024-08-28 12:30:00,0.83065,214.6,128.13
2024-08-28 12:40:00,0.3088,201.78,110.4
2024-08-28 12:50:00,0.23452,201.78,110.4
2024-08-28 13:00:00,0.15561,241.12,137.44
2024-08-28 13:10:00,0.20377,241.12,137.44
2024-08-28 13:20:00,0.14449,234.9,92.846
2024-08-28 15:30:00,0.25512,240.96,99.587
2024-08-28 15:40:00,0.19204,278.25,146.54
2024-08-28 15:50:00,0.31658,278.25,146.54
2024-08-28 16:30:00,0.29476,243.91,148.79
2024-08-28 16:40:00,0.31755,243.91,148.79
2024-08-28 16:50:00,0.24445,177.65,76.782
2024-08-28 17:00:00,0.25815,177.65,76.782
2024-08-28 17:10:00,0.29237,180.97,122.4
2024-08-28 17:20:00,0.26892,180.97,122.4
2024-08-28 17:30:00,0.31031,173.73,106.19
2024-08-28 18:10:00,0.26874,168.85,84.804
2024-08-28 18:20:00,0.40758,136.56,97.584
2024-08-28 18:30:00,0.28961,136.56,97.584
2024-08-28 18:40:00,0.29949,129.94,89.442
2024-08-28 18:50:00,0.2803,129.94,89.442
2024-08-28 19:00:00,0.41742,152.78,94.578
2024-08-28 19:10:00,0.24721,152.78,94.578
2024-08-28 19:40:00,0.37201,170.27,100.03
2024-08-28 19:50:00,0.31037,188.21,68.414
2024-08-28 20:00:00,0.30276,188.21,68.414
2024-08-28 20:10:00,0.24083,160.22,80.124
2024-08-28 20:20:00,0.14917,160.22,80.124
2024-08-28 20:30:00,0.18085,145.43,99.595
2024-08-28 20:40:00,0.31613,145.43,99.595
2024-08-28 21:00:00,0.3921,128.75,88.806
2024-08-28 21:10:00,0.30721,128.75,88.806
2024-08-28 21:20:00,0.50748,105.38,76.695
2024-08-28 21:30:00,0.37044,105.38,76.695
2024-08-28 21:40:00,0.27229,122.98,86.588
2024-08-28 21:50:00,0.25666,122.98,86.588
2024-08-28 22:00:00,0.31675,119.33,63.726
2024-08-28 22:10:00,0.45607,119.33,63.726
2024-08-28 23:50:00,0.33636,,
2024-08-29 00:00:00,0.43044,108.55,66.7
2024-08-29 00:10:00,0.50166,108.55,66.7
2024-08-29 00:20:00,0.55415,78.792,70.065
2024-08-29 00:30:00,1.2851,78.792,70.065
2024-08-29 00:40:00,0.72704,57.37,47.333
2024-08-29 00:50:00,0.40372,57.37,47.333
2024-08-29 02:50:00,0.26571,228.59,97.665
2024-08-29 03:00:00,0.12098,232.59,279.39
2024-08-29 03:10:00,0.26163,232.59,279.39
2024-08-29 03:20:00,0.72219,4721.6,461.82
2024-08-29 03:30:00,106.45,4721.6,461.82
2024-08-29 03:40:00,0.75271,6729,1119.8
2024-08-29 03:50:00,0.20856,6729,1119.8
2024-08-29 04:20:00,0.47438,-3640.3,-850.54
2024-08-29 04:30:00,0.30656,-3640.3,-850.54
2024-08-29 04:40:00,0.35783,-3640.3,-850.54
2024-08-29 04:50:00,0.20242,-1154.8,-505.92
2024-08-29 05:00:00,0.22038,-1154.8,-505.92
2024-08-29 05:10:00,0.18781,-787.14,-295.72
2024-08-29 05:20:00,0.222,-787.14,-295.72
2024-08-29 13:00:00,-8.555,-139.25,-35.248
2024-08-29 13:10:00,-1363.9,-139.25,-35.248
2024-08-29 13:20:00,-24.339,-141.36,-69.923
2024-08-29 13:30:00,-247.94,-141.36,-69.923
2024-08-29 13:40:00,-7.5881,-141.36,-69.923
2024-08-29 14:10:00,-4.2501,-132.73,-45.214
2024-08-29 14:20:00,2.1492,-132.73,-45.214
2024-08-29 14:30:00,-3.5513,-145.49,-57.675
2024-08-29 14:40:00,-8.8686,-145.49,-57.675
2024-08-29 14:50:00,-85.372,-115.25,-61.693
2024-08-29 15:00:00,-50.357,-106.06,-38.519
2024-08-29 15:30:00,-1327.4,-107.07,-43.274
2024-08-29 15:40:00,-6.7998,-127.88,-34.785
2024-08-29 15:50:00,-0.64446,-127.88,-34.785
2024-08-29 16:00:00,-6.3293,-133.02,-79.014
2024-08-29 16:10:00,-5.3323,-133.02,-79.014
2024-08-29 16:20:00,-18.755,-139.23,-72.509
2024-08-29 17:20:00,-0.021495,-122.45,-66.054
2024-08-29 17:30:00,7.6429,,
2024-08-29 17:40:00,-0.86695,,
2024-08-29 17:50:00,-13.506,-129.18,-19.776
2024-08-29 18:00:00,-23.375,-84.057,-21.114
2024-08-29 18:10:00,-43.74,-84.057,-21.114
2024-08-29 18:20:00,-3.7154,-95.296,-67.837
2024-08-29 18:30:00,-1.1051,-95.296,-67.837
2024-08-29 19:20:00,-1.9337,-103.31,-48.651
2024-08-29 19:50:00,-18.236,-102.04,-51.2
2024-08-29 20:00:00,-1.6438,-102.04,-51.2
2024-08-29 20:10:00,0.0070355,-124.02,-52.995
2024-08-29 20:20:00,-3.4281,-124.02,-52.995
2024-08-29 20:30:00,-3.7641,-100.53,-82.3
2024-08-29 20:40:00,-0.54652,-100.53,-82.3
2024-08-29 21:00:00,-102.14,-136.27,-71.634
2024-08-29 21:10:00,-1.2812,-136.27,-71.634
2024-08-29 21:20:00,-4.5778,-106.74,-72.402
2024-08-29 21:30:00,-40.438,-106.74,-72.402
2024-08-29 21:40:00,-7.4033,-176.97,-59.764
2024-08-29 21:50:00,-4.1991,-176.97,-59.764
2024-08-29 22:00:00,0.36016,-116.13,-40.369
2024-08-30 02:40:00,-3.4177,-89.33,-46.06
2024-08-30 02:50:00,-5.8175,-79.306,-22.85
2024-08-30 03:00:00,-23.437,-89.239,-27.787
2024-08-30 03:10:00,-2.3433,-89.239,-27.787
2024-08-30 03:20:00,5.3971,-81.858,-13.354
2024-08-30 03:30:00,-3.8036,-81.858,-13.354
2024-08-30 17:20:00,4.4818,-132.57,-31.246
2024-08-30 17:30:00,4.6977,-140.79,-35.295
2024-08-30 17:40:00,2.876,-140.79,-35.295
2024-08-30 17:50:00,3.5582,-122.71,-74.535
2024-08-30 18:00:00,2.9198,-104.18,-33.028
2024-08-30 18:30:00,7.3038,-111.49,-34.657
2024-08-30 18:40:00,2.4106,-115.79,-42.507
2024-08-30 18:50:00,2.7978,-115.79,-42.507
2024-08-30 19:00:00,2.4183,-104.63,-27.421
2024-08-30 19:10:00,1.2391,-104.63,-27.421
2024-08-30 22:30:00,0.17308,-75.809,-55.814
2024-08-30 22:40:00,0.13255,-75.809,-55.814
2024-08-30 22:50:00,0.13392,-106.01,-70.873
2024-08-30 23:00:00,0.15839,-106.01,-70.873
2024-08-30 23:10:00,0.15115,-80.962,-74.536
2024-08-30 23:20:00,0.20792,-80.962,-74.536
2024-08-31 00:00:00,0.15842,-70.118,-57.826
2024-08-31 00:10:00,0.13332,-70.118,-57.826
2024-08-31 00:20:00,0.18838,-71.653,-85.311
2024-08-31 00:30:00,0.1815,-71.653,-85.311
2024-08-31 00:40:00,0.20308,-100.41,-234.32
2024-08-31 01:10:00,0.13934,-66.332,-55.563
2024-08-31 01:20:00,0.15958,-98.407,-126.5
2024-08-31 01:30:00,0.17438,-98.407,-126.5
2024-08-31 01:40:00,0.11892,-98.407,-126.5
2024-08-31 01:50:00,0.18788,-70.66,-78.778
2024-08-31 02:20:00,0.11242,-81.48,-52.753
2024-08-31 02:30:00,0.10972,-72.84,-64.032
2024-08-31 02:40:00,0.15573,-72.84,-64.032
2024-08-31 02:50:00,0.092379,-77.25,-108.39
2024-08-31 03:00:00,0.10723,-72.457,-124.35
2024-08-31 03:10:00,0.13399,-72.457,-124.35
2024-08-31 03:30:00,0.15615,-79.161,-55.995
2024-08-31 03:40:00,0.14155,-82.844,-46.195
2024-08-31 03:50:00,0.18623,-82.844,-46.195
2024-08-31 04:00:00,0.22518,-76.702,-84.412
2024-08-31 04:10:00,0.16858,-76.702,-84.412
2024-08-31 04:20:00,0.28455,-93.765,-56.221
2024-08-31 12:30:00,0.4231,-81.218,-282.61
2024-08-31 12:40:00,0.4441,-141.64,1445.8
2024-08-31 12:50:00,0.39987,-141.64,1445.8
2024-08-31 13:00:00,0.49243,-130.94,-318.39
2024-08-31 13:10:00,0.27838,-130.94,-318.39
2024-08-31 13:40:00,0.94714,-135.09,-351.94
2024-08-31 13:50:00,0.37695,-98.993,-127.19
2024-08-31 14:00:00,0.22129,-98.993,-127.19
2024-08-31 14:10:00,0.17641,-79.925,-134.3
2024-08-31 14:20:00,0.18904,-79.925,-134.3
2024-08-31 14:30:00,0.27252,-49.996,-1430.1
2024-08-31 15:00:00,0.2238,-64.216,-108.42
2024-08-31 15:10:00,0.25711,-64.216,-108.42
2024-08-31 15:20:00,0.29104,-58.23,-242.71
2024-08-31 15:30:00,0.34189,-58.23,-242.71
2024-08-31 16:10:00,0.62248,-98.33,-150.82
2024-08-31 16:20:00,0.67347,-70.673,-205.6
2024-08-31 16:30:00,0.43663,-70.673,-205.6
2024-08-31 16:40:00,0.62167,-70.673,-205.6
2024-08-31 16:50:00,0.43187,-81.816,-424.32
2024-08-31 17:10:00,0.53171,-81.8,-385.85
2024-08-31 17:20:00,0.44788,-81.8,-385.85
2024-08-31 17:30:00,0.33357,-99.674,-381.15
2024-08-31 17:40:00,0.32153,-99.674,-381.15
2024-08-31 17:50:00,0.30698,-86.966,-303.5
2024-08-31 18:00:00,0.42231,-64.431,-539.8
2024-08-31 18:30:00,0.49769,-30.401,-80.723
2024-08-31 18:40:00,0.57859,-40.679,-68.79
2024-08-31 18:50:00,0.55556,-40.679,-68.79
2024-08-31 19:00:00,0.43019,-39.366,1184.4
2024-08-31 19:30:00,0.42605,-42.829,-1366.3
2024-08-31 19:40:00,0.92432,-42.829,-1366.3
2024-08-31 19:50:00,0.8258,-29.333,-337.15
2024-08-31 20:00:00,1.1979,-29.333,-337.15
2024-08-31 20:10:00,0.81677,-54.982,-722.55
2024-08-31 20:20:00,0.70817,-54.982,-722.55
2024-08-31 22:30:00,0.87608,-10.837,22.976
2024-08-31 22:40:00,0.99818,-10.837,22.976
2024-08-31 22:50:00,1.8235,-11.892,-34.481
2024-08-31 23:00:00,2.6382,-11.892,-34.481
2024-08-31 23:40:00,0.35575,-8.031,43.178
2024-08-31 23:50:00,0.31585,,
2024-09-01 00:00:00,0.46459,-49.137,10.059
2024-09-01 00:10:00,0.36281,-49.137,10.059
2024-09-01 00:20:00,0.38398,-27.831,
2024-09-01 00:40:00,2.6713,10.87,4.0044
2024-09-01 00:50:00,2.4854,10.87,4.0044
2024-09-01 01:00:00,2.767,655.55,-95.221
2024-09-01 01:10:00,2.9159,655.55,-95.221
2024-09-01 01:20:00,2.4138,119.93,22.629
2024-09-01 01:30:00,2.4881,119.93,22.629
2024-09-01 01:50:00,1.923,,
2024-09-01 02:00:00,1.4791,,
2024-09-01 02:10:00,1.8156,38.945,
2024-09-01 02:20:00,2.731,38.945,
2024-09-01 02:30:00,2.2553,122.5,634.29
2024-09-01 02:40:00,2.5145,122.5,634.29
2024-09-01 03:10:00,1.2636,38.016,-29.771
2024-09-01 03:20:00,3.899,34.069,211.77
2024-09-01 03:30:00,0.014974,34.069,211.77
2024-09-01 03:40:00,4.3126,22.846,-11.042
2024-09-01 03:50:00,2.4793,22.846,-11.042
2024-09-01 13:40:00,0.31761,214.67,82.429
2024-09-01 13:50:00,0.35824,366.56,24.415
2024-09-01 14:00:00,0.45456,366.56,24.415
2024-09-01 14:10:00,0.55669,435.05,20.549
2024-09-01 14:20:00,2.0415,435.05,20.549
2024-09-01 14:40:00,2.7632,-1811.3,-65.344
2024-09-01 14:50:00,1.6004,433.73,-303.88
2024-09-01 15:00:00,0.54788,219.67,14.581
2024-09-01 15:10:00,0.42502,219.67,14.581
2024-09-01 15:20:00,0.29196,245.1,48.446
2024-09-01 15:50:00,0.16615,164.78,63.379
2024-09-01 16:00:00,0.51632,189.9,63.94
2024-09-01 16:10:00,1.1963,189.9,63.94
2024-09-01 16:20:00,0.65419,175.06,31.893
2024-09-01 16:30:00,0.35076,175.06,31.893
2024-09-01 16:50:00,0.27284,180.51,93.966
2024-09-01 17:00:00,0.7709,180.51,93.966
2024-09-01 17:10:00,0.83577,140.25,62.863
2024-09-01 17:20:00,1.2173,140.25,62.863
2024-09-01 17:30:00,0.63775,180.47,85.741
2024-09-01 17:40:00,0.42992,180.47,85.741
2024-09-01 18:50:00,0.44082,206.9,152.39
2024-09-01 20:10:00,0.56751,188.2,140.46
2024-09-01 20:20:00,0.55899,188.2,140.46
2024-09-01 20:50:00,0.24409,125.57,45.164
2024-09-01 21:00:00,0.39651,149.3,79.2
2024-09-01 21:10:00,0.54174,149.3,79.2
2024-09-01 21:20:00,0.3135,128.06,45.133
2024-09-01 21:30:00,0.2658,128.06,45.133
2024-09-01 22:50:00,0.016008,107.23,51.604
2024-09-01 23:00:00,-0.69161,107.23,51.604
2024-09-01 23:10:00,-0.32992,119.08,56.391
2024-09-01 23:50:00,0.23588,,
2024-09-02 00:40:00,0.54904,123.02,60.349
2024-09-02 00:50:00,0.25121,123.02,60.349
2024-09-02 01:00:00,0.11776,105.94,51.423
2024-09-02 01:10:00,0.17842,105.94,51.423
2024-09-02 01:20:00,0.23525,83.952,49.345
2024-09-02 01:30:00,0.25528,83.952,49.345
2024-09-02 01:50:00,0.063858,121.22,94.029
2024-09-02 02:00:00,0.0046168,121.22,94.029
2024-09-02 02:10:00,0.037975,86.969,66.79
2024-09-02 02:20:00,0.25791,86.969,66.79
2024-09-02 02:30:00,0.26297,83.557,69.968
2024-09-02 02:50:00,0.13976,127.25,73.99
2024-09-02 03:00:00,0.17325,119,122.68
2024-09-02 03:10:00,0.36537,119,122.68
2024-09-02 03:20:00,0.54663,107.74,118.42
2024-09-02 03:30:00,0.27757,107.74,118.42
2024-09-02 03:40:00,0.16845,104.57,86.955
2024-09-02 04:00:00,0.37431,87.127,95.661
2024-09-02 04:10:00,0.40009,87.127,95.661
2024-09-02 04:20:00,0.61693,75.573,164.82
2024-09-02 04:30:00,0.35331,75.573,164.82
2024-09-02 04:40:00,0.23718,75.573,164.82
2024-09-02 04:50:00,0.24657,111.88,103.13
2024-09-02 12:40:00,0.5172,-163.43,270.59
2024-09-02 12:50:00,0.38196,-163.43,270.59
2024-09-02 13:00:00,0.70717,-200.51,341.88
2024-09-02 13:20:00,0.91596,-239.33,378.29
2024-09-02 13:30:00,0.84906,-239.33,378.29
2024-09-02 13:40:00,0.68508,-239.33,378.29
2024-09-02 13:50:00,1.1962,-170.51,
2024-09-02 14:00:00,0.67972,-170.51,
2024-09-02 14:10:00,0.4682,-120.39,288.28
2024-09-02 14:30:00,0.30045,-101.42,675.89
2024-09-02 14:40:00,0.20267,-101.42,675.89
2024-09-02 14:50:00,0.29928,-98.121,424.26
2024-09-02 15:00:00,0.19904,-121.18,1249.9
2024-09-02 15:10:00,0.19152,-121.18,1249.9
2024-09-02 15:30:00,0.21008,-119.68,287.11
2024-09-02 15:40:00,0.12521,-93.379,353.15
2024-09-02 15:50:00,0.17527,-93.379,353.15
2024-09-02 16:00:00,0.18961,-117.65,441.8
2024-09-02 16:10:00,0.12094,-117.65,441.8
2024-09-02 16:20:00,0.03258,-183.17,287.82
2024-09-02 16:40:00,0.43856,-183.17,287.82
2024-09-02 16:50:00,-0.01101,-340.19,-3632
2024-09-02 17:00:00,0.068029,-340.19,-3632
2024-09-02 17:10:00,0.092647,-191.79,891.9
2024-09-02 17:20:00,0.16522,-191.79,891.9
2024-09-02 17:30:00,0.5047,-123.86,3487.6
2024-09-02 17:40:00,0.29771,-123.86,3487.6
2024-09-02 17:50:00,1.3423,-119.48,-8324.9
2024-09-02 18:00:00,3.3526,-119.12,-11045
2024-09-02 18:30:00,0.80411,-90.313,
2024-09-02 18:40:00,0.97542,-91.863,10774
2024-09-02 18:50:00,1.9927,-91.863,10774
2024-09-02 19:00:00,2.3703,-68.974,621.51
2024-09-02 19:10:00,0.59617,-68.974,621.51
2024-09-02 19:30:00,1.2436,-74.076,273.44
2024-09-02 19:40:00,6.7812,-74.076,273.44
2024-09-02 19:50:00,2.566,-129.42,-269.74
2024-09-02 20:00:00,0.4293,-129.42,-269.74
2024-09-02 20:10:00,0.48043,-100.67,636.42
2024-09-02 22:30:00,0.92936,289.97,
2024-09-02 22:40:00,1.6574,289.97,
2024-09-02 22:50:00,2.0093,196,18.231
2024-09-02 23:00:00,2.5079,196,18.231
2024-09-02 23:30:00,1.4527,372.6,34.851
2024-09-02 23:40:00,2.2153,372.6,34.851
2024-09-02 23:50:00,1.6782,,
2024-09-03 00:00:00,1.9547,-185.27,-95.861
2024-09-03 00:10:00,15.382,-185.27,-95.861
2024-09-03 00:30:00,7.1607,-37.197,-2.7291
2024-09-03 00:40:00,7.8753,-47.884,-105.18
2024-09-03 00:50:00,76.061,-47.884,-105.18
2024-09-03 01:00:00,17.786,-7.0735,-34.106
2024-09-03 01:10:00,4.4983,-7.0735,-34.106
2024-09-03 02:10:00,1.8112,-9.3196,-28.567
2024-09-03 02:20:00,1.7053,-9.3196,-28.567
2024-09-03 02:30:00,1.3355,-4.1584,-33.412
2024-09-03 02:40:00,0.28613,-4.1584,-33.412
2024-09-03 03:10:00,0.28456,-26.468,-32.17
2024-09-03 03:20:00,0.22175,-63.886,-100.38
2024-09-03 03:30:00,0.087826,-63.886,-100.38
2024-09-03 03:40:00,0.15853,-3554.3,-7253.8
2024-09-03 03:50:00,0.6391,-3554.3,-7253.8
2024-09-03 04:10:00,0.10472,-303.05,-266.9
2024-09-03 04:20:00,11.89,-4385.9,-714.05
2024-09-03 04:30:00,0.89915,-4385.9,-714.05
2024-09-03 04:40:00,0.47278,-4385.9,-714.05
2024-09-03 04:50:00,0.34685,-2389.4,-901.96
2024-09-03 10:30:00,-3.1783,-608.01,-70.591
2024-09-03 10:40:00,0.52374,-608.01,-70.591
2024-09-03 10:50:00,10.978,-402.12,-136.29
2024-09-03 11:00:00,-2.0177,-402.12,-136.29
2024-09-03 11:10:00,-2.1851,-396.38,-93.127
2024-09-03 12:30:00,-1.6902,-152.24,-41.131
2024-09-03 12:40:00,2.3276,-116.66,-39.295
2024-09-03 12:50:00,0.55832,-116.66,-39.295
2024-09-03 13:00:00,-1.1817,-98.461,-27.31
2024-09-03 18:30:00,6.6386,-9.4028,-16.346
2024-09-03 18:40:00,5.5876,-6.2293,-13.701
2024-09-03 18:50:00,1.7858,-6.2293,-13.701
2024-09-03 19:00:00,3.8274,-1.5228,-15.784
2024-09-03 22:30:00,4.813,-14.082,-32.547
2024-09-03 22:40:00,13.923,-14.082,-32.547
2024-09-03 22:50:00,7.0685,-7.6938,-14.072
2024-09-03 23:00:00,0.17541,-7.6938,-14.072
2024-09-04 10:40:00,59068,-68.31,-15.661
2024-09-04 11:00:00,289.3,-17.598,-6.7226
2024-09-04 11:10:00,2434,-20.526,-7.0384
2024-09-04 11:30:00,141.53,-19.87,-2.3077
2024-09-04 11:40:00,142.8,-19.87,-2.3077
2024-09-04 11:50:00,58.921,-19.137,-14.243
2024-09-04 12:00:00,25.626,-11.428,-5.8323
2024-09-04 12:40:00,7.4046,-17.981,-11.325
2024-09-04 12:50:00,5.4668,-17.981,-11.325
2024-09-04 13:00:00,2.4906,-13.652,-17.819
2024-09-04 13:20:00,2.4321,-10.869,-4.905
2024-09-04 13:30:00,1.6501,-10.869,-4.905
2024-09-04 13:40:00,1.6093,-10.869,-4.905
2024-09-04 13:50:00,2.102,-11.225,-35.588
2024-09-04 14:00:00,1.8553,-11.225,-35.588
2024-09-04 17:30:00,35.437,-12.49,-29.199
2024-09-04 17:40:00,15.515,-12.49,-29.199
2024-09-04 17:50:00,7.2942,-4.1665,-9.5209
2024-09-04 18:00:00,11.815,-18.528,-17.803
2024-09-04 18:40:00,13.479,-27.245,-15.694
2024-09-05 00:30:00,75.896,-22.921,-38.619
2024-09-05 00:40:00,41.375,-16.412,-18.188
2024-09-05 00:50:00,44.621,-16.412,-18.188
2024-09-05 01:00:00,14.412,-15.595,-33.888
2024-09-05 03:30:00,2.542,-40.19,-31.78
2024-09-05 03:40:00,1.8166,-43.834,-32.475
2024-09-05 03:50:00,1.8842,-43.834,-32.475
2024-09-05 04:00:00,2.2884,-65.694,-71.849
2024-09-05 04:20:00,2.8902,-63.515,-55.813
2024-09-05 04:30:00,4.2964,-63.515,-55.813
2024-09-05 04:40:00,1.285,-63.515,-55.813
2024-09-05 04:50:00,1.6827,-49.362,-33.102
2024-09-05 05:00:00,4.0446,-49.362,-33.102
2024-09-05 06:30:00,2.6092,-25.638,-19.68
2024-09-05 06:40:00,4.7004,-37.071,-49.957
2024-09-05 06:50:00,1.0822,-37.071,-49.957
2024-09-05 07:00:00,0.83927,-33.467,-2.764
2024-09-05 09:30:00,4.0547,-45.069,-39.844
2024-09-05 09:40:00,4.9323,-44.459,-18.505
2024-09-05 09:50:00,1.7547,-44.459,-18.505
2024-09-05 10:00:00,2.6527,-45.532,-26.009
2024-09-05 12:30:00,18.126,-62.165,-7.3517
2024-09-05 12:40:00,90.128,-69.714,-50.422
2024-09-05 12:50:00,23.54,-69.714,-50.422
2024-09-05 13:00:00,4.2657,-105.25,-92.215
2024-09-05 13:20:00,90.237,-87.112,-47.94
2024-09-05 13:30:00,3.9534,-87.112,-47.94
2024-09-05 13:40:00,2.9968,-87.112,-47.94
2024-09-05 13:50:00,9.5991,-93.437,-61.098
2024-09-05 14:00:00,5.1045,-93.437,-61.098
2024-09-05 14:20:00,4.8774,-101.19,-91.804
2024-09-05 14:30:00,6.7777,-130.31,-249.12
2024-09-05 14:40:00,1.4585,-130.31,-249.12
2024-09-05 14:50:00,2.1501,-115.74,-159.71
2024-09-05 15:00:00,4.0527,-127.72,-183.76
2024-09-05 15:30:00,1.1111,-111.8,-76.489
2024-09-05 15:40:00,1.7257,-105.04,-126.43
2024-09-05 15:50:00,2.0361,-105.04,-126.43
2024-09-05 16:30:00,1.4437,-108.73,-68.515
2024-09-05 16:40:00,0.54784,-108.73,-68.515
2024-09-05 16:50:00,1.0347,-126.84,-85.255
2024-09-05 17:00:00,0.93775,-126.84,-85.255
2024-09-05 18:30:00,0.96063,-200.05,-192.16
2024-09-05 18:40:00,0.56977,-198.5,-117.6
2024-09-05 18:50:00,1.0038,-198.5,-117.6
2024-09-05 19:20:00,0.63736,-253.13,-104.02
2024-09-05 19:30:00,0.56766,-253.13,-104.02
2024-09-05 19:40:00,1.4913,-253.13,-104.02
2024-09-05 19:50:00,1.0239,-324.57,-120.68
2024-09-05 20:20:00,1.1459,-348.79,-647.54
2024-09-05 20:30:00,4.8163,-397.2,-186.63
2024-09-05 20:40:00,1.7442,-397.2,-186.63
2024-09-05 20:50:00,1.1519,-458.9,-421.33
2024-09-05 21:00:00,1.2739,-496.11,-268.04
2024-09-05 21:30:00,1.1381,-465.96,-357.24
2024-09-05 21:40:00,5.4987,-469.9,-242.48
2024-09-05 21:50:00,1.5214,-469.9,-242.48
2024-09-05 22:00:00,3.7877,-427.22,-203.68
2024-09-05 22:20:00,4.7745,-340.88,-97.637
2024-09-05 22:30:00,1.5569,-340.88,-97.637
2024-09-05 22:40:00,3.1674,-340.88,-97.637
2024-09-05 22:50:00,6.547,-342.12,-235.67
2024-09-05 23:20:00,1.7993,-325.5,-175.34
2024-09-05 23:30:00,1.3138,-305.2,-169.72
2024-09-05 23:40:00,2.0416,-305.2,-169.72
2024-09-05 23:50:00,0.98196,,
2024-09-06 00:30:00,0.93392,-255.11,-134.99
2024-09-06 00:40:00,0.7882,-265.3,-517.23
2024-09-06 00:50:00,0.85726,-265.3,-517.23
2024-09-06 01:00:00,0.54231,-223.22,-159.92
2024-09-06 01:20:00,0.40203,-252.33,-332.77
2024-09-06 01:30:00,0.7209,-252.33,-332.77
2024-09-06 01:40:00,0.57972,-252.33,-332.77
2024-09-06 01:50:00,0.58918,-228.21,-170.98
2024-09-06 02:00:00,0.37085,-228.21,-170.98
2024-09-06 02:20:00,0.39671,-244.59,-261.77
2024-09-06 02:30:00,0.58542,-223.87,-222.12
2024-09-06 02:40:00,0.3772,-223.87,-222.12
2024-09-06 02:50:00,0.3763,-207.95,-133.84
2024-09-06 03:00:00,0.42263,-237.91,-222.19
2024-09-06 03:30:00,0.38303,-206.26,-190.84
2024-09-06 03:40:00,0.33347,-220.86,-176.53
2024-09-06 03:50:00,0.28143,-220.86,-176.53
2024-09-06 04:00:00,0.25707,-230.55,-527.81
2024-09-06 06:30:00,0.27956,-255.95,-114.16
2024-09-06 06:40:00,0.4081,-292.31,-171.98
2024-09-06 06:50:00,0.36777,-292.31,-171.98
2024-09-06 07:30:00,0.24674,-236.62,-115.94
2024-09-06 07:40:00,0.36576,-236.62,-115.94
2024-09-06 07:50:00,0.22793,-276.36,-143.34
2024-09-06 08:00:00,0.15145,-276.36,-143.34
2024-09-06 09:30:00,0.18407,-322.65,-158.1
2024-09-06 09:40:00,0.28346,-454.3,-392.15
2024-09-06 09:50:00,0.18764,-454.3,-392.15
2024-09-06 10:00:00,0.2096,-574.09,-1759.7
2024-09-06 10:20:00,0.17366,-751.95,-285.92
2024-09-06 10:30:00,0.18888,-751.95,-285.92
2024-09-06 10:40:00,0.38109,-751.95,-285.92
2024-09-06 10:50:00,0.67959,-763.04,-1129.8
2024-09-06 11:20:00,0.46176,-830.8,-392.51
2024-09-06 11:30:00,0.54232,-1065.4,-353.38
2024-09-06 11:40:00,0.31293,-1065.4,-353.38
2024-09-06 11:50:00,0.41772,-892.74,-368.42
2024-09-06 12:00:00,0.38393,-1169.6,-489.16
2024-09-06 12:30:00,0.25178,-1057.1,-357.54
2024-09-06 12:40:00,0.25015,-909.99,-324.2
2024-09-06 12:50:00,0.40525,-909.99,-324.2
2024-09-06 13:20:00,0.22705,-942.29,-6017.9
2024-09-06 13:30:00,0.30965,-942.29,-6017.9
2024-09-06 13:40:00,0.35857,-942.29,-6017.9
2024-09-06 13:50:00,0.33493,-867.86,2298.3
2024-09-06 14:20:00,0.3913,-658.81,4845.7
2024-09-06 14:30:00,0.36308,-1154.2,2195.5
2024-09-06 14:40:00,0.4776,-1154.2,2195.5
2024-09-06 14:50:00,0.38337,-2902.7,1738.8
2024-09-06 15:30:00,0.34303,-1277.9,3688.6
2024-09-06 15:40:00,0.28988,-765.31,1842.9
2024-09-06 15:50:00,0.26576,-765.31,1842.9
2024-09-06 16:20:00,0.2892,-571.14,-1048.5
2024-09-06 16:30:00,0.26648,-571.14,-1048.5
2024-09-06 16:40:00,0.27342,-571.14,-1048.5
2024-09-06 16:50:00,0.4143,-633.7,-681.17
2024-09-06 18:30:00,0.56947,-594.13,-1064.2
2024-09-06 18:40:00,0.57026,-537.94,-817.88
2024-09-06 18:50:00,0.39413,-537.94,-817.88
2024-09-06 19:20:00,0.31039,-542.92,-645.11
2024-09-06 19:30:00,0.22286,-542.92,-645.11
2024-09-06 19:40:00,0.17446,-542.92,-645.11
2024-09-06 19:50:00,0.20757,-454.61,-1399.8
2024-09-06 20:20:00,0.14653,-562.67,-1167.8
2024-09-06 20:30:00,0.14151,-518.59,-1537.9
2024-09-06 20:40:00,0.26257,-518.59,-1537.9
2024-09-06 20:50:00,0.18834,-594.53,-1061.3
2024-09-06 21:30:00,0.49206,-625.66,-1948.3
2024-09-06 21:40:00,0.34194,-839.29,-2776.7
2024-09-06 21:50:00,0.36912,-839.29,-2776.7
2024-09-06 22:00:00,0.62835,-847.52,-1651
2024-09-07 00:30:00,0.24272,-5046.8,1097.7
2024-09-07 00:40:00,0.077982,-3100,2690.4
2024-09-07 00:50:00,-0.017616,-3100,2690.4
2024-09-07 01:30:00,-0.221,-1597.8,-920.23
2024-09-07 01:40:00,-0.89237,-1597.8,-920.23
2024-09-07 01:50:00,-0.021564,-1582.3,-712.48
2024-09-07 02:00:00,-1.7811,-1582.3,-712.48
2024-09-07 02:20:00,0.14766,-2154.2,-1575.2
2024-09-07 02:30:00,0.35729,-1719.7,-897.29
2024-09-07 02:40:00,-0.023122,-1719.7,-897.29
2024-09-07 02:50:00,-0.067376,-2438.4,-535.66
2024-09-07 03:30:00,-0.27109,-1702.6,-380.44
2024-09-07 03:40:00,-1.3112,-1339.7,-399.06
2024-09-07 03:50:00,-1.2309,-1339.7,-399.06
2024-09-07 04:00:00,-0.64932,-1091.4,-209.88
2024-09-07 04:20:00,1.1995,-1125.5,-234.5
2024-09-07 04:30:00,-0.36586,-1125.5,-234.5
2024-09-07 04:40:00,0.45837,-1125.5,-234.5
2024-09-07 04:50:00,-0.17396,-1790.9,-214.53
2024-09-07 05:20:00,-0.07493,-1652.4,-175.02
2024-09-07 05:30:00,0.4053,-2273.4,-161.22
2024-09-07 05:40:00,0.60558,-2273.4,-161.22
2024-09-07 05:50:00,0.15168,-2436.2,-184.97
2024-09-07 06:30:00,0.46355,-1217,-245.58
2024-09-07 06:40:00,-0.61704,-1540.8,-156.62
2024-09-07 06:50:00,3.8729,-1540.8,-156.62
2024-09-07 07:20:00,1.7577,-9253.1,-367.54
2024-09-07 07:30:00,5.2261,-9253.1,-367.54
2024-09-07 07:40:00,21.388,-9253.1,-367.54
2024-09-07 07:50:00,5.4134,-7131.8,-333.43
2024-09-07 08:20:00,3.2718,-2805.2,-120.44
2024-09-07 08:30:00,10.654,-2600.6,-312.98
2024-09-07 08:40:00,4.8528,-2600.6,-312.98
2024-09-07 08:50:00,0.76443,-2351.4,-98.328
2024-09-07 09:30:00,9.6567,-4002.1,-129.84
2024-09-07 09:40:00,2.7497,-2700.5,-111.41
2024-09-07 09:50:00,6.0248,-2700.5,-111.41
2024-09-07 10:20:00,7.388,-549.08,-155.29
2024-09-07 10:30:00,2.488,-549.08,-155.29
2024-09-07 10:40:00,-9.0537,-549.08,-155.29
2024-09-07 10:50:00,-2.0638,-342.5,-41.669
2024-09-07 11:20:00,-2.783,-595.3,-1321.1
2024-09-07 11:30:00,-3.6257,-381.21,-129.97
2024-09-07 11:40:00,-3.7557,-381.21,-129.97
2024-09-07 11:50:00,1.8443,-368.51,-145.36
2024-09-07 12:30:00,1.6382,-218.86,-27.669
2024-09-07 12:40:00,-7.4893,-200.99,-104.71
2024-09-07 12:50:00,-0.39697,-200.99,-104.71
2024-09-07 13:20:00,-2.0109,-157.43,-389.21
2024-09-07 13:30:00,4.1841,-157.43,-389.21
2024-09-07 13:40:00,-0.42787,-157.43,-389.21
2024-09-07 13:50:00,-0.8259,-38.529,-50.304
2024-09-07 14:40:00,259.05,-36.481,-3.2174
2024-09-07 14:50:00,53.004,-23.244,-1.2767
2024-09-07 15:30:00,977.72,-22.182,-30.537
2024-09-07 15:40:00,46.707,-1.79,-3.5638
2024-09-07 15:50:00,57.025,-1.79,-3.5638
2024-09-07 16:20:00,345.49,-3.4708,-15.953
2024-09-07 16:30:00,840.74,-3.4708,-15.953
2024-09-07 16:40:00,37.739,-3.4708,-15.953
2024-09-07 16:50:00,8.0675,-8.1578,-11.125
2024-09-07 17:10:00,41.36,-25.076,-16.686
2024-09-07 17:20:00,20.031,-25.076,-16.686
2024-09-07 17:30:00,19.875,-41.187,-2.8139
2024-09-07 17:40:00,356.39,-41.187,-2.8139
2024-09-07 17:50:00,65.794,-21.279,-10.344
2024-09-07 18:30:00,355.18,-19.149,-52.045
2024-09-07 18:40:00,274.71,-70.822,-53.132
2024-09-07 18:50:00,17.101,-70.822,-53.132
2024-09-07 19:30:00,37.495,-31.521,-5.4198
2024-09-07 19:40:00,81.947,-31.521,-5.4198
2024-09-07 19:50:00,28.152,-91.51,-151.13
2024-09-07 21:30:00,3.8305,-1196.7,-321.98
2024-09-07 21:40:00,3.3589,932.81,1064.3
2024-09-07 21:50:00,1.0932,932.81,1064.3
2024-09-07 22:20:00,0.43036,172.38,78.522
2024-09-07 22:30:00,0.47515,172.38,78.522
2024-09-07 22:40:00,0.1489,172.38,78.522
2024-09-07 22:50:00,0.093223,111.84,60.727
2024-09-07 23:10:00,0.4975,110.47,80.388
2024-09-07 23:20:00,0.33925,110.47,80.388
2024-09-07 23:30:00,-0.19655,124.54,76.608
2024-09-07 23:40:00,0.13184,124.54,76.608
2024-09-07 23:50:00,0.11072,,
2024-09-08 02:40:00,0.076739,,-1995.3
2024-09-08 02:50:00,0.46048,336.24,-284.83
2024-09-08 03:30:00,3.4923,-454.87,-783.56
2024-09-08 03:40:00,12.648,-713.49,-182.33
2024-09-08 03:50:00,2.3618,-713.49,-182.33
2024-09-08 04:00:00,1.3184,-428.01,-99.393
2024-09-08 06:30:00,4.1238,-451.45,-59.579
2024-09-08 06:40:00,15.165,-294.65,-30.145
2024-09-08 06:50:00,8.1173,-294.65,-30.145
2024-09-08 07:00:00,1.5288,-357.56,-40.699
2024-09-08 09:30:00,8.8505,-241.77,-149.97
2024-09-08 09:40:00,43.178,-330.77,-116.5
2024-09-08 09:50:00,-1.4554,-330.77,-116.5
2024-09-08 10:20:00,1.926,-102.39,-77.861
2024-09-08 10:30:00,-1.971,-102.39,-77.861
2024-09-08 10:40:00,1.2459,-102.39,-77.861
2024-09-08 10:50:00,-0.48693,-249.53,-97.11
2024-09-08 11:20:00,-0.1868,-131.23,-51.719
2024-09-08 11:30:00,-0.1634,-196.52,-42.27
2024-09-08 11:40:00,-2.4005,-196.52,-42.27
2024-09-08 11:50:00,-64.809,-298.6,-19.313
2024-09-08 12:30:00,-45.9,-351.8,-106.61
2024-09-08 12:40:00,-0.43026,-223.45,-53.779
2024-09-08 12:50:00,-0.36641,-223.45,-53.779
2024-09-08 13:20:00,-22.807,-173.19,-20.583
2024-09-08 13:30:00,0.023938,-173.19,-20.583
2024-09-08 13:40:00,0.11355,-173.19,-20.583
2024-09-08 13:50:00,32.216,-147.28,-48.72
2024-09-08 14:10:00,1.9377,-135.14,-23.162
2024-09-08 14:20:00,-1.4231,-135.14,-23.162
2024-09-08 14:30:00,-0.58098,-81.099,-38.03
2024-09-08 14:40:00,22.385,-81.099,-38.03
2024-09-08 14:50:00,-12.759,-47.275,-13.013
2024-09-08 15:30:00,5.3185,-47.775,-17.032
2024-09-08 15:40:00,1.9874,-48.825,-48.821
2024-09-08 15:50:00,2.0518,-48.825,-48.821
2024-09-08 16:20:00,-3.9722,-60.012,-41.477
2024-09-08 16:30:00,-0.42343,-60.012,-41.477
2024-09-08 16:40:00,35.394,-60.012,-41.477
2024-09-08 16:50:00,-10.644,-46.075,-2.8924
2024-09-08 17:20:00,13.299,-50.849,-49.452
2024-09-08 17:30:00,10.462,-57.667,-26.559
2024-09-08 17:40:00,42.133,-57.667,-26.559
2024-09-08 17:50:00,12.994,-88.957,-49.249
2024-09-08 18:30:00,8.5728,-65.032,-64.348
2024-09-08 18:40:00,3.0753,-119.93,-88.889
2024-09-08 18:50:00,1.4783,-119.93,-88.889
2024-09-08 19:40:00,-7.1332,-95.641,-115.93
2024-09-08 19:50:00,-122.84,-107.07,-117.36
2024-09-08 20:20:00,2.6004,-123.01,-97.894
2024-09-08 20:30:00,-0.15421,-180.93,-165.71
2024-09-08 20:40:00,-1.7906,-180.93,-165.71
2024-09-08 20:50:00,-2.5592,-169.84,-232.99
2024-09-08 21:30:00,-2.1953,-194.51,-125.56
2024-09-08 21:40:00,-3.8982,-244.16,-162.43
2024-09-08 21:50:00,1.6777,-244.16,-162.43
2024-09-08 22:00:00,-4.571,-292.2,-292.65
2024-09-09 00:30:00,-4.3252,-301.89,-257.93
2024-09-09 00:40:00,-35.02,-218.61,-142.82
2024-09-09 00:50:00,-4.5214,-218.61,-142.82
2024-09-09 01:00:00,-3.9968,-238.54,-223.5
2024-09-09 01:20:00,-5.3341,-242.93,-173.21
2024-09-09 01:30:00,-12.227,-242.93,-173.21
2024-09-09 01:40:00,-0.23433,-242.93,-173.21
2024-09-09 01:50:00,-203.84,-336.91,-124.28
2024-09-09 03:30:00,-1.3004,-285.65,-192.44
2024-09-09 03:40:00,-2.8198,-436.64,-423.55
2024-09-09 03:50:00,-3.1143,-436.64,-423.55
2024-09-09 04:20:00,-1.1409,-226.93,-222.01
2024-09-09 04:30:00,-10.49,-226.93,-222.01
2024-09-09 04:40:00,-0.10834,-226.93,-222.01
2024-09-09 04:50:00,-6.2175,-208.87,-239.19
2024-09-09 06:30:00,-195.26,-472.63,-405.82
2024-09-09 06:40:00,-8.3481,-505.5,-922.42
2024-09-09 06:50:00,-2.4245,-505.5,-922.42
2024-09-09 07:00:00,-3.5591,-513.48,-442.06
2024-09-09 09:30:00,3.3452,-203.26,-119.31
2024-09-09 09:40:00,-1.9334,-232.07,-74.653
2024-09-09 09:50:00,-3.8315,-232.07,-74.653
2024-09-09 10:20:00,-6.5004,-146.66,-26.73
2024-09-09 10:30:00,-40.154,-146.66,-26.73
2024-09-09 10:40:00,-0.75322,-146.66,-26.73
2024-09-09 10:50:00,-0.60653,-142.72,-31.735
2024-09-09 11:20:00,0.36092,-113.07,-72.33
2024-09-09 11:30:00,1.9826,-119.35,-126.27
2024-09-09 11:40:00,0.17168,-119.35,-126.27
2024-09-09 11:50:00,-2.9883,-127.83,-90.753
2024-09-09 12:30:00,6.9843,-135.93,-109.87
2024-09-09 12:40:00,66.415,-100.41,-55.453
2024-09-09 12:50:00,122.88,-100.41,-55.453
2024-09-09 13:20:00,14.593,-75.37,-56.223
2024-09-09 13:30:00,141.44,-75.37,-56.223
2024-09-09 13:40:00,24.387,-75.37,-56.223
2024-09-09 13:50:00,1.131,-65.773,-51.89
2024-09-09 15:30:00,19.276,-41.338,-54.191
2024-09-09 15:40:00,1.3047,-38.001,-64.488
2024-09-09 15:50:00,5.3149,-38.001,-64.488
2024-09-09 16:20:00,-0.33803,,
2024-09-09 16:30:00,370.03,,
2024-09-09 16:40:00,11.192,,
2024-09-09 16:50:00,13.856,-143.39,-203.26
2024-09-09 17:10:00,2.7031,-137.86,-177.51
2024-09-09 17:20:00,5.7156,-137.86,-177.51
2024-09-09 17:30:00,1.8194,-181.43,-218.27
2024-09-09 17:40:00,-2.5528,-181.43,-218.27
2024-09-09 17:50:00,1.5369,-142.56,-205.64
2024-09-09 18:30:00,50.442,-211.72,-249.11
2024-09-09 18:40:00,12.085,,
2024-09-09 18:50:00,10.133,,
2024-09-09 19:20:00,24.582,-246.78,-251.74
2024-09-09 19:30:00,7.2904,-246.78,-251.74
2024-09-09 19:40:00,2.132,-246.78,-251.74
2024-09-09 19:50:00,-0.26166,-257.74,-401.15
2024-09-09 20:20:00,4.1605,-296.28,-380.27
2024-09-09 20:30:00,0.42375,-247.21,-267.88
2024-09-09 20:40:00,-1.0494,-247.21,-267.88
2024-09-09 20:50:00,1.3338,-217.61,-203.01
2024-09-09 21:30:00,11.794,-532.83,-2510.1
2024-09-09 21:40:00,-0.70532,-531.19,-1083.5
2024-09-09 21:50:00,-5.9065,-531.19,-1083.5
2024-09-09 22:20:00,-1.4045,-1015.6,-15005
2024-09-09 22:30:00,0.8949,-1015.6,-15005
2024-09-09 22:40:00,24.331,-1015.6,-15005
2024-09-09 22:50:00,3.5867,-1838.2,-2091
2024-09-09 23:20:00,3.2014,-2682,5473.4
2024-09-09 23:30:00,1.3521,6879,3257.7
2024-09-09 23:40:00,3.8718,6879,3257.7
2024-09-09 23:50:00,3.0798,,
2024-09-10 03:30:00,1.0849,461.87,558.9
2024-09-10 03:40:00,1.4111,459.95,649.59
2024-09-10 03:50:00,2.1422,459.95,649.59
2024-09-10 04:00:00,1.1559,372.53,562.28
2024-09-10 04:20:00,0.71592,387.36,342.94
2024-09-10 04:30:00,1.5916,387.36,342.94
2024-09-10 04:40:00,1.9143,387.36,342.94
2024-09-10 04:50:00,0.79882,426.24,403.62
2024-09-10 06:30:00,4.8315,539.8,374.56
2024-09-10 06:50:00,3.5998,727.86,485.7
2024-09-10 11:20:00,0.76451,328.35,153.33
2024-09-10 11:30:00,1.4278,357.38,221.94
2024-09-10 11:40:00,1.3142,357.38,221.94
2024-09-10 11:50:00,0.82465,536.14,371.18
2024-09-10 12:30:00,1.4376,2430.7,596.45
2024-09-10 12:40:00,0.70227,-844.82,-415.48
2024-09-10 12:50:00,0.61864,-844.82,-415.48
2024-09-10 13:20:00,78.821,-245.2,-137.92
2024-09-10 13:30:00,0.45235,-245.2,-137.92
2024-09-10 13:40:00,0.93064,-245.2,-137.92
2024-09-10 13:50:00,0.96335,-206.81,361.21
2024-09-10 14:10:00,0.91605,-144.89,-199.49
2024-09-10 14:20:00,1.3791,-144.89,-199.49
2024-09-10 14:30:00,1.6907,-150.19,-193.62
2024-09-10 14:40:00,2.3929,-150.19,-193.62
2024-09-10 14:50:00,6.5822,-151.87,-122.66
2024-09-10 15:30:00,8.0296,-76.313,-96.312
2024-09-10 15:40:00,3.6174,-37.519,-232.7
2024-09-10 15:50:00,3.6225,-37.519,-232.7
2024-09-10 16:30:00,174.28,-47.017,-53.155
2024-09-10 16:40:00,5.7949,-47.017,-53.155
2024-09-10 16:50:00,12.656,-46.989,-20.959
2024-09-10 18:30:00,188.51,-57.825,-38.56
2024-09-10 18:40:00,94.323,-43.322,-28.72
2024-09-10 18:50:00,53.203,-43.322,-28.72
2024-09-10 19:20:00,8.4692,-31.015,-23.703
2024-09-10 19:30:00,15.066,-31.015,-23.703
2024-09-10 19:40:00,3.6332,-31.015,-23.703
2024-09-10 19:50:00,10.816,-26.229,-25.962
2024-09-10 20:10:00,2.8792,-41.122,-22.397
2024-09-10 20:20:00,2.2222,-41.122,-22.397
2024-09-10 20:30:00,3.7928,-72.319,-316.13
2024-09-10 20:40:00,4.8966,-72.319,-316.13
2024-09-10 21:30:00,3.5772,-181.04,-485.27
2024-09-10 21:40:00,0.43884,-221.63,-121.87
2024-09-10 21:50:00,0.27979,-221.63,-121.87
2024-09-10 22:00:00,0.37346,-314.36,201.81
2024-09-10 22:20:00,1.2144,,277.02
2024-09-10 22:30:00,3.4359,,277.02
2024-09-10 22:40:00,0.81748,,277.02
2024-09-10 22:50:00,0.46967,3925.7,-471
2024-09-10 23:10:00,0.37516,1310.6,368.44
2024-09-10 23:20:00,0.28712,1310.6,368.44
2024-09-10 23:30:00,0.25735,482.41,152.92
2024-09-10 23:40:00,0.1471,482.41,152.92
2024-09-10 23:50:00,0.44756,,
2024-09-11 07:20:00,0.11812,308.88,68.6
2024-09-11 07:30:00,0.12335,308.88,68.6
2024-09-11 07:40:00,0.1795,308.88,68.6
2024-09-11 07:50:00,0.19969,341.83,258.5
2024-09-11 08:10:00,0.12955,601.63,674.8
2024-09-11 08:20:00,0.13367,601.63,674.8
2024-09-11 08:30:00,0.33574,583.29,
2024-09-11 08:40:00,0.18113,583.29,
2024-09-11 08:50:00,0.13735,532.08,497.17
2024-09-11 13:20:00,2.8299,-38.634,-444.57
2024-09-11 13:30:00,1.2401,-38.634,-444.57
2024-09-11 13:40:00,155.54,-38.634,-444.57
2024-09-11 13:50:00,234.87,-34.128,-218.71
2024-09-11 15:30:00,0.55986,-28.471,-26.501
2024-09-11 15:40:00,0.82089,-22.676,-145.93
2024-09-11 15:50:00,1.5229,-22.676,-145.93
2024-09-11 16:00:00,3.5945,-16.147,1168.7
2024-09-11 16:20:00,1.6715,-7.0419,-12.809
2024-09-11 16:30:00,0.67268,-7.0419,-12.809
2024-09-11 16:40:00,3.2223,-7.0419,-12.809
2024-09-11 16:50:00,1.047,-11.211,-150.75
2024-09-11 17:10:00,18.505,-33.343,-39.942
2024-09-11 17:20:00,11.973,-33.343,-39.942
2024-09-11 17:30:00,38.945,-31.827,-58.876
2024-09-11 17:40:00,3.4954,-31.827,-58.876
2024-09-11 18:30:00,4.3761,-13.666,730.19
2024-09-11 18:40:00,3.1253,-14.264,-150.59
2024-09-11 18:50:00,0.63598,-14.264,-150.59
2024-09-11 19:00:00,0.62734,-36.034,-18.087
2024-09-11 21:30:00,9.2337,-7.3219,76.152
2024-09-11 21:40:00,6.0821,-2.2326,-81.961
2024-09-11 21:50:00,2.1823,-2.2326,-81.961
2024-09-11 22:20:00,1.2721,-6.0239,-12.771
2024-09-11 22:30:00,1.3608,-6.0239,-12.771
2024-09-11 22:40:00,4.7839,-6.0239,-12.771
2024-09-11 22:50:00,4.5456,-0.15207,-37.413
2024-09-11 23:10:00,2.3392,-1.6426,4.5199
2024-09-11 23:20:00,3.5917,-1.6426,4.5199
2024-09-11 23:30:00,1.706,-2.6409,40.493
2024-09-11 23:40:00,2.3675,-2.6409,40.493
2024-09-12 00:30:00,1.1138,76.058,155.13
2024-09-12 13:30:00,1.2989,-3.3075,-6.2288
2024-09-12 13:40:00,3.5873,-3.3075,-6.2288
2024-09-12 14:20:00,1.8346,-3.031,-6.4581
2024-09-12 14:30:00,3.3022,-6.5571,-9.9428
2024-09-12 14:40:00,8.8863,-6.5571,-9.9428
2024-09-12 15:30:00,6.4049,-0.25547,-19.561
2024-09-12 15:40:00,0.96225,-3.1488,-5.9967
2024-09-12 18:30:00,1.1297,-5.1618,-2.8974
2024-09-12 18:40:00,1.7574,-3.2236,-54.683
2024-09-12 18:50:00,0.94517,-3.2236,-54.683
2024-09-12 19:20:00,0.13516,-0.2907,-13.143
2024-09-12 19:30:00,0.68871,-0.2907,-13.143
2024-09-12 19:40:00,0.75885,-0.2907,-13.143
2024-09-12 19:50:00,4.2755,-11.135,-10.761
2024-09-12 20:10:00,0.19272,-2.6094,-6.0185
2024-09-12 20:20:00,4.1522,-2.6094,-6.0185
2024-09-12 20:30:00,0.95086,-4.6449,-15.657
2024-09-12 20:40:00,1.9718,-4.6449,-15.657
2024-09-12 21:30:00,0.55674,-5.6948,-20.366
2024-09-12 21:50:00,1.0957,-17.01,
2024-09-12 22:20:00,0.57223,-6.8244,-2.6157
2024-09-12 22:30:00,0.3489,-6.8244,-2.6157
2024-09-12 22:40:00,0.38212,-6.8244,-2.6157
2024-09-12 23:10:00,0.96469,-35.096,
2024-09-12 23:20:00,11.961,-35.096,
2024-09-12 23:30:00,1.6989,-74.618,288.94
2024-09-12 23:40:00,3.4458,-74.618,288.94
2024-09-13 17:20:00,8.6913,-3.0149,-21.409
2024-09-13 17:30:00,681.93,-9.6454,-12.451
2024-09-13 17:40:00,21.093,-9.6454,-12.451
2024-09-13 18:30:00,6.1562,-5.4066,-20.403
2024-09-13 18:40:00,8.7778,-9.5401,-40.607
2024-09-13 18:50:00,3.6129,-9.5401,-40.607
2024-09-13 21:30:00,87.808,-13.091,-5.9312
2024-09-13 21:40:00,21609,-10.165,-37.706
2024-09-13 21:50:00,72.124,-10.165,-37.706
2024-09-13 22:20:00,5.6249,,14.153
2024-09-13 22:30:00,8.0204,,14.153
2024-09-13 22:40:00,2.264,,14.153
2024-09-13 22:50:00,4.3353,,8.9556
2024-09-14 00:30:00,1.5403,-29.903,
2024-09-14 00:40:00,0.77674,-38.936,36.543
2024-09-14 01:20:00,0.90775,,
2024-09-14 01:30:00,1.1542,,
2024-09-14 01:40:00,1.1746,,
2024-09-14 01:50:00,1.8095,111.54,238.2
2024-09-14 02:10:00,1.586,48.95,38.188
2024-09-14 02:20:00,1.0259,48.95,38.188
2024-09-14 02:30:00,0.73892,26.353,25.19
2024-09-14 02:40:00,0.72991,26.353,25.19
2024-09-14 03:30:00,0.84257,2.1292,
2024-09-14 03:40:00,0.86063,42.853,38.93
2024-09-14 03:50:00,0.52148,42.853,38.93
2024-09-14 04:00:00,0.4694,33.324,40.563
2024-09-14 14:30:00,2.1375,-3.9282,-23.407
2024-09-14 14:40:00,23.105,-3.9282,-23.407
2024-09-14 15:30:00,4.3543,-8.7557,-28.417
2024-09-14 15:40:00,1.9112,-6.7097,-13.585
2024-09-14 15:50:00,1.9613,-6.7097,-13.585
2024-09-14 16:20:00,1.0257,-10.145,-12.224
2024-09-14 16:30:00,1.5987,-10.145,-12.224
2024-09-14 16:40:00,13.227,-10.145,-12.224
2024-09-14 17:10:00,5.1807,-28.52,-30.218
2024-09-14 17:20:00,5.9659,-28.52,-30.218
2024-09-14 17:30:00,3.2802,-25.658,-36.485
2024-09-14 17:40:00,4.6175,-25.658,-36.485
2024-09-14 18:30:00,3.0552,-23.768,-18.421
2024-09-14 18:40:00,2.3291,-24.645,-68.098
2024-09-14 18:50:00,1.8167,-24.645,-68.098
2024-09-14 19:20:00,0.25072,-37.865,-111.92
2024-09-14 19:30:00,0.3269,-37.865,-111.92
2024-09-14 19:40:00,0.53056,-37.865,-111.92
2024-09-14 20:10:00,0.76367,-22.537,-360.03
2024-09-14 20:20:00,0.53631,-22.537,-360.03
2024-09-14 20:30:00,1.1888,-22.81,-61.777
2024-09-14 20:40:00,1.6527,-22.81,-61.777
2024-09-14 21:30:00,0.54948,-19.545,81.504
2024-09-14 21:40:00,0.31328,-26.493,-4.6426
2024-09-14 21:50:00,0.19049,-26.493,-4.6426
2024-09-14 22:30:00,0.29052,,33.653
2024-09-14 22:40:00,0.37726,,33.653
2024-09-14 22:50:00,0.71414,-281.81,30.972
2024-09-14 23:10:00,0.3551,558.13,6.6136
2024-09-14 23:20:00,0.38142,558.13,6.6136
2024-09-14 23:30:00,0.26528,71.698,103.26
2024-09-14 23:40:00,0.52278,71.698,103.26
2024-09-15 00:30:00,0.37588,-210.99,-150.08
2024-09-15 00:40:00,0.3798,-111.2,-51.457
2024-09-15 00:50:00,0.36792,-111.2,-51.457
2024-09-15 01:30:00,0.46689,-205.19,-413.1
2024-09-15 01:40:00,1.4554,-205.19,-413.1
2024-09-15 02:10:00,1.6644,-237.94,-425.12
2024-09-15 02:20:00,0.77303,-237.94,-425.12
2024-09-15 02:30:00,0.48798,-233.17,-240.5
2024-09-15 02:40:00,1.6034,-233.17,-240.5
2024-09-15 03:30:00,-0.45119,-285.73,-183.56
2024-09-15 03:40:00,-0.016813,-298.72,-117.01
2024-09-15 03:50:00,2.4553,-298.72,-117.01
2024-09-15 06:30:00,2.4215,-71.991,-51.961
2024-09-15 06:40:00,3.0076,-73.38,-75.246
2024-09-15 06:50:00,1.3363,-73.38,-75.246
2024-09-15 09:40:00,1.614,-120.52,-67.988
2024-09-15 09:50:00,6.0672,-120.52,-67.988
2024-09-15 10:00:00,1.4321,-126.16,-34.948
2024-09-15 10:20:00,10.059,-122.6,-67.799
2024-09-15 10:30:00,5.8481,-122.6,-67.799
2024-09-15 10:40:00,3.5941,-122.6,-67.799
2024-09-15 10:50:00,7.9355,-157.96,-104.69
2024-09-15 11:10:00,2.2014,-134.86,-108.48
2024-09-15 11:20:00,3.3813,-134.86,-108.48
2024-09-15 11:30:00,7.2839,-209.1,-130.1
2024-09-15 11:40:00,23.309,-209.1,-130.1
2024-09-15 12:30:00,6.6729,-149.18,-114.38
2024-09-15 12:40:00,9.8299,-113.21,-54.851
2024-09-15 12:50:00,112.66,-113.21,-54.851
2024-09-15 15:30:00,3.9303,-99.997,-32.71
2024-09-15 15:40:00,6.9827,-100.65,-49.808
2024-09-15 15:50:00,30.446,-100.65,-49.808
2024-09-15 18:30:00,7.2547,-107.1,-53.018
2024-09-15 18:40:00,16.14,-106.82,-55.379
2024-09-15 18:50:00,5.0074,-106.82,-55.379
2024-09-15 21:30:00,79.615,-89.159,-80.533
2024-09-15 21:40:00,15.691,-102.95,-53.426
2024-09-15 21:50:00,40.428,-102.95,-53.426
2024-09-15 22:20:00,6.9883,-50.727,-22.909
2024-09-15 22:30:00,86.769,-50.727,-22.909
2024-09-15 22:40:00,28.157,-50.727,-22.909
2024-09-15 23:10:00,34.113,-62.424,-30.429
2024-09-15 23:20:00,11.859,-62.424,-30.429
2024-09-15 23:30:00,30.374,-58.406,-29.441
2024-09-15 23:40:00,281.74,-58.406,-29.441
2024-09-16 00:30:00,6.4531,-47.643,-19.169
2024-09-16 00:40:00,79.494,-24.592,-31.451
2024-09-16 00:50:00,6.9828,-24.592,-31.451
2024-09-16 01:00:00,-6.0719,-52.953,-21.59
2024-09-16 01:20:00,8.5158,-20.143,-5.3248
2024-09-16 01:30:00,119,-20.143,-5.3248
2024-09-16 01:40:00,22.624,-20.143,-5.3248
2024-09-16 01:50:00,262.32,-32.634,-8.4169
2024-09-16 02:10:00,57.757,-33.869,-19.17
2024-09-16 02:20:00,80.567,-33.869,-19.17
2024-09-16 02:30:00,5.104,-33.205,-18.08
2024-09-16 02:40:00,52.802,-33.205,-18.08
2024-09-16 03:30:00,1754.1,-59.313,-31.826
2024-09-16 03:40:00,7.4882,-55.901,-24.744
2024-09-16 03:50:00,61.392,-55.901,-24.744
2024-09-16 06:30:00,1.2922,-22.852,-27.556
2024-09-16 06:40:00,6.9571,-10.459,-15.714
2024-09-16 06:50:00,1.7782,-10.459,-15.714
2024-09-16 07:30:00,-231,-15.294,-27.348
2024-09-16 07:40:00,1.2685,-15.294,-27.348
2024-09-16 08:20:00,59.424,-15.109,-6.7688
2024-09-16 08:30:00,18.639,-12.137,-49.161
2024-09-16 08:40:00,15.717,-12.137,-49.161
2024-09-16 09:30:00,51.287,-21.267,-5.6501
2024-09-16 09:40:00,97.326,-7.3447,-5.7936
2024-09-16 09:50:00,14.851,-7.3447,-5.7936
2024-09-16 10:20:00,180.57,-21.385,-29.967
2024-09-16 10:30:00,9.9079,-21.385,-29.967
2024-09-16 10:40:00,35.144,-21.385,-29.967
2024-09-16 11:10:00,-0.81996,-21.916,-0.65015
2024-09-16 11:20:00,2.3519,-21.916,-0.65015
2024-09-16 11:30:00,-0.66739,-21.44,-11.897
2024-09-16 11:40:00,-11.754,-21.44,-11.897
2024-09-16 12:30:00,10.461,-16.948,-15.305
2024-09-16 12:40:00,13.994,-91.572,-23.55
2024-09-16 12:50:00,3.1743,-91.572,-23.55
2024-09-16 13:20:00,3.2441,-82.501,-9.8867
2024-09-16 13:30:00,2.1548,-82.501,-9.8867
2024-09-16 13:40:00,0.88002,-82.501,-9.8867
2024-09-16 13:50:00,25.591,-28.064,-14.336
2024-09-16 15:30:00,14.812,-43.842,-3.7319
2024-09-16 15:40:00,1.9013,-48.375,-1.7234
2024-09-16 15:50:00,2.2466,-48.375,-1.7234
2024-09-16 16:20:00,19.844,-57.603,-13.23
2024-09-16 16:30:00,139.72,-57.603,-13.23
2024-09-16 16:40:00,7.7378,-57.603,-13.23
2024-09-16 17:20:00,3.6339,-13.872,-3.9337
2024-09-16 17:30:00,2.1892,-43.563,-14.692
2024-09-16 17:40:00,-1.7911,-43.563,-14.692
2024-09-16 18:30:00,113.99,-69.503,-6.6954
2024-09-16 18:40:00,3.1021,-0.091004,-7.0459
2024-09-16 18:50:00,17.863,-0.091004,-7.0459
2024-09-16 21:30:00,3.9631,-9.5352,-1.8204
2024-09-16 21:40:00,3.1129,-24.724,-16.668
2024-09-16 21:50:00,12.941,-24.724,-16.668
2024-09-17 00:30:00,14.573,-33.601,-15.302
2024-09-17 00:40:00,4.2949,-28.676,-24.5
2024-09-17 00:50:00,13.766,-28.676,-24.5
2024-09-17 01:30:00,22.368,-37.021,-46.351
2024-09-17 01:40:00,58.633,-37.021,-46.351
2024-09-17 01:50:00,53.105,-39.555,-32.529
2024-09-17 03:30:00,6.0907,-45.893,-65.195
2024-09-17 03:40:00,27.041,-32.886,-84.784
2024-09-17 03:50:00,15.449,-32.886,-84.784
2024-09-17 06:30:00,52.631,-39.425,-44.584
2024-09-17 06:40:00,-3.2378,-21.682,-19.304
2024-09-17 06:50:00,-4.9118,-21.682,-19.304
2024-09-17 09:30:00,1.1866,-1.8285,-39.673
2024-09-17 09:40:00,1.1917,-3.107,-80.935
2024-09-17 09:50:00,12.086,-3.107,-80.935
2024-09-17 12:30:00,1.5924,-104.05,-52.634
2024-09-17 12:40:00,9.2973,-78.197,-65.15
2024-09-17 12:50:00,1.4286,-78.197,-65.15
2024-09-17 13:20:00,42.523,-51.361,-31.145
2024-09-17 13:30:00,4.8159,-51.361,-31.145
2024-09-17 13:40:00,4.9143,-51.361,-31.145
2024-09-17 14:20:00,19.183,-104.82,-18.871
2024-09-17 14:30:00,9.6314,-83.497,-50.072
2024-09-17 14:40:00,90.239,-83.497,-50.072
2024-09-17 15:30:00,10.939,-48.439,-16.445
2024-09-17 15:40:00,8.2755,-65.878,-6.2998
2024-09-17 15:50:00,19.393,-65.878,-6.2998
2024-09-17 16:20:00,22.794,,
2024-09-17 16:30:00,20.831,,
2024-09-17 16:40:00,19.2,,
2024-09-17 17:10:00,45.818,-55.876,-10.837
2024-09-17 17:20:00,2.5402,-55.876,-10.837
2024-09-17 17:30:00,3.3608,-67.745,-12.138
2024-09-17 17:40:00,12.5,-67.745,-12.138
2024-09-17 18:30:00,8.2002,-32.27,-20.247
2024-09-17 18:50:00,0.50293,-18.3,-27.022
2024-09-18 06:30:00,-0.012435,-196.13,-53.126
2024-09-19 15:30:00,0.051892,-1515.4,520.12
2024-09-19 15:40:00,-0.11364,-1618.7,26792
